
Fatbin elf code:
================
arch = sm_110
code version = [1,8]
host = linux
compile_size = 64bit

	code for sm_110
	.target	sm_110

		Function : _ZN87_GLOBAL__N__1cc4304e_54_a3_guarded_rounding_native_20261002_r9_route_decode_cu_e867920f23postfixed_bounds_kernelEPKdPKlPdlii
	.headerflags	@"EF_CUDA_SM110 EF_CUDA_VIRTUAL_SM(EF_CUDA_SM110)"
        /*0000*/                   LDC R1, c[0x0][0x37c] ;                                /* 0x0000df00ff017b82 */
                                                                                          /* 0x000fe20000000800 */
        /*0010*/                   S2R R2, SR_TID.X ;                                     /* 0x0000000000027919 */
                                                                                          /* 0x000e2e0000002100 */
        /*0020*/                   S2UR UR4, SR_CTAID.X ;                                 /* 0x00000000000479c3 */
                                                                                          /* 0x000e220000002500 */
        /*0030*/                   LDCU.64 UR6, c[0x0][0x398] ;                           /* 0x00007300ff0677ac */
                                                                                          /* 0x000e620008000a00 */
        /*0040*/                   IMAD.MOV.U32 R3, RZ, RZ, RZ ;                          /* 0x000000ffff037224 */
                                                                                          /* 0x000fcc00078e00ff */
        /*0050*/                   LDC R5, c[0x0][0x360] ;                                /* 0x0000d800ff057b82 */
                                                                                          /* 0x000e240000000800 */
        /*0060*/                   IMAD.WIDE.U32 R2, R5, UR4, R2 ;                        /* 0x0000000405027c25 */
                                                                                          /* 0x001fc6000f8e0002 */
        /*0070*/                   ISETP.GE.U32.AND P0, PT, R2, UR6, PT ;                 /* 0x0000000602007c0c */
                                                                                          /* 0x002fc8000bf06070 */
        /*0080*/                   ISETP.GE.AND.EX P0, PT, R3, UR7, PT, P0 ;              /* 0x0000000703007c0c */
                                                                                          /* 0x000fda000bf06300 */
        /*0090*/               @P0 EXIT ;                                                 /* 0x000000000000094d */
                                                                                          /* 0x000fea0003800000 */
        /*00a0*/                   LDCU.128 UR8, c[0x0][0x380] ;                          /* 0x00007000ff0877ac */
                                                                                          /* 0x000e220008000c00 */
        /*00b0*/                   IMAD.SHL.U32 R0, R2.reuse, 0x8, RZ ;                   /* 0x0000000802007824 */
                                                                                          /* 0x040fe200078e00ff */
        /*00c0*/                   SHF.L.U64.HI R6, R2, 0x3, R3 ;                         /* 0x0000000302067819 */
                                                                                          /* 0x000fe20000010203 */
        /*00d0*/                   LDCU.64 UR6, c[0x0][0x358] ;                           /* 0x00006b00ff0677ac */
                                                                                          /* 0x000e660008000a00 */
        /*00e0*/                   IADD3 R2, P0, PT, R0, UR8, RZ ;                        /* 0x0000000800027c10 */
                                                                                          /* 0x001fc8000ff1e0ff */
        /*00f0*/                   IADD3.X R3, PT, PT, R6, UR9, RZ, P0, !PT ;             /* 0x0000000906037c10 */
                                                                                          /* 0x000fcc00087fe4ff */
        /*0100*/                   LDG.E.64 R2, desc[UR6][R2.64] ;                        /* 0x0000000602027981 */
                                                                                          /* 0x002ea2000c1e1b00 */
        /*0110*/                   IADD3 R4, P0, PT, R0, UR10, RZ ;                       /* 0x0000000a00047c10 */
                                                                                          /* 0x000fe2000ff1e0ff */
        /*0120*/                   BSSY.RECONVERGENT B0, 0x1b80 ;                         /* 0x00001a5000007945 */
                                                                                          /* 0x000fe20003800200 */
        /*0130*/                   CS2R R10, SRZ ;                                        /* 0x00000000000a7805 */
                                                                                          /* 0x000fe4000001ff00 */
        /*0140*/                   IADD3.X R5, PT, PT, R6, UR11, RZ, P0, !PT ;            /* 0x0000000b06057c10 */
                                                                                          /* 0x000fd000087fe4ff */
        /*0150*/                   DSETP.NEU.AND P0, PT, R2, RZ, PT ;                     /* 0x000000ff0200722a */
                                                                                          /* 0x004e240003f0d000 */
        /*0160*/              @!P0 BRA 0x1b70 ;                                           /* 0x0000001800808947 */
                                                                                          /* 0x001fea0003800000 */
        /*0170*/                   DSETP.NE.AND P0, PT, |R2|, +INF , PT ;                 /* 0x7ff000000200742a */
                                                                                          /* 0x000e220003f05200 */
        /*0180*/                   IMAD.MOV.U32 R10, RZ, RZ, 0x0 ;                        /* 0x00000000ff0a7424 */
                                                                                          /* 0x000fe400078e00ff */
        /*0190*/                   IMAD.MOV.U32 R11, RZ, RZ, 0x7ff00000 ;                 /* 0x7ff00000ff0b7424 */
                                                                                          /* 0x000fde00078e00ff */
        /*01a0*/                   NOP ;                                                  /* 0x0000000000007918 */
                                                                                          /* 0x000fde0000000000 */
        /*01b0*/                   NOP ;                                                  /* 0x0000000000007918 */
                                                                                          /* 0x000fde0000000000 */
        /*01c0*/                   NOP ;                                                  /* 0x0000000000007918 */
                                                                                          /* 0x000fde0000000000 */
        /*01d0*/                   NOP ;                                                  /* 0x0000000000007918 */
                                                                                          /* 0x000fc20000000000 */
        /*01e0*/                   DSETP.LT.OR P0, PT, R2, RZ, !P0 ;                      /* 0x000000ff0200722a */
                                                                                          /* 0x001e240004701400 */
        /*01f0*/               @P0 BRA 0x1b70 ;                                           /* 0x00000018005c0947 */
                                                                                          /* 0x001fea0003800000 */
        /*0200*/                   LDG.E R7, desc[UR6][R4.64] ;                           /* 0x0000000604077981 */
                                                                                          /* 0x0000a2000c1e1900 */
        /*0210*/                   IADD3 R8, P0, PT, RZ, R2, RZ ;                         /* 0x00000002ff087210 */
                                                                                          /* 0x000fe20007f1e0ff */
        /*0220*/                   LDCU UR4, c[0x0][0x3a0] ;                              /* 0x00007400ff0477ac */
                                                                                          /* 0x000e620008000800 */
        /*0230*/                   LOP3.LUT R9, R3, 0x7fffffff, RZ, 0xc0, !PT ;           /* 0x7fffffff03097812 */
                                                                                          /* 0x000fe200078ec0ff */
        /*0240*/                   IMAD.MOV.U32 R12, RZ, RZ, RZ ;                         /* 0x000000ffff0c7224 */
                                                                                          /* 0x000fe200078e00ff */
        /*0250*/                   ISETP.GT.U32.AND P2, PT, R2, -0x1, PT ;                /* 0xffffffff0200780c */
                                                                                          /* 0x000fe20003f44070 */
        /*0260*/                   BSSY.RECONVERGENT B1, 0x680 ;                          /* 0x0000041000017945 */
                                                                                          /* 0x000fe20003800200 */
        /*0270*/                   ISETP.LT.U32.AND P1, PT, R8, RZ, PT ;                  /* 0x000000ff0800720c */
                                                                                          /* 0x000fe20003f21070 */
        /*0280*/                   IMAD.MOV.U32 R15, RZ, RZ, RZ ;                         /* 0x000000ffff0f7224 */
                                                                                          /* 0x000fe200078e00ff */
        /*0290*/                   IADD3 R8, P3, PT, R2, -0x1, RZ ;                       /* 0xffffffff02087810 */
                                                                                          /* 0x000fe40007f7e0ff */
        /*02a0*/                   IADD3.X R9, PT, PT, R9, -0x100000, RZ, P0, !PT ;       /* 0xfff0000009097810 */
                                                                                          /* 0x000fc400007fe4ff */
        /*02b0*/                   ISETP.GT.AND.EX P2, PT, R3, -0x1, PT, P2 ;             /* 0xffffffff0300780c */
                                                                                          /* 0x000fe40003f44320 */
        /*02c0*/                   ISETP.LT.U32.AND P0, PT, R8, -0x1, PT ;                /* 0xffffffff0800780c */
                                                                                          /* 0x000fe40003f01070 */
        /*02d0*/                   ISETP.LT.U32.AND.EX P1, PT, R9, 0x7fe00000, P2, P1 ;   /* 0x7fe000000900780c */
                                                                                          /* 0x000fe40001721110 */
        /*02e0*/                   IADD3.X R8, PT, PT, R3, -0x1, RZ, P3, !PT ;            /* 0xffffffff03087810 */
                                                                                          /* 0x000fe20001ffe4ff */
        /*02f0*/                   UIADD3 UR4, UPT, UPT, UR4, 0x1, URZ ;                  /* 0x0000000104047890 */
                                                                                          /* 0x002fc6000fffe0ff */
        /*0300*/                   ISETP.LT.U32.OR.EX P0, PT, R8, 0xfffff, P1, P0 ;       /* 0x000fffff0800780c */
                                                                                          /* 0x000fc80000f01500 */
        /*0310*/                   SEL R9, RZ, 0x1, !P0 ;                                 /* 0x00000001ff097807 */
                                                                                          /* 0x000fe40004000000 */
        /*0320*/                   I2F.F64 R4, UR4 ;                                      /* 0x0000000400047d12 */
                                                                                          /* 0x001e240008201c00 */
        /*0330*/                   IADD3 R8, P0, PT, R2, R9, RZ ;                         /* 0x0000000902087210 */
                                                                                          /* 0x000fca0007f1e0ff */
        /*0340*/                   IMAD.X R9, RZ, RZ, R3, P0 ;                            /* 0x000000ffff097224 */
                                                                                          /* 0x000fca00000e0603 */
        /*0350*/                   SHF.R.U32.HI R10, RZ, 0x14, R9 ;                       /* 0x00000014ff0a7819 */
                                                                                          /* 0x000fde0000011609 */
        /*0360*/                   NOP ;                                                  /* 0x0000000000007918 */
                                                                                          /* 0x000fde0000000000 */
        /*0370*/                   NOP ;                                                  /* 0x0000000000007918 */
                                                                                          /* 0x000fde0000000000 */
        /*0380*/                   NOP ;                                                  /* 0x0000000000007918 */
                                                                                          /* 0x000fce0000000000 */
        /*0390*/                   DSETP.NEU.AND P0, PT, R8, RZ, PT ;                     /* 0x000000ff0800722a */
                                                                                          /* 0x000e620003f0d000 */
        /*03a0*/                   LOP3.LUT R10, R10, 0x7ff, RZ, 0xc0, !PT ;              /* 0x000007ff0a0a7812 */
                                                                                          /* 0x000fc800078ec0ff */
        /*03b0*/                   IADD3 R10, PT, PT, R10, -0x3ff, RZ ;                   /* 0xfffffc010a0a7810 */
                                                                                          /* 0x000fc80007ffe0ff */
        /*03c0*/                   SEL R10, R10, 0xffffd8f0, P0 ;                         /* 0xffffd8f00a0a7807 */
                                                                                          /* 0x002fc80000000000 */
        /*03d0*/                   IMNMX R10, R7, R10, !PT ;                              /* 0x0000000a070a7217 */
                                                                                          /* 0x004fc80007ffe200 */
        /*03e0*/                   IADD3 R10, PT, PT, R10, 0x3e6, RZ ;                    /* 0x000003e60a0a7810 */
                                                                                          /* 0x000fca0007ffe0ff */
        /*03f0*/                   IMAD.SHL.U32 R13, R10, 0x100000, RZ ;                  /* 0x001000000a0d7824 */
                                                                                          /* 0x000fe400078e00ff */
        /*0400*/                   IMAD.MOV.U32 R10, RZ, RZ, RZ ;                         /* 0x000000ffff0a7224 */
                                                                                          /* 0x000fde00078e00ff */
        /*0410*/                   NOP ;                                                  /* 0x0000000000007918 */
                                                                                          /* 0x000fde0000000000 */
        /*0420*/                   NOP ;                                                  /* 0x0000000000007918 */
                                                                                          /* 0x000fd40000000000 */
        /*0430*/                   DMUL R12, R4, R12 ;                                    /* 0x0000000c040c7228 */
                                                                                          /* 0x001e1e0000000000 */
        /*0440*/                   NOP ;                                                  /* 0x0000000000007918 */
                                                                                          /* 0x000fde0000000000 */
        /*0450*/                   NOP ;                                                  /* 0x0000000000007918 */
                                                                                          /* 0x000fde0000000000 */
        /*0460*/                   NOP ;                                                  /* 0x0000000000007918 */
                                                                                          /* 0x000fde0000000000 */
        /*0470*/                   NOP ;                                                  /* 0x0000000000007918 */
                                                                                          /* 0x000fc80000000000 */
        /*0480*/                   DADD R8, R12, R8 ;                                     /* 0x000000000c087229 */
                                                                                          /* 0x001e1e0000000008 */
        /*0490*/                   NOP ;                                                  /* 0x0000000000007918 */
                                                                                          /* 0x000fde0000000000 */
        /*04a0*/                   NOP ;                                                  /* 0x0000000000007918 */
                                                                                          /* 0x000fde0000000000 */
        /*04b0*/                   NOP ;                                                  /* 0x0000000000007918 */
                                                                                          /* 0x000fde0000000000 */
        /*04c0*/                   NOP ;                                                  /* 0x0000000000007918 */
                                                                                          /* 0x000fc80000000000 */
        /*04d0*/                   DSETP.NEU.AND P0, PT, R8, RZ, PT ;                     /* 0x000000ff0800722a */
                                                                                          /* 0x001e240003f0d000 */
        /*04e0*/              @!P0 BRA 0x670 ;                                            /* 0x0000000000608947 */
                                                                                          /* 0x001fea0003800000 */
        /*04f0*/                   DSETP.NAN.AND P0, PT, |R8|, +INF , PT ;                /* 0x7ff000000800742a */
                                                                                          /* 0x000e1e0003f08200 */
        /*0500*/                   NOP ;                                                  /* 0x0000000000007918 */
                                                                                          /* 0x000fde0000000000 */
        /*0510*/                   NOP ;                                                  /* 0x0000000000007918 */
                                                                                          /* 0x000fde0000000000 */
        /*0520*/                   NOP ;                                                  /* 0x0000000000007918 */
                                                                                          /* 0x000fde0000000000 */
        /*0530*/                   NOP ;                                                  /* 0x0000000000007918 */
                                                                                          /* 0x000fc80000000000 */
        /*0540*/               @P0 DADD R10, R8, +INF  ;                                  /* 0x7ff00000080a0429 */
                                                                                          /* 0x001e240000000000 */
        /*0550*/               @P0 IMAD.MOV.U32 R15, RZ, RZ, R11 ;                        /* 0x000000ffff0f0224 */
                                                                                          /* 0x001fe200078e000b */
        /*0560*/               @P0 BRA 0x670 ;                                            /* 0x0000000000400947 */
                                                                                          /* 0x000fec0003800000 */
        /*0570*/                   IADD3 R11, P0, PT, RZ, R8, RZ ;                        /* 0x00000008ff0b7210 */
                                                                                          /* 0x000fe40007f1e0ff */
        /*0580*/                   LOP3.LUT R10, R9, 0x7fffffff, RZ, 0xc0, !PT ;          /* 0x7fffffff090a7812 */
                                                                                          /* 0x000fe400078ec0ff */
        /*0590*/                   ISETP.GT.U32.AND P2, PT, R8, -0x1, PT ;                /* 0xffffffff0800780c */
                                                                                          /* 0x000fe40003f44070 */
        /*05a0*/                   ISETP.LT.U32.AND P1, PT, R11, RZ, PT ;                 /* 0x000000ff0b00720c */
                                                                                          /* 0x000fe40003f21070 */
        /*05b0*/                   IADD3.X R10, PT, PT, R10, -0x100000, RZ, P0, !PT ;     /* 0xfff000000a0a7810 */
                                                                                          /* 0x000fe400007fe4ff */
        /*05c0*/                   ISETP.GT.AND.EX P2, PT, R9, -0x1, PT, P2 ;             /* 0xffffffff0900780c */
                                                                                          /* 0x000fc40003f44320 */
        /*05d0*/                   IADD3 R11, P3, PT, R8, -0x1, RZ ;                      /* 0xffffffff080b7810 */
                                                                                          /* 0x000fe40007f7e0ff */
        /*05e0*/                   ISETP.LT.U32.AND.EX P1, PT, R10, 0x7fe00000, P2, P1 ;  /* 0x7fe000000a00780c */
                                                                                          /* 0x000fe40001721110 */
        /*05f0*/                   ISETP.LT.U32.AND P0, PT, R11, -0x1, PT ;               /* 0xffffffff0b00780c */
                                                                                          /* 0x000fe40003f01070 */
        /*0600*/                   IADD3.X R11, PT, PT, R9, -0x1, RZ, P3, !PT ;           /* 0xffffffff090b7810 */
                                                                                          /* 0x000fc80001ffe4ff */
        /*0610*/                   ISETP.LT.U32.OR.EX P0, PT, R11, 0xfffff, P1, P0 ;      /* 0x000fffff0b00780c */
                                                                                          /* 0x000fc80000f01500 */
        /*0620*/                   DSETP.GEU.AND P1, PT, R8, RZ, PT ;                     /* 0x000000ff0800722a */
                                                                                          /* 0x000e220003f2e000 */
        /*0630*/                   SEL R11, RZ, 0x1, !P0 ;                                /* 0x00000001ff0b7807 */
                                                                                          /* 0x000fe40004000000 */
        /*0640*/                   SEL R15, RZ, 0xffffffff, P1 ;                          /* 0xffffffffff0f7807 */
                                                                                          /* 0x001fc80000800000 */
        /*0650*/                   IADD3 R10, P0, P1, R11, R15, R8 ;                      /* 0x0000000f0b0a7210 */
                                                                                          /* 0x000fc8000791e008 */
        /*0660*/                   IADD3.X R15, PT, PT, RZ, R15, R9, P0, P1 ;             /* 0x0000000fff0f7210 */
                                                                                          /* 0x000fd200007e2409 */
        /*0670*/                   BSYNC.RECONVERGENT B1 ;                                /* 0x0000000000017941 */
                                                                                          /* 0x000fea0003800200 */
        /*0680*/                   SHF.R.U32.HI R14, RZ, 0x14, R15.reuse ;                /* 0x00000014ff0e7819 */
                                                                                          /* 0x100fe2000001160f */
        /*0690*/                   LDCU UR4, c[0x0][0x3a4] ;                              /* 0x00007480ff0477ac */
                                                                                          /* 0x000e220008000800 */
        /*06a0*/                   IMAD.MOV.U32 R8, RZ, RZ, R10 ;                         /* 0x000000ffff087224 */
                                                                                          /* 0x000fe200078e000a */
        /*06b0*/                   BSSY.RECONVERGENT B1, 0xa10 ;                          /* 0x0000035000017945 */
                                                                                          /* 0x000fe20003800200 */
        /*06c0*/                   LOP3.LUT R14, R14, 0x7ff, RZ, 0xc0, !PT ;              /* 0x000007ff0e0e7812 */
                                                                                          /* 0x000fe200078ec0ff */
        /*06d0*/                   IMAD.MOV.U32 R9, RZ, RZ, R15 ;                         /* 0x000000ffff097224 */
                                                                                          /* 0x000fc600078e000f */
        /*06e0*/                   IMNMX.U32 R14, R14, 0x381, !PT ;                       /* 0x000003810e0e7817 */
                                                                                          /* 0x000fc60007ffe000 */
        /*06f0*/                   DSETP.NEU.AND P0, PT, R8, RZ, PT ;                     /* 0x000000ff0800722a */
                                                                                          /* 0x0000620003f0d000 */
        /*0700*/                   IADD3 R14, PT, PT, R14, -0x17, RZ ;                    /* 0xffffffe90e0e7810 */
                                                                                          /* 0x000fca0007ffe0ff */
        /*0710*/                   IMAD.SHL.U32 R14, R14, 0x100000, RZ ;                  /* 0x001000000e0e7824 */
                                                                                          /* 0x000fde00078e00ff */
        /*0720*/                   NOP ;                                                  /* 0x0000000000007918 */
                                                                                          /* 0x000fde0000000000 */
        /*0730*/                   NOP ;                                                  /* 0x0000000000007918 */
                                                                                          /* 0x000fde0000000000 */
        /*0740*/                   NOP ;                                                  /* 0x0000000000007918 */
                                                                                          /* 0x000fda0000000000 */
        /*0750*/                   I2F.F64 R8, UR4 ;                                      /* 0x0000000400087d12 */
                                                                                          /* 0x001e220008201c00 */
        /*0760*/                   FSEL R15, R14, 4.76837158203125e-06, P0 ;              /* 0x36a000000e0f7808 */
                                                                                          /* 0x002fe20000000000 */
        /*0770*/                   IMAD.MOV.U32 R14, RZ, RZ, RZ ;                         /* 0x000000ffff0e7224 */
                                                                                          /* 0x000fde00078e00ff */
        /*0780*/                   NOP ;                                                  /* 0x0000000000007918 */
                                                                                          /* 0x000fde0000000000 */
        /*0790*/                   NOP ;                                                  /* 0x0000000000007918 */
                                                                                          /* 0x000fde0000000000 */
        /*07a0*/                   NOP ;                                                  /* 0x0000000000007918 */
                                                                                          /* 0x000fde0000000000 */
        /*07b0*/                   NOP ;                                                  /* 0x0000000000007918 */
                                                                                          /* 0x000fc40000000000 */
        /*07c0*/                   DADD R14, R12, R14 ;                                   /* 0x000000000c0e7229 */
                                                                                          /* 0x0002a4000000000e */
        /*07d0*/                   CS2R R12, SRZ ;                                        /* 0x00000000000c7805 */
                                                                                          /* 0x002fde000001ff00 */
        /*07e0*/                   NOP ;                                                  /* 0x0000000000007918 */
                                                                                          /* 0x000fde0000000000 */
        /*07f0*/                   NOP ;                                                  /* 0x0000000000007918 */
                                                                                          /* 0x000fde0000000000 */
        /*0800*/                   NOP ;                                                  /* 0x0000000000007918 */
                                                                                          /* 0x000fde0000000000 */
        /*0810*/                   NOP ;                                                  /* 0x0000000000007918 */
                                                                                          /* 0x000fc40000000000 */
        /*0820*/                   DSETP.NEU.AND P0, PT, R14, RZ, PT ;                    /* 0x000000ff0e00722a */
                                                                                          /* 0x004e5e0003f0d000 */
        /*0830*/                   NOP ;                                                  /* 0x0000000000007918 */
                                                                                          /* 0x000fde0000000000 */
        /*0840*/                   NOP ;                                                  /* 0x0000000000007918 */
                                                                                          /* 0x000fde0000000000 */
        /*0850*/                   NOP ;                                                  /* 0x0000000000007918 */
                                                                                          /* 0x000fde0000000000 */
        /*0860*/                   NOP ;                                                  /* 0x0000000000007918 */
                                                                                          /* 0x000fc80000000000 */
        /*0870*/                   DMUL R10, R8, 4 ;                                      /* 0x40100000080a7828 */
                                                                                          /* 0x0010a20000000000 */
        /*0880*/              @!P0 BRA 0xa00 ;                                            /* 0x00000000005c8947 */
                                                                                          /* 0x002fea0003800000 */
        /*0890*/                   DSETP.NAN.AND P0, PT, |R14|, +INF , PT ;               /* 0x7ff000000e00742a */
                                                                                          /* 0x000e5e0003f08200 */
        /*08a0*/                   NOP ;                                                  /* 0x0000000000007918 */
                                                                                          /* 0x000fde0000000000 */
        /*08b0*/                   NOP ;                                                  /* 0x0000000000007918 */
                                                                                          /* 0x000fde0000000000 */
        /*08c0*/                   NOP ;                                                  /* 0x0000000000007918 */
                                                                                          /* 0x000fde0000000000 */
        /*08d0*/                   NOP ;                                                  /* 0x0000000000007918 */
                                                                                          /* 0x000fc80000000000 */
        /*08e0*/               @P0 DADD R12, R14, +INF  ;                                 /* 0x7ff000000e0c0429 */
                                                                                          /* 0x0022e20000000000 */
        /*08f0*/               @P0 BRA 0xa00 ;                                            /* 0x0000000000400947 */
                                                                                          /* 0x000fea0003800000 */
        /*0900*/                   IADD3 R13, P0, PT, RZ, R14, RZ ;                       /* 0x0000000eff0d7210 */
                                                                                          /* 0x008fe40007f1e0ff */
        /*0910*/                   LOP3.LUT R12, R15, 0x7fffffff, RZ, 0xc0, !PT ;         /* 0x7fffffff0f0c7812 */
                                                                                          /* 0x000fe400078ec0ff */
        /*0920*/                   ISETP.GT.U32.AND P2, PT, R14, -0x1, PT ;               /* 0xffffffff0e00780c */
                                                                                          /* 0x000fe40003f44070 */
        /*0930*/                   ISETP.LT.U32.AND P1, PT, R13, RZ, PT ;                 /* 0x000000ff0d00720c */
                                                                                          /* 0x000fe40003f21070 */
        /*0940*/                   IADD3.X R12, PT, PT, R12, -0x100000, RZ, P0, !PT ;     /* 0xfff000000c0c7810 */
                                                                                          /* 0x000fe400007fe4ff */
        /*0950*/                   ISETP.GT.AND.EX P2, PT, R15, -0x1, PT, P2 ;            /* 0xffffffff0f00780c */
                                                                                          /* 0x000fc40003f44320 */
        /*0960*/                   IADD3 R13, P3, PT, R14, -0x1, RZ ;                     /* 0xffffffff0e0d7810 */
                                                                                          /* 0x000fe40007f7e0ff */
        /*0970*/                   ISETP.LT.U32.AND.EX P1, PT, R12, 0x7fe00000, P2, P1 ;  /* 0x7fe000000c00780c */
                                                                                          /* 0x000fe40001721110 */
        /*0980*/                   ISETP.LT.U32.AND P0, PT, R13, -0x1, PT ;               /* 0xffffffff0d00780c */
                                                                                          /* 0x000fe40003f01070 */
        /*0990*/                   IADD3.X R13, PT, PT, R15, -0x1, RZ, P3, !PT ;          /* 0xffffffff0f0d7810 */
                                                                                          /* 0x000fc80001ffe4ff */
        /*09a0*/                   ISETP.LT.U32.OR.EX P0, PT, R13, 0xfffff, P1, P0 ;      /* 0x000fffff0d00780c */
                                                                                          /* 0x000fc80000f01500 */
        /*09b0*/                   DSETP.GEU.AND P1, PT, R14, RZ, PT ;                    /* 0x000000ff0e00722a */
                                                                                          /* 0x000ee20003f2e000 */
        /*09c0*/                   SEL R13, RZ, 0x1, !P0 ;                                /* 0x00000001ff0d7807 */
                                                                                          /* 0x000fe40004000000 */
        /*09d0*/                   SEL R17, RZ, 0xffffffff, P1 ;                          /* 0xffffffffff117807 */
                                                                                          /* 0x008fc80000800000 */
        /*09e0*/                   IADD3 R12, P0, P1, R13, R17, R14 ;                     /* 0x000000110d0c7210 */
                                                                                          /* 0x000fc8000791e00e */
        /*09f0*/                   IADD3.X R13, PT, PT, RZ, R17, R15, P0, P1 ;            /* 0x00000011ff0d7210 */
                                                                                          /* 0x000fd200007e240f */
        /*0a00*/                   BSYNC.RECONVERGENT B1 ;                                /* 0x0000000000017941 */
                                                                                          /* 0x000fea0003800200 */
        /*0a10*/                   DMUL R12, R10, R12 ;                                   /* 0x0000000c0a0c7228 */
                                                                                          /* 0x00c4e20000000000 */
        /*0a20*/                   BSSY.RECONVERGENT B1, 0xc20 ;                          /* 0x000001f000017945 */
                                                                                          /* 0x000fe20003800200 */
        /*0a30*/                   CS2R R10, SRZ ;                                        /* 0x00000000000a7805 */
                                                                                          /* 0x004fde000001ff00 */
        /*0a40*/                   NOP ;                                                  /* 0x0000000000007918 */
                                                                                          /* 0x000fde0000000000 */
        /*0a50*/                   NOP ;                                                  /* 0x0000000000007918 */
                                                                                          /* 0x000fde0000000000 */
        /*0a60*/                   NOP ;                                                  /* 0x0000000000007918 */
                                                                                          /* 0x000fde0000000000 */
        /*0a70*/                   NOP ;                                                  /* 0x0000000000007918 */
                                                                                          /* 0x000fc40000000000 */
        /*0a80*/                   DSETP.NEU.AND P0, PT, R12, RZ, PT ;                    /* 0x000000ff0c00722a */
                                                                                          /* 0x008ea40003f0d000 */
        /*0a90*/              @!P0 BRA 0xc10 ;                                            /* 0x00000000005c8947 */
                                                                                          /* 0x004fea0003800000 */
        /*0aa0*/                   DSETP.NAN.AND P0, PT, |R12|, +INF , PT ;               /* 0x7ff000000c00742a */
                                                                                          /* 0x000e9e0003f08200 */
        /*0ab0*/                   NOP ;                                                  /* 0x0000000000007918 */
                                                                                          /* 0x000fde0000000000 */
        /*0ac0*/                   NOP ;                                                  /* 0x0000000000007918 */
                                                                                          /* 0x000fde0000000000 */
        /*0ad0*/                   NOP ;                                                  /* 0x0000000000007918 */
                                                                                          /* 0x000fde0000000000 */
        /*0ae0*/                   NOP ;                                                  /* 0x0000000000007918 */
                                                                                          /* 0x000fc80000000000 */
        /*0af0*/               @P0 DADD R10, R12, +INF  ;                                 /* 0x7ff000000c0a0429 */
                                                                                          /* 0x0044e20000000000 */
        /*0b00*/               @P0 BRA 0xc10 ;                                            /* 0x0000000000400947 */
                                                                                          /* 0x000fea0003800000 */
        /*0b10*/                   IADD3 R11, P0, PT, RZ, R12, RZ ;                       /* 0x0000000cff0b7210 */
                                                                                          /* 0x008fe40007f1e0ff */
        /*0b20*/                   LOP3.LUT R10, R13, 0x7fffffff, RZ, 0xc0, !PT ;         /* 0x7fffffff0d0a7812 */
                                                                                          /* 0x000fe400078ec0ff */
        /*0b30*/                   ISETP.GT.U32.AND P2, PT, R12, -0x1, PT ;               /* 0xffffffff0c00780c */
                                                                                          /* 0x000fe40003f44070 */
        /*0b40*/                   ISETP.LT.U32.AND P1, PT, R11, RZ, PT ;                 /* 0x000000ff0b00720c */
                                                                                          /* 0x000fe40003f21070 */
        /*0b50*/                   IADD3.X R10, PT, PT, R10, -0x100000, RZ, P0, !PT ;     /* 0xfff000000a0a7810 */
                                                                                          /* 0x000fe400007fe4ff */
        /*0b60*/                   ISETP.GT.AND.EX P2, PT, R13, -0x1, PT, P2 ;            /* 0xffffffff0d00780c */
                                                                                          /* 0x000fc40003f44320 */
        /*0b70*/                   IADD3 R11, P3, PT, R12, -0x1, RZ ;                     /* 0xffffffff0c0b7810 */
                                                                                          /* 0x000fe40007f7e0ff */
        /*0b80*/                   ISETP.LT.U32.AND.EX P1, PT, R10, 0x7fe00000, P2, P1 ;  /* 0x7fe000000a00780c */
                                                                                          /* 0x000fe40001721110 */
        /*0b90*/                   ISETP.LT.U32.AND P0, PT, R11, -0x1, PT ;               /* 0xffffffff0b00780c */
                                                                                          /* 0x000fe40003f01070 */
        /*0ba0*/                   IADD3.X R11, PT, PT, R13, -0x1, RZ, P3, !PT ;          /* 0xffffffff0d0b7810 */
                                                                                          /* 0x000fc80001ffe4ff */
        /*0bb0*/                   ISETP.LT.U32.OR.EX P0, PT, R11, 0xfffff, P1, P0 ;      /* 0x000fffff0b00780c */
                                                                                          /* 0x000fc80000f01500 */
        /*0bc0*/                   DSETP.GEU.AND P1, PT, R12, RZ, PT ;                    /* 0x000000ff0c00722a */
                                                                                          /* 0x000e620003f2e000 */
        /*0bd0*/                   SEL R11, RZ, 0x1, !P0 ;                                /* 0x00000001ff0b7807 */
                                                                                          /* 0x000fe40004000000 */
        /*0be0*/                   SEL R15, RZ, 0xffffffff, P1 ;                          /* 0xffffffffff0f7807 */
                                                                                          /* 0x002fc80000800000 */
        /*0bf0*/                   IADD3 R10, P0, P1, R11, R15, R12 ;                     /* 0x0000000f0b0a7210 */
                                                                                          /* 0x000fc8000791e00c */
        /*0c00*/                   IADD3.X R11, PT, PT, RZ, R15, R13, P0, P1 ;            /* 0x0000000fff0b7210 */
                                                                                          /* 0x000fd200007e240d */
        /*0c10*/                   BSYNC.RECONVERGENT B1 ;                                /* 0x0000000000017941 */
                                                                                          /* 0x000fea0003800200 */
        /*0c20*/                   IMAD.MOV.U32 R18, RZ, RZ, RZ ;                         /* 0x000000ffff127224 */
                                                                                          /* 0x00ffce00078e00ff */
        /*0c30*/                   DADD R12, R2, R10 ;                                    /* 0x00000000020c7229 */
                                                                                          /* 0x003e22000000000a */
        /*0c40*/                   BSSY.RECONVERGENT B1, 0xe40 ;                          /* 0x000001f000017945 */
                                                                                          /* 0x000fe20003800200 */
        /*0c50*/                   CS2R R14, SRZ ;                                        /* 0x00000000000e7805 */
                                                                                          /* 0x000fde000001ff00 */
        /*0c60*/                   NOP ;                                                  /* 0x0000000000007918 */
                                                                                          /* 0x000fde0000000000 */
        /*0c70*/                   NOP ;                                                  /* 0x0000000000007918 */
                                                                                          /* 0x000fde0000000000 */
        /*0c80*/                   NOP ;                                                  /* 0x0000000000007918 */
                                                                                          /* 0x000fde0000000000 */
        /*0c90*/                   NOP ;                                                  /* 0x0000000000007918 */
                                                                                          /* 0x000fc40000000000 */
        /*0ca0*/                   DSETP.NEU.AND P0, PT, R12, RZ, PT ;                    /* 0x000000ff0c00722a */
                                                                                          /* 0x001e240003f0d000 */
        /*0cb0*/              @!P0 BRA 0xe30 ;                                            /* 0x00000000005c8947 */
                                                                                          /* 0x001fea0003800000 */
        /*0cc0*/                   DSETP.NAN.AND P0, PT, |R12|, +INF , PT ;               /* 0x7ff000000c00742a */
                                                                                          /* 0x000e1e0003f08200 */
        /*0cd0*/                   NOP ;                                                  /* 0x0000000000007918 */
                                                                                          /* 0x000fde0000000000 */
        /*0ce0*/                   NOP ;                                                  /* 0x0000000000007918 */
                                                                                          /* 0x000fde0000000000 */
        /*0cf0*/                   NOP ;                                                  /* 0x0000000000007918 */
                                                                                          /* 0x000fde0000000000 */
        /*0d00*/                   NOP ;                                                  /* 0x0000000000007918 */
                                                                                          /* 0x000fc80000000000 */
        /*0d10*/               @P0 DADD R14, R12, +INF  ;                                 /* 0x7ff000000c0e0429 */
                                                                                          /* 0x0010620000000000 */
        /*0d20*/               @P0 BRA 0xe30 ;                                            /* 0x0000000000400947 */
                                                                                          /* 0x000fea0003800000 */
        /*0d30*/                   IADD3 R15, P0, PT, RZ, R12, RZ ;                       /* 0x0000000cff0f7210 */
                                                                                          /* 0x002fe40007f1e0ff */
        /*0d40*/                   LOP3.LUT R14, R13, 0x7fffffff, RZ, 0xc0, !PT ;         /* 0x7fffffff0d0e7812 */
                                                                                          /* 0x000fe400078ec0ff */
        /*0d50*/                   ISETP.GT.U32.AND P2, PT, R12, -0x1, PT ;               /* 0xffffffff0c00780c */
                                                                                          /* 0x000fe40003f44070 */
        /*0d60*/                   ISETP.LT.U32.AND P1, PT, R15, RZ, PT ;                 /* 0x000000ff0f00720c */
                                                                                          /* 0x000fe40003f21070 */
        /*0d70*/                   IADD3.X R14, PT, PT, R14, -0x100000, RZ, P0, !PT ;     /* 0xfff000000e0e7810 */
                                                                                          /* 0x000fe400007fe4ff */
        /*0d80*/                   ISETP.GT.AND.EX P2, PT, R13, -0x1, PT, P2 ;            /* 0xffffffff0d00780c */
                                                                                          /* 0x000fc40003f44320 */
        /*0d90*/                   IADD3 R15, P3, PT, R12, -0x1, RZ ;                     /* 0xffffffff0c0f7810 */
                                                                                          /* 0x000fe40007f7e0ff */
        /*0da0*/                   ISETP.LT.U32.AND.EX P1, PT, R14, 0x7fe00000, P2, P1 ;  /* 0x7fe000000e00780c */
                                                                                          /* 0x000fe40001721110 */
        /*0db0*/                   ISETP.LT.U32.AND P0, PT, R15, -0x1, PT ;               /* 0xffffffff0f00780c */
                                                                                          /* 0x000fe40003f01070 */
        /*0dc0*/                   IADD3.X R15, PT, PT, R13, -0x1, RZ, P3, !PT ;          /* 0xffffffff0d0f7810 */
                                                                                          /* 0x000fc80001ffe4ff */
        /*0dd0*/                   ISETP.LT.U32.OR.EX P0, PT, R15, 0xfffff, P1, P0 ;      /* 0x000fffff0f00780c */
                                                                                          /* 0x000fc80000f01500 */
        /*0de0*/                   DSETP.GEU.AND P1, PT, R12, RZ, PT ;                    /* 0x000000ff0c00722a */
                                                                                          /* 0x000e620003f2e000 */
        /*0df0*/                   SEL R15, RZ, 0x1, !P0 ;                                /* 0x00000001ff0f7807 */
                                                                                          /* 0x000fe40004000000 */
        /*0e00*/                   SEL R17, RZ, 0xffffffff, P1 ;                          /* 0xffffffffff117807 */
                                                                                          /* 0x002fc80000800000 */
        /*0e10*/                   IADD3 R14, P0, P1, R15, R17, R12 ;                     /* 0x000000110f0e7210 */
                                                                                          /* 0x000fc8000791e00c */
        /*0e20*/                   IADD3.X R15, PT, PT, RZ, R17, R13, P0, P1 ;            /* 0x00000011ff0f7210 */
                                                                                          /* 0x000fd200007e240d */
        /*0e30*/                   BSYNC.RECONVERGENT B1 ;                                /* 0x0000000000017941 */
                                                                                          /* 0x000fea0003800200 */
        /*0e40*/                   SHF.R.U32.HI R12, RZ, 0x14, R15 ;                      /* 0x00000014ff0c7819 */
                                                                                          /* 0x003fe2000001160f */
        /*0e50*/                   DSETP.NEU.AND P0, PT, R14, RZ, PT ;                    /* 0x000000ff0e00722a */
                                                                                          /* 0x000e220003f0d000 */
        /*0e60*/                   BSSY.RECONVERGENT B1, 0x1150 ;                         /* 0x000002e000017945 */
                                                                                          /* 0x000fe20003800200 */
        /*0e70*/                   CS2R R16, SRZ ;                                        /* 0x0000000000107805 */
                                                                                          /* 0x000fe2000001ff00 */
        /*0e80*/                   LOP3.LUT R12, R12, 0x7ff, RZ, 0xc0, !PT ;              /* 0x000007ff0c0c7812 */
                                                                                          /* 0x000fc800078ec0ff */
        /*0e90*/                   IADD3 R12, PT, PT, R12, -0x3ff, RZ ;                   /* 0xfffffc010c0c7810 */
                                                                                          /* 0x000fc80007ffe0ff */
        /*0ea0*/                   SEL R12, R12, 0xffffd8f0, P0 ;                         /* 0xffffd8f00c0c7807 */
                                                                                          /* 0x001fc80000000000 */
        /*0eb0*/                   IMNMX R12, R7, R12, !PT ;                              /* 0x0000000c070c7217 */
                                                                                          /* 0x000fc80007ffe200 */
        /*0ec0*/                   IADD3 R12, PT, PT, R12, 0x3e6, RZ ;                    /* 0x000003e60c0c7810 */
                                                                                          /* 0x000fca0007ffe0ff */
        /*0ed0*/                   IMAD.SHL.U32 R13, R12, 0x100000, RZ ;                  /* 0x001000000c0d7824 */
                                                                                          /* 0x000fe400078e00ff */
        /*0ee0*/                   IMAD.MOV.U32 R12, RZ, RZ, RZ ;                         /* 0x000000ffff0c7224 */
                                                                                          /* 0x000fde00078e00ff */
        /*0ef0*/                   NOP ;                                                  /* 0x0000000000007918 */
                                                                                          /* 0x000fde0000000000 */
        /*0f00*/                   NOP ;                                                  /* 0x0000000000007918 */
                                                                                          /* 0x000fd00000000000 */
        /*0f10*/                   DMUL R12, R4, R12 ;                                    /* 0x0000000c040c7228 */
                                                                                          /* 0x000e1e0000000000 */
        /*0f20*/                   NOP ;                                                  /* 0x0000000000007918 */
                                                                                          /* 0x000fde0000000000 */
        /*0f30*/                   NOP ;                                                  /* 0x0000000000007918 */
                                                                                          /* 0x000fde0000000000 */
        /*0f40*/                   NOP ;                                                  /* 0x0000000000007918 */
                                                                                          /* 0x000fde0000000000 */
        /*0f50*/                   NOP ;                                                  /* 0x0000000000007918 */
                                                                                          /* 0x000fc80000000000 */
        /*0f60*/                   DADD R14, R12, R14 ;                                   /* 0x000000000c0e7229 */
                                                                                          /* 0x001e1e000000000e */
        /*0f70*/                   NOP ;                                                  /* 0x0000000000007918 */
                                                                                          /* 0x000fde0000000000 */
        /*0f80*/                   NOP ;                                                  /* 0x0000000000007918 */
                                                                                          /* 0x000fde0000000000 */
        /*0f90*/                   NOP ;                                                  /* 0x0000000000007918 */
                                                                                          /* 0x000fde0000000000 */
        /*0fa0*/                   NOP ;                                                  /* 0x0000000000007918 */
                                                                                          /* 0x000fc80000000000 */
        /*0fb0*/                   DSETP.NEU.AND P0, PT, R14, RZ, PT ;                    /* 0x000000ff0e00722a */
                                                                                          /* 0x001e240003f0d000 */
        /*0fc0*/              @!P0 BRA 0x1140 ;                                           /* 0x00000000005c8947 */
                                                                                          /* 0x001fea0003800000 */
        /*0fd0*/                   DSETP.NAN.AND P0, PT, |R14|, +INF , PT ;               /* 0x7ff000000e00742a */
                                                                                          /* 0x000e1e0003f08200 */
        /*0fe0*/                   NOP ;                                                  /* 0x0000000000007918 */
                                                                                          /* 0x000fde0000000000 */
        /*0ff0*/                   NOP ;                                                  /* 0x0000000000007918 */
                                                                                          /* 0x000fde0000000000 */
        /*1000*/                   NOP ;                                                  /* 0x0000000000007918 */
                                                                                          /* 0x000fde0000000000 */
        /*1010*/                   NOP ;                                                  /* 0x0000000000007918 */
                                                                                          /* 0x000fc80000000000 */
        /*1020*/               @P0 DADD R16, R14, +INF  ;                                 /* 0x7ff000000e100429 */
                                                                                          /* 0x0010620000000000 */
        /*1030*/               @P0 BRA 0x1140 ;                                           /* 0x0000000000400947 */
                                                                                          /* 0x000fea0003800000 */
        /*1040*/                   IADD3 R17, P0, PT, RZ, R14, RZ ;                       /* 0x0000000eff117210 */
                                                                                          /* 0x002fe40007f1e0ff */
        /*1050*/                   LOP3.LUT R16, R15, 0x7fffffff, RZ, 0xc0, !PT ;         /* 0x7fffffff0f107812 */
                                                                                          /* 0x000fe400078ec0ff */
        /*1060*/                   ISETP.GT.U32.AND P2, PT, R14, -0x1, PT ;               /* 0xffffffff0e00780c */
                                                                                          /* 0x000fe40003f44070 */
        /*1070*/                   ISETP.LT.U32.AND P1, PT, R17, RZ, PT ;                 /* 0x000000ff1100720c */
                                                                                          /* 0x000fe40003f21070 */
        /*1080*/                   IADD3.X R16, PT, PT, R16, -0x100000, RZ, P0, !PT ;     /* 0xfff0000010107810 */
                                                                                          /* 0x000fe400007fe4ff */
        /*1090*/                   ISETP.GT.AND.EX P2, PT, R15, -0x1, PT, P2 ;            /* 0xffffffff0f00780c */
                                                                                          /* 0x000fc40003f44320 */
        /*10a0*/                   IADD3 R17, P3, PT, R14, -0x1, RZ ;                     /* 0xffffffff0e117810 */
                                                                                          /* 0x000fe40007f7e0ff */
        /*10b0*/                   ISETP.LT.U32.AND.EX P1, PT, R16, 0x7fe00000, P2, P1 ;  /* 0x7fe000001000780c */
                                                                                          /* 0x000fe40001721110 */
        /*10c0*/                   ISETP.LT.U32.AND P0, PT, R17, -0x1, PT ;               /* 0xffffffff1100780c */
                                                                                          /* 0x000fe40003f01070 */
        /*10d0*/                   IADD3.X R17, PT, PT, R15, -0x1, RZ, P3, !PT ;          /* 0xffffffff0f117810 */
                                                                                          /* 0x000fc80001ffe4ff */
        /*10e0*/                   ISETP.LT.U32.OR.EX P0, PT, R17, 0xfffff, P1, P0 ;      /* 0x000fffff1100780c */
                                                                                          /* 0x000fc80000f01500 */
        /*10f0*/                   DSETP.GEU.AND P1, PT, R14, RZ, PT ;                    /* 0x000000ff0e00722a */
                                                                                          /* 0x000e620003f2e000 */
        /*1100*/                   SEL R17, RZ, 0x1, !P0 ;                                /* 0x00000001ff117807 */
                                                                                          /* 0x000fe40004000000 */
        /*1110*/                   SEL R19, RZ, 0xffffffff, P1 ;                          /* 0xffffffffff137807 */
                                                                                          /* 0x002fc80000800000 */
        /*1120*/                   IADD3 R16, P0, P1, R17, R19, R14 ;                     /* 0x0000001311107210 */
                                                                                          /* 0x000fc8000791e00e */
        /*1130*/                   IADD3.X R17, PT, PT, RZ, R19, R15, P0, P1 ;            /* 0x00000013ff117210 */
                                                                                          /* 0x000fd200007e240f */
        /*1140*/                   BSYNC.RECONVERGENT B1 ;                                /* 0x0000000000017941 */
                                                                                          /* 0x000fea0003800200 */
        /*1150*/                   IMAD.MOV.U32 R14, RZ, RZ, R16 ;                        /* 0x000000ffff0e7224 */
                                                                                          /* 0x003fe200078e0010 */
        /*1160*/                   BSSY.RECONVERGENT B1, 0x1420 ;                         /* 0x000002b000017945 */
                                                                                          /* 0x000fe20003800200 */
        /*1170*/                   IMAD.MOV.U32 R15, RZ, RZ, R17 ;                        /* 0x000000ffff0f7224 */
                                                                                          /* 0x000fcc00078e0011 */
        /*1180*/                   DSETP.NEU.AND P0, PT, R14, RZ, PT ;                    /* 0x000000ff0e00722a */
                                                                                          /* 0x0000640003f0d000 */
        /*1190*/                   SHF.R.U32.HI R14, RZ, 0x14, R17 ;                      /* 0x00000014ff0e7819 */
                                                                                          /* 0x001fc80000011611 */
        /*11a0*/                   LOP3.LUT R14, R14, 0x7ff, RZ, 0xc0, !PT ;              /* 0x000007ff0e0e7812 */
                                                                                          /* 0x000fc800078ec0ff */
        /*11b0*/                   IMNMX.U32 R14, R14, 0x381, !PT ;                       /* 0x000003810e0e7817 */
                                                                                          /* 0x000fc80007ffe000 */
        /*11c0*/                   IADD3 R14, PT, PT, R14, -0x17, RZ ;                    /* 0xffffffe90e0e7810 */
                                                                                          /* 0x000fca0007ffe0ff */
        /*11d0*/                   IMAD.SHL.U32 R14, R14, 0x100000, RZ ;                  /* 0x001000000e0e7824 */
                                                                                          /* 0x000fca00078e00ff */
        /*11e0*/                   FSEL R15, R14, 4.76837158203125e-06, P0 ;              /* 0x36a000000e0f7808 */
                                                                                          /* 0x002fe20000000000 */
        /*11f0*/                   IMAD.MOV.U32 R14, RZ, RZ, RZ ;                         /* 0x000000ffff0e7224 */
                                                                                          /* 0x000fde00078e00ff */
        /*1200*/                   NOP ;                                                  /* 0x0000000000007918 */
                                                                                          /* 0x000fde0000000000 */
        /*1210*/                   NOP ;                                                  /* 0x0000000000007918 */
                                                                                          /* 0x000fd20000000000 */
        /*1220*/                   DADD R12, R12, R14 ;                                   /* 0x000000000c0c7229 */
                                                                                          /* 0x000064000000000e */
        /*1230*/                   IMAD.MOV.U32 R15, RZ, RZ, RZ ;                         /* 0x000000ffff0f7224 */
                                                                                          /* 0x001fde00078e00ff */
        /*1240*/                   NOP ;                                                  /* 0x0000000000007918 */
                                                                                          /* 0x000fde0000000000 */
        /*1250*/                   NOP ;                                                  /* 0x0000000000007918 */
                                                                                          /* 0x000fde0000000000 */
        /*1260*/                   NOP ;                                                  /* 0x0000000000007918 */
                                                                                          /* 0x000fde0000000000 */
        /*1270*/                   NOP ;                                                  /* 0x0000000000007918 */
                                                                                          /* 0x000fc40000000000 */
        /*1280*/                   DSETP.NEU.AND P0, PT, R12, RZ, PT ;                    /* 0x000000ff0c00722a */
                                                                                          /* 0x002e240003f0d000 */
        /*1290*/              @!P0 BRA 0x1410 ;                                           /* 0x00000000005c8947 */
                                                                                          /* 0x001fea0003800000 */
        /*12a0*/                   DSETP.NAN.AND P0, PT, |R12|, +INF , PT ;               /* 0x7ff000000c00742a */
                                                                                          /* 0x000e1e0003f08200 */
        /*12b0*/                   NOP ;                                                  /* 0x0000000000007918 */
                                                                                          /* 0x000fde0000000000 */
        /*12c0*/                   NOP ;                                                  /* 0x0000000000007918 */
                                                                                          /* 0x000fde0000000000 */
        /*12d0*/                   NOP ;                                                  /* 0x0000000000007918 */
                                                                                          /* 0x000fde0000000000 */
        /*12e0*/                   NOP ;                                                  /* 0x0000000000007918 */
                                                                                          /* 0x000fc80000000000 */
        /*12f0*/               @P0 DADD R14, R12, +INF  ;                                 /* 0x7ff000000c0e0429 */
                                                                                          /* 0x0010620000000000 */
        /*1300*/               @P0 BRA 0x1410 ;                                           /* 0x0000000000400947 */
                                                                                          /* 0x000fea0003800000 */
        /*1310*/                   IADD3 R15, P0, PT, RZ, R12, RZ ;                       /* 0x0000000cff0f7210 */
                                                                                          /* 0x002fe40007f1e0ff */
        /*1320*/                   LOP3.LUT R14, R13, 0x7fffffff, RZ, 0xc0, !PT ;         /* 0x7fffffff0d0e7812 */
                                                                                          /* 0x000fe400078ec0ff */
        /*1330*/                   ISETP.GT.U32.AND P2, PT, R12, -0x1, PT ;               /* 0xffffffff0c00780c */
                                                                                          /* 0x000fe40003f44070 */
        /*1340*/                   ISETP.LT.U32.AND P1, PT, R15, RZ, PT ;                 /* 0x000000ff0f00720c */
                                                                                          /* 0x000fe40003f21070 */
        /*1350*/                   IADD3.X R14, PT, PT, R14, -0x100000, RZ, P0, !PT ;     /* 0xfff000000e0e7810 */
                                                                                          /* 0x000fe400007fe4ff */
        /*1360*/                   ISETP.GT.AND.EX P2, PT, R13, -0x1, PT, P2 ;            /* 0xffffffff0d00780c */
                                                                                          /* 0x000fc40003f44320 */
        /*1370*/                   IADD3 R15, P3, PT, R12, -0x1, RZ ;                     /* 0xffffffff0c0f7810 */
                                                                                          /* 0x000fe40007f7e0ff */
        /*1380*/                   ISETP.LT.U32.AND.EX P1, PT, R14, 0x7fe00000, P2, P1 ;  /* 0x7fe000000e00780c */
                                                                                          /* 0x000fe40001721110 */
        /*1390*/                   ISETP.LT.U32.AND P0, PT, R15, -0x1, PT ;               /* 0xffffffff0f00780c */
                                                                                          /* 0x000fe40003f01070 */
        /*13a0*/                   IADD3.X R15, PT, PT, R13, -0x1, RZ, P3, !PT ;          /* 0xffffffff0d0f7810 */
                                                                                          /* 0x000fc80001ffe4ff */
        /*13b0*/                   ISETP.LT.U32.OR.EX P0, PT, R15, 0xfffff, P1, P0 ;      /* 0x000fffff0f00780c */
                                                                                          /* 0x000fc80000f01500 */
        /*13c0*/                   DSETP.GEU.AND P1, PT, R12, RZ, PT ;                    /* 0x000000ff0c00722a */
                                                                                          /* 0x000e620003f2e000 */
        /*13d0*/                   SEL R15, RZ, 0x1, !P0 ;                                /* 0x00000001ff0f7807 */
                                                                                          /* 0x000fe40004000000 */
        /*13e0*/                   SEL R17, RZ, 0xffffffff, P1 ;                          /* 0xffffffffff117807 */
                                                                                          /* 0x002fc80000800000 */
        /*13f0*/                   IADD3 R14, P0, P1, R15, R17, R12 ;                     /* 0x000000110f0e7210 */
                                                                                          /* 0x000fc8000791e00c */
        /*1400*/                   IADD3.X R15, PT, PT, RZ, R17, R13, P0, P1 ;            /* 0x00000011ff0f7210 */
                                                                                          /* 0x000fd200007e240d */
        /*1410*/                   BSYNC.RECONVERGENT B1 ;                                /* 0x0000000000017941 */
                                                                                          /* 0x000fea0003800200 */
        /*1420*/                   DSETP.NE.AND P0, PT, |R10|, +INF , PT ;                /* 0x7ff000000a00742a */
                                                                                          /* 0x000ea20003f05200 */
        /*1430*/                   BSSY.RELIABLE B1, 0x1910 ;                             /* 0x000004d000017945 */
                                                                                          /* 0x000fe20003800100 */
        /*1440*/                   IMAD.MOV.U32 R12, RZ, RZ, R14 ;                        /* 0x000000ffff0c7224 */
                                                                                          /* 0x003fe400078e000e */
        /*1450*/                   IMAD.MOV.U32 R13, RZ, RZ, R15 ;                        /* 0x000000ffff0d7224 */
                                                                                          /* 0x000fe200078e000f */
        /*1460*/              @!P0 BRA 0x1900 ;                                           /* 0x0000000400248947 */
                                                                                          /* 0x004fec0003800000 */
        /*1470*/                   DMUL R12, R12, R8 ;                                    /* 0x000000080c0c7228 */
                                                                                          /* 0x000e220000000000 */
        /*1480*/                   BSSY.RECONVERGENT B2, 0x1680 ;                         /* 0x000001f000027945 */
                                                                                          /* 0x000fe20003800200 */
        /*1490*/                   CS2R R14, SRZ ;                                        /* 0x00000000000e7805 */
                                                                                          /* 0x000fde000001ff00 */
        /*14a0*/                   NOP ;                                                  /* 0x0000000000007918 */
                                                                                          /* 0x000fde0000000000 */
        /*14b0*/                   NOP ;                                                  /* 0x0000000000007918 */
                                                                                          /* 0x000fde0000000000 */
        /*14c0*/                   NOP ;                                                  /* 0x0000000000007918 */
                                                                                          /* 0x000fde0000000000 */
        /*14d0*/                   NOP ;                                                  /* 0x0000000000007918 */
                                                                                          /* 0x000fc40000000000 */
        /*14e0*/                   DSETP.NEU.AND P0, PT, R12, RZ, PT ;                    /* 0x000000ff0c00722a */
                                                                                          /* 0x001e240003f0d000 */
        /*14f0*/              @!P0 BRA 0x1670 ;                                           /* 0x00000000005c8947 */
                                                                                          /* 0x001fea0003800000 */
        /*1500*/                   DSETP.NAN.AND P0, PT, |R12|, +INF , PT ;               /* 0x7ff000000c00742a */
                                                                                          /* 0x000e1e0003f08200 */
        /*1510*/                   NOP ;                                                  /* 0x0000000000007918 */
                                                                                          /* 0x000fde0000000000 */
        /*1520*/                   NOP ;                                                  /* 0x0000000000007918 */
                                                                                          /* 0x000fde0000000000 */
        /*1530*/                   NOP ;                                                  /* 0x0000000000007918 */
                                                                                          /* 0x000fde0000000000 */
        /*1540*/                   NOP ;                                                  /* 0x0000000000007918 */
                                                                                          /* 0x000fc80000000000 */
        /*1550*/               @P0 DADD R14, R12, +INF  ;                                 /* 0x7ff000000c0e0429 */
                                                                                          /* 0x0010620000000000 */
        /*1560*/               @P0 BRA 0x1670 ;                                           /* 0x0000000000400947 */
                                                                                          /* 0x000fea0003800000 */
        /*1570*/                   IADD3 R15, P0, PT, RZ, R12, RZ ;                       /* 0x0000000cff0f7210 */
                                                                                          /* 0x002fe40007f1e0ff */
        /*1580*/                   LOP3.LUT R14, R13, 0x7fffffff, RZ, 0xc0, !PT ;         /* 0x7fffffff0d0e7812 */
                                                                                          /* 0x000fe400078ec0ff */
        /*1590*/                   ISETP.GT.U32.AND P2, PT, R12, -0x1, PT ;               /* 0xffffffff0c00780c */
                                                                                          /* 0x000fe40003f44070 */
        /*15a0*/                   ISETP.LT.U32.AND P1, PT, R15, RZ, PT ;                 /* 0x000000ff0f00720c */
                                                                                          /* 0x000fe40003f21070 */
        /*15b0*/                   IADD3.X R14, PT, PT, R14, -0x100000, RZ, P0, !PT ;     /* 0xfff000000e0e7810 */
                                                                                          /* 0x000fe400007fe4ff */
        /*15c0*/                   ISETP.GT.AND.EX P2, PT, R13, -0x1, PT, P2 ;            /* 0xffffffff0d00780c */
                                                                                          /* 0x000fc40003f44320 */
        /*15d0*/                   IADD3 R15, P3, PT, R12, -0x1, RZ ;                     /* 0xffffffff0c0f7810 */
                                                                                          /* 0x000fe40007f7e0ff */
        /*15e0*/                   ISETP.LT.U32.AND.EX P1, PT, R14, 0x7fe00000, P2, P1 ;  /* 0x7fe000000e00780c */
                                                                                          /* 0x000fe40001721110 */
        /*15f0*/                   ISETP.LT.U32.AND P0, PT, R15, -0x1, PT ;               /* 0xffffffff0f00780c */
                                                                                          /* 0x000fe40003f01070 */
        /*1600*/                   IADD3.X R15, PT, PT, R13, -0x1, RZ, P3, !PT ;          /* 0xffffffff0d0f7810 */
                                                                                          /* 0x000fc80001ffe4ff */
        /*1610*/                   ISETP.LT.U32.OR.EX P0, PT, R15, 0xfffff, P1, P0 ;      /* 0x000fffff0f00780c */
                                                                                          /* 0x000fc80000f01500 */
        /*1620*/                   DSETP.GEU.AND P1, PT, R12, RZ, PT ;                    /* 0x000000ff0c00722a */
                                                                                          /* 0x000e620003f2e000 */
        /*1630*/                   SEL R15, RZ, 0x1, !P0 ;                                /* 0x00000001ff0f7807 */
                                                                                          /* 0x000fe40004000000 */
        /*1640*/                   SEL R17, RZ, 0xffffffff, P1 ;                          /* 0xffffffffff117807 */
                                                                                          /* 0x002fc80000800000 */
        /*1650*/                   IADD3 R14, P0, P1, R15, R17, R12 ;                     /* 0x000000110f0e7210 */
                                                                                          /* 0x000fc8000791e00c */
        /*1660*/                   IADD3.X R15, PT, PT, RZ, R17, R13, P0, P1 ;            /* 0x00000011ff0f7210 */
                                                                                          /* 0x000fd200007e240d */
        /*1670*/                   BSYNC.RECONVERGENT B2 ;                                /* 0x0000000000027941 */
                                                                                          /* 0x000fea0003800200 */
        /*1680*/                   IMAD.MOV.U32 R12, RZ, RZ, R14 ;                        /* 0x000000ffff0c7224 */
                                                                                          /* 0x003fe200078e000e */
        /*1690*/                   BSSY.RECONVERGENT B2, 0x18b0 ;                         /* 0x0000021000027945 */
                                                                                          /* 0x000fe20003800200 */
        /*16a0*/                   IMAD.MOV.U32 R13, RZ, RZ, R15 ;                        /* 0x000000ffff0d7224 */
                                                                                          /* 0x000fe200078e000f */
        /*16b0*/                   CS2R R14, SRZ ;                                        /* 0x00000000000e7805 */
                                                                                          /* 0x000fca000001ff00 */
        /*16c0*/                   DADD R12, R12, R12 ;                                   /* 0x000000000c0c7229 */
                                                                                          /* 0x000e1e000000000c */
        /*16d0*/                   NOP ;                                                  /* 0x0000000000007918 */
                                                                                          /* 0x000fde0000000000 */
        /*16e0*/                   NOP ;                                                  /* 0x0000000000007918 */
                                                                                          /* 0x000fde0000000000 */
        /*16f0*/                   NOP ;                                                  /* 0x0000000000007918 */
                                                                                          /* 0x000fde0000000000 */
        /*1700*/                   NOP ;                                                  /* 0x0000000000007918 */
                                                                                          /* 0x000fc80000000000 */
        /*1710*/                   DSETP.NEU.AND P0, PT, R12, RZ, PT ;                    /* 0x000000ff0c00722a */
                                                                                          /* 0x001e240003f0d000 */
        /*1720*/              @!P0 BRA 0x18a0 ;                                           /* 0x00000000005c8947 */
                                                                                          /* 0x001fea0003800000 */
        /*1730*/                   DSETP.NAN.AND P0, PT, |R12|, +INF , PT ;               /* 0x7ff000000c00742a */
                                                                                          /* 0x000e1e0003f08200 */
        /*1740*/                   NOP ;                                                  /* 0x0000000000007918 */
                                                                                          /* 0x000fde0000000000 */
        /*1750*/                   NOP ;                                                  /* 0x0000000000007918 */
                                                                                          /* 0x000fde0000000000 */
        /*1760*/                   NOP ;                                                  /* 0x0000000000007918 */
                                                                                          /* 0x000fde0000000000 */
        /*1770*/                   NOP ;                                                  /* 0x0000000000007918 */
                                                                                          /* 0x000fc80000000000 */
        /*1780*/               @P0 DADD R14, R12, +INF  ;                                 /* 0x7ff000000c0e0429 */
                                                                                          /* 0x0010620000000000 */
        /*1790*/               @P0 BRA 0x18a0 ;                                           /* 0x0000000000400947 */
                                                                                          /* 0x000fea0003800000 */
        /*17a0*/                   IADD3 R15, P0, PT, RZ, R12, RZ ;                       /* 0x0000000cff0f7210 */
                                                                                          /* 0x002fe40007f1e0ff */
        /*17b0*/                   LOP3.LUT R14, R13, 0x7fffffff, RZ, 0xc0, !PT ;         /* 0x7fffffff0d0e7812 */
                                                                                          /* 0x000fe400078ec0ff */
        /*17c0*/                   ISETP.GT.U32.AND P2, PT, R12, -0x1, PT ;               /* 0xffffffff0c00780c */
                                                                                          /* 0x000fe40003f44070 */
        /*17d0*/                   ISETP.LT.U32.AND P1, PT, R15, RZ, PT ;                 /* 0x000000ff0f00720c */
                                                                                          /* 0x000fe40003f21070 */
        /*17e0*/                   IADD3.X R14, PT, PT, R14, -0x100000, RZ, P0, !PT ;     /* 0xfff000000e0e7810 */
                                                                                          /* 0x000fe400007fe4ff */
        /*17f0*/                   ISETP.GT.AND.EX P2, PT, R13, -0x1, PT, P2 ;            /* 0xffffffff0d00780c */
                                                                                          /* 0x000fc40003f44320 */
        /*1800*/                   IADD3 R15, P3, PT, R12, -0x1, RZ ;                     /* 0xffffffff0c0f7810 */
                                                                                          /* 0x000fe40007f7e0ff */
        /*1810*/                   ISETP.LT.U32.AND.EX P1, PT, R14, 0x7fe00000, P2, P1 ;  /* 0x7fe000000e00780c */
                                                                                          /* 0x000fe40001721110 */
        /*1820*/                   ISETP.LT.U32.AND P0, PT, R15, -0x1, PT ;               /* 0xffffffff0f00780c */
                                                                                          /* 0x000fe40003f01070 */
        /*1830*/                   IADD3.X R15, PT, PT, R13, -0x1, RZ, P3, !PT ;          /* 0xffffffff0d0f7810 */
                                                                                          /* 0x000fc80001ffe4ff */
        /*1840*/                   ISETP.LT.U32.OR.EX P0, PT, R15, 0xfffff, P1, P0 ;      /* 0x000fffff0f00780c */
                                                                                          /* 0x000fc80000f01500 */
        /*1850*/                   DSETP.GEU.AND P1, PT, R12, RZ, PT ;                    /* 0x000000ff0c00722a */
                                                                                          /* 0x000e620003f2e000 */
        /*1860*/                   SEL R15, RZ, 0x1, !P0 ;                                /* 0x00000001ff0f7807 */
                                                                                          /* 0x000fe40004000000 */
        /*1870*/                   SEL R17, RZ, 0xffffffff, P1 ;                          /* 0xffffffffff117807 */
                                                                                          /* 0x002fc80000800000 */
        /*1880*/                   IADD3 R14, P0, P1, R15, R17, R12 ;                     /* 0x000000110f0e7210 */
                                                                                          /* 0x000fc8000791e00c */
        /*1890*/                   IADD3.X R15, PT, PT, RZ, R17, R13, P0, P1 ;            /* 0x00000011ff0f7210 */
                                                                                          /* 0x000fd200007e240d */
        /*18a0*/                   BSYNC.RECONVERGENT B2 ;                                /* 0x0000000000027941 */
                                                                                          /* 0x000fea0003800200 */
        /*18b0*/                   IMAD.MOV.U32 R12, RZ, RZ, R14 ;                        /* 0x000000ffff0c7224 */
                                                                                          /* 0x003fe400078e000e */
        /*18c0*/                   IMAD.MOV.U32 R13, RZ, RZ, R15 ;                        /* 0x000000ffff0d7224 */
                                                                                          /* 0x000fcc00078e000f */
        /*18d0*/                   DSETP.GE.AND P0, PT, R10, R12, PT ;                    /* 0x0000000c0a00722a */
                                                                                          /* 0x000e240003f06000 */
        /*18e0*/               @P0 BREAK.RELIABLE B1 ;                                    /* 0x0000000000010942 */
                                                                                          /* 0x001fea0003800100 */
        /*18f0*/               @P0 BRA 0x1b70 ;                                           /* 0x00000000009c0947 */
                                                                                          /* 0x000fea0003800000 */
        /*1900*/                   BSYNC.RELIABLE B1 ;                                    /* 0x0000000000017941 */
                                                                                          /* 0x000fea0003800100 */
        /*1910*/                   DADD R12, R10, R10 ;                                   /* 0x000000000a0c7229 */
                                                                                          /* 0x000062000000000a */
        /*1920*/                   BSSY.RECONVERGENT B1, 0x1b20 ;                         /* 0x000001f000017945 */
                                                                                          /* 0x000fe20003800200 */
        /*1930*/                   CS2R R10, SRZ ;                                        /* 0x00000000000a7805 */
                                                                                          /* 0x001fde000001ff00 */
        /*1940*/                   NOP ;                                                  /* 0x0000000000007918 */
                                                                                          /* 0x000fde0000000000 */
        /*1950*/                   NOP ;                                                  /* 0x0000000000007918 */
                                                                                          /* 0x000fde0000000000 */
        /*1960*/                   NOP ;                                                  /* 0x0000000000007918 */
                                                                                          /* 0x000fde0000000000 */
        /*1970*/                   NOP ;                                                  /* 0x0000000000007918 */
                                                                                          /* 0x000fc40000000000 */
        /*1980*/                   DSETP.NEU.AND P0, PT, R12, RZ, PT ;                    /* 0x000000ff0c00722a */
                                                                                          /* 0x002e240003f0d000 */
        /*1990*/              @!P0 BRA 0x1b10 ;                                           /* 0x00000000005c8947 */
                                                                                          /* 0x001fea0003800000 */
        /*19a0*/                   DSETP.NAN.AND P0, PT, |R12|, +INF , PT ;               /* 0x7ff000000c00742a */
                                                                                          /* 0x000e1e0003f08200 */
        /*19b0*/                   NOP ;                                                  /* 0x0000000000007918 */
                                                                                          /* 0x000fde0000000000 */
        /*19c0*/                   NOP ;                                                  /* 0x0000000000007918 */
                                                                                          /* 0x000fde0000000000 */
        /*19d0*/                   NOP ;                                                  /* 0x0000000000007918 */
                                                                                          /* 0x000fde0000000000 */
        /*19e0*/                   NOP ;                                                  /* 0x0000000000007918 */
                                                                                          /* 0x000fc80000000000 */
        /*19f0*/               @P0 DADD R10, R12, +INF  ;                                 /* 0x7ff000000c0a0429 */
                                                                                          /* 0x0010620000000000 */
        /*1a00*/               @P0 BRA 0x1b10 ;                                           /* 0x0000000000400947 */
                                                                                          /* 0x000fea0003800000 */
        /*1a10*/                   IADD3 R11, P0, PT, RZ, R12, RZ ;                       /* 0x0000000cff0b7210 */
                                                                                          /* 0x002fe40007f1e0ff */
        /*1a20*/                   LOP3.LUT R10, R13, 0x7fffffff, RZ, 0xc0, !PT ;         /* 0x7fffffff0d0a7812 */
                                                                                          /* 0x000fe400078ec0ff */
        /*1a30*/                   ISETP.GT.U32.AND P2, PT, R12, -0x1, PT ;               /* 0xffffffff0c00780c */
                                                                                          /* 0x000fe40003f44070 */
        /*1a40*/                   ISETP.LT.U32.AND P1, PT, R11, RZ, PT ;                 /* 0x000000ff0b00720c */
                                                                                          /* 0x000fe40003f21070 */
        /*1a50*/                   IADD3.X R10, PT, PT, R10, -0x100000, RZ, P0, !PT ;     /* 0xfff000000a0a7810 */
                                                                                          /* 0x000fe400007fe4ff */
        /*1a60*/                   ISETP.GT.AND.EX P2, PT, R13, -0x1, PT, P2 ;            /* 0xffffffff0d00780c */
                                                                                          /* 0x000fc40003f44320 */
        /*1a70*/                   IADD3 R11, P3, PT, R12, -0x1, RZ ;                     /* 0xffffffff0c0b7810 */
                                                                                          /* 0x000fe40007f7e0ff */
        /*1a80*/                   ISETP.LT.U32.AND.EX P1, PT, R10, 0x7fe00000, P2, P1 ;  /* 0x7fe000000a00780c */
                                                                                          /* 0x000fe40001721110 */
        /*1a90*/                   ISETP.LT.U32.AND P0, PT, R11, -0x1, PT ;               /* 0xffffffff0b00780c */
                                                                                          /* 0x000fe40003f01070 */
        /*1aa0*/                   IADD3.X R11, PT, PT, R13, -0x1, RZ, P3, !PT ;          /* 0xffffffff0d0b7810 */
                                                                                          /* 0x000fc80001ffe4ff */
        /*1ab0*/                   ISETP.LT.U32.OR.EX P0, PT, R11, 0xfffff, P1, P0 ;      /* 0x000fffff0b00780c */
                                                                                          /* 0x000fc80000f01500 */
        /*1ac0*/                   DSETP.GEU.AND P1, PT, R12, RZ, PT ;                    /* 0x000000ff0c00722a */
                                                                                          /* 0x000e620003f2e000 */
        /*1ad0*/                   SEL R11, RZ, 0x1, !P0 ;                                /* 0x00000001ff0b7807 */
                                                                                          /* 0x000fe40004000000 */
        /*1ae0*/                   SEL R15, RZ, 0xffffffff, P1 ;                          /* 0xffffffffff0f7807 */
                                                                                          /* 0x002fc80000800000 */
        /*1af0*/                   IADD3 R10, P0, P1, R11, R15, R12 ;                     /* 0x0000000f0b0a7210 */
                                                                                          /* 0x000fc8000791e00c */
        /*1b00*/                   IADD3.X R11, PT, PT, RZ, R15, R13, P0, P1 ;            /* 0x0000000fff0b7210 */
                                                                                          /* 0x000fd200007e240d */
        /*1b10*/                   BSYNC.RECONVERGENT B1 ;                                /* 0x0000000000017941 */
                                                                                          /* 0x000fea0003800200 */
        /*1b20*/                   IADD3 R18, PT, PT, R18, 0x1, RZ ;                      /* 0x0000000112127810 */
                                                                                          /* 0x000fc80007ffe0ff */
        /*1b30*/                   ISETP.NE.U32.AND P0, PT, R18, 0x8, PT ;                /* 0x000000081200780c */
                                                                                          /* 0x000fda0003f05070 */
        /*1b40*/               @P0 BRA 0xc30 ;                                            /* 0xfffffff000380947 */
                                                                                          /* 0x000fea000383ffff */
        /*1b50*/                   IMAD.MOV.U32 R10, RZ, RZ, 0x0 ;                        /* 0x00000000ff0a7424 */
                                                                                          /* 0x002fe400078e00ff */
        /*1b60*/                   IMAD.MOV.U32 R11, RZ, RZ, 0x7ff00000 ;                 /* 0x7ff00000ff0b7424 */
                                                                                          /* 0x000fce00078e00ff */
        /*1b70*/                   BSYNC.RECONVERGENT B0 ;                                /* 0x0000000000007941 */
                                                                                          /* 0x000fea0003800200 */
        /*1b80*/                   WARPSYNC.ALL ;                                         /* 0x0000000000007948 */
                                                                                          /* 0x000fea0003800000 */
        /*1b90*/                   LDCU.64 UR4, c[0x0][0x390] ;                           /* 0x00007200ff0477ac */
                                                                                          /* 0x000e640008000a00 */
        /*1ba0*/                   IADD3 R2, P0, PT, R0, UR4, RZ ;                        /* 0x0000000400027c10 */
                                                                                          /* 0x002fc8000ff1e0ff */
        /*1bb0*/                   IADD3.X R3, PT, PT, R6, UR5, RZ, P0, !PT ;             /* 0x0000000506037c10 */
                                                                                          /* 0x000fca00087fe4ff */
        /*1bc0*/                   STG.E.64 desc[UR6][R2.64], R10 ;                       /* 0x0000000a02007986 */
                                                                                          /* 0x000fe2000c101b06 */
        /*1bd0*/                   EXIT ;                                                 /* 0x000000000000794d */
                                                                                          /* 0x000fea0003800000 */
        /*1be0*/                   BRA 0x1be0;                                            /* 0xfffffffc00fc7947 */
                                                                                          /* 0x000fc0000383ffff */
        /*1bf0*/                   NOP;                                                   /* 0x0000000000007918 */
                                                                                          /* 0x000fc00000000000 */
        /*1c00*/                   NOP;                                                   /* 0x0000000000007918 */
                                                                                          /* 0x000fc00000000000 */
        /*1c10*/                   NOP;                                                   /* 0x0000000000007918 */
                                                                                          /* 0x000fc00000000000 */
        /*1c20*/                   NOP;                                                   /* 0x0000000000007918 */
                                                                                          /* 0x000fc00000000000 */
        /*1c30*/                   NOP;                                                   /* 0x0000000000007918 */
                                                                                          /* 0x000fc00000000000 */
        /*1c40*/                   NOP;                                                   /* 0x0000000000007918 */
                                                                                          /* 0x000fc00000000000 */
        /*1c50*/                   NOP;                                                   /* 0x0000000000007918 */
                                                                                          /* 0x000fc00000000000 */
        /*1c60*/                   NOP;                                                   /* 0x0000000000007918 */
                                                                                          /* 0x000fc00000000000 */
        /*1c70*/                   NOP;                                                   /* 0x0000000000007918 */
                                                                                          /* 0x000fc00000000000 */
		..........


		Function : _ZN87_GLOBAL__N__1cc4304e_54_a3_guarded_rounding_native_20261002_r9_route_decode_cu_e867920f17activation_kernelEPKfPKlP13__nv_bfloat16Pfiii
	.headerflags	@"EF_CUDA_SM110 EF_CUDA_VIRTUAL_SM(EF_CUDA_SM110)"
        /*0000*/                   LDC R1, c[0x0][0x37c] ;                                /* 0x0000df00ff017b82 */
                                                                                          /* 0x000fe20000000800 */
        /*0010*/                   S2R R4, SR_TID.X ;                                     /* 0x0000000000047919 */
                                                                                          /* 0x000e220000002100 */
        /*0020*/                   LDCU.64 UR8, c[0x0][0x3a0] ;                           /* 0x00007400ff0877ac */
                                                                                          /* 0x000e6c0008000a00 */
        /*0030*/                   S2UR UR7, SR_CTAID.X ;                                 /* 0x00000000000779c3 */
                                                                                          /* 0x000e220000002500 */
        /*0040*/                   IMAD.MOV.U32 R5, RZ, RZ, RZ ;                          /* 0x000000ffff057224 */
                                                                                          /* 0x000fce00078e00ff */
        /*0050*/                   LDC R3, c[0x0][0x360] ;                                /* 0x0000d800ff037b82 */
                                                                                          /* 0x000e220000000800 */
        /*0060*/                   ULEA.HI UR4, UR9, UR9, URZ, 0x1 ;                      /* 0x0000000909047291 */
                                                                                          /* 0x002fc8000f8f08ff */
        /*0070*/                   USHF.R.S32.HI UR6, URZ, 0x1, UR4 ;                     /* 0x00000001ff067899 */
                                                                                          /* 0x000fc80008011404 */
        /*0080*/                   UIMAD.WIDE UR4, UR6, UR8, URZ ;                        /* 0x00000008060472a5 */
                                                                                          /* 0x000fe2000f8e02ff */
        /*0090*/                   IMAD.WIDE.U32 R4, R3, UR7, R4 ;                        /* 0x0000000703047c25 */
                                                                                          /* 0x001fca000f8e0004 */
        /*00a0*/                   ISETP.GE.U32.AND P0, PT, R4, UR4, PT ;                 /* 0x0000000404007c0c */
                                                                                          /* 0x000fc8000bf06070 */
        /*00b0*/                   ISETP.GE.AND.EX P0, PT, R5, UR5, PT, P0 ;              /* 0x0000000505007c0c */
                                                                                          /* 0x000fda000bf06300 */
        /*00c0*/               @P0 EXIT ;                                                 /* 0x000000000000094d */
                                                                                          /* 0x000fea0003800000 */
        /*00d0*/                   USHF.R.S32.HI UR7, URZ, 0x1f, UR6 ;                    /* 0x0000001fff077899 */
                                                                                          /* 0x000fe20008011406 */
        /*00e0*/                   BSSY.RECONVERGENT B0, 0x2e0 ;                          /* 0x000001f000007945 */
                                                                                          /* 0x000fe20003800200 */
        /*00f0*/                   LDCU.64 UR8, c[0x0][0x358] ;                           /* 0x00006b00ff0877ac */
                                                                                          /* 0x000e280008000a00 */
        /*0100*/                   LOP3.LUT R0, R5, UR7, RZ, 0xfc, !PT ;                  /* 0x0000000705007c12 */
                                                                                          /* 0x000fc8000f8efcff */
        /*0110*/                   ISETP.NE.U32.AND P0, PT, R0, RZ, PT ;                  /* 0x000000ff0000720c */
                                                                                          /* 0x000fda0003f05070 */
        /*0120*/               @P0 BRA 0x290 ;                                            /* 0x0000000000580947 */
                                                                                          /* 0x000fea0003800000 */
        /*0130*/                   I2F.U32.RP R0, UR6 ;                                   /* 0x0000000600007d06 */
                                                                                          /* 0x000e620008209000 */
        /*0140*/                   IMAD R7, RZ, RZ, -UR6 ;                                /* 0x80000006ff077e24 */
                                                                                          /* 0x000fe2000f8e02ff */
        /*0150*/                   ISETP.NE.U32.AND P2, PT, RZ, UR6, PT ;                 /* 0x00000006ff007c0c */
                                                                                          /* 0x000fe2000bf45070 */
        /*0160*/                   MUFU.RCP R0, R0 ;                                      /* 0x0000000000007308 */
                                                                                          /* 0x002e640000001000 */
        /*0170*/                   IADD3 R2, PT, PT, R0, 0xffffffe, RZ ;                  /* 0x0ffffffe00027810 */
                                                                                          /* 0x002fc80007ffe0ff */
        /*0180*/                   F2I.FTZ.U32.TRUNC.NTZ R3, R2 ;                         /* 0x0000000200037305 */
                                                                                          /* 0x0002a4000021f000 */
        /*0190*/                   IMAD.MOV.U32 R2, RZ, RZ, RZ ;                          /* 0x000000ffff027224 */
                                                                                          /* 0x002fe400078e00ff */
        /*01a0*/                   IMAD R7, R7, R3, RZ ;                                  /* 0x0000000307077224 */
                                                                                          /* 0x004fc800078e02ff */
        /*01b0*/                   IMAD.HI.U32 R3, R3, R7, R2 ;                           /* 0x0000000703037227 */
                                                                                          /* 0x000fcc00078e0002 */
        /*01c0*/                   IMAD.HI.U32 R3, R3, R4, RZ ;                           /* 0x0000000403037227 */
                                                                                          /* 0x000fc800078e00ff */
        /*01d0*/                   IMAD.MOV R7, RZ, RZ, -R3 ;                             /* 0x000000ffff077224 */
                                                                                          /* 0x000fc800078e0a03 */
        /*01e0*/                   IMAD R6, R7, UR6, R4 ;                                 /* 0x0000000607067c24 */
                                                                                          /* 0x000fca000f8e0204 */
        /*01f0*/                   ISETP.GE.U32.AND P0, PT, R6, UR6, PT ;                 /* 0x0000000606007c0c */
                                                                                          /* 0x000fda000bf06070 */
        /*0200*/               @P0 IADD3 R6, PT, PT, R6, -UR6, RZ ;                       /* 0x8000000606060c10 */
                                                                                          /* 0x000fe4000fffe0ff */
        /*0210*/               @P0 IADD3 R3, PT, PT, R3, 0x1, RZ ;                        /* 0x0000000103030810 */
                                                                                          /* 0x000fe40007ffe0ff */
        /*0220*/                   ISETP.GE.U32.AND P1, PT, R6, UR6, PT ;                 /* 0x0000000606007c0c */
                                                                                          /* 0x000fda000bf26070 */
        /*0230*/               @P1 IADD3 R3, PT, PT, R3, 0x1, RZ ;                        /* 0x0000000103031810 */
                                                                                          /* 0x000fe40007ffe0ff */
        /*0240*/              @!P2 LOP3.LUT R3, RZ, UR6, RZ, 0x33, !PT ;                  /* 0x00000006ff03ac12 */
                                                                                          /* 0x000fca000f8e33ff */
        /*0250*/                   IMAD.MOV R9, RZ, RZ, -R3.reuse ;                       /* 0x000000ffff097224 */
                                                                                          /* 0x100fe400078e0a03 */
        /*0260*/                   IMAD.MOV.U32 R11, RZ, RZ, R3 ;                         /* 0x000000ffff0b7224 */
                                                                                          /* 0x000fe400078e0003 */
        /*0270*/                   IMAD R9, R9, UR6, R4 ;                                 /* 0x0000000609097c24 */
                                                                                          /* 0x000fe2000f8e0204 */
        /*0280*/                   BRA 0x2d0 ;                                            /* 0x0000000000107947 */
                                                                                          /* 0x000fec0003800000 */
        /*0290*/                   MOV R0, 0x2b0 ;                                        /* 0x000002b000007802 */
                                                                                          /* 0x000fce0000000f00 */
        /*02a0*/                   CALL.REL.NOINC 0x820 ;                                 /* 0x00000004005c7944 */
                                                                                          /* 0x001fea0003c00000 */
        /*02b0*/                   IMAD.MOV R9, RZ, RZ, -R11 ;                            /* 0x000000ffff097224 */
                                                                                          /* 0x000fc800078e0a0b */
        /*02c0*/                   IMAD R9, R9, UR6, R4 ;                                 /* 0x0000000609097c24 */
                                                                                          /* 0x000fce000f8e0204 */
        /*02d0*/                   BSYNC.RECONVERGENT B0 ;                                /* 0x0000000000007941 */
                                                                                          /* 0x001fea0003800200 */
        /*02e0*/                   LDCU.64 UR4, c[0x0][0x388] ;                           /* 0x00007100ff0477ac */
                                                                                          /* 0x000e220008000a00 */
        /*02f0*/                   SHF.R.S64 R6, RZ, 0x1d, R11 ;                          /* 0x0000001dff067819 */
                                                                                          /* 0x000fc8000000100b */
        /*0300*/                   IADD3 R6, P0, PT, R6, UR4, RZ ;                        /* 0x0000000406067c10 */
                                                                                          /* 0x001fc8000ff1e0ff */
        /*0310*/                   LEA.HI.X.SX32 R7, R11, UR5, 0x3, P0 ;                  /* 0x000000050b077c11 */
                                                                                          /* 0x000fe200080f1eff */
        /*0320*/                   LDCU UR5, c[0x0][0x3a8] ;                              /* 0x00007500ff0577ac */
                                                                                          /* 0x000e280008000800 */
        /*0330*/                   LDG.E.64 R2, desc[UR8][R6.64] ;                        /* 0x0000000806027981 */
                                                                                          /* 0x000ea2000c1e1b00 */
        /*0340*/                   IMAD.MOV.U32 R0, RZ, RZ, 0x7fff ;                      /* 0x00007fffff007424 */
                                                                                          /* 0x000fe200078e00ff */
        /*0350*/                   USHF.R.S32.HI UR4, URZ, 0x1f, UR5 ;                    /* 0x0000001fff047899 */
                                                                                          /* 0x001fe40008011405 */
        /*0360*/                   ISETP.GE.U32.AND P0, PT, R2.reuse, UR5, PT ;           /* 0x0000000502007c0c */
                                                                                          /* 0x044fe4000bf06070 */
        /*0370*/                   ISETP.GT.U32.AND P1, PT, R2, -0x1, PT ;                /* 0xffffffff0200780c */
                                                                                          /* 0x000fc40003f24070 */
        /*0380*/                   ISETP.GE.AND.EX P0, PT, R3, UR4, PT, P0 ;              /* 0x0000000403007c0c */
                                                                                          /* 0x000fc8000bf06300 */
        /*0390*/                   ISETP.GT.AND.EX P0, PT, R3, -0x1, !P0, P1 ;            /* 0xffffffff0300780c */
                                                                                          /* 0x000fda0004704310 */
        /*03a0*/              @!P0 LDC.64 R2, c[0x0][0x390] ;                             /* 0x0000e400ff028b82 */
                                                                                          /* 0x000e240000000a00 */
        /*03b0*/              @!P0 LEA R2, P1, R4, R2, 0x1 ;                              /* 0x0000000204028211 */
                                                                                          /* 0x001fc800078208ff */
        /*03c0*/              @!P0 LEA.HI.X R3, R4, R3, R5, 0x1, P1 ;                     /* 0x0000000304038211 */
                                                                                          /* 0x000fca00008f0c05 */
        /*03d0*/              @!P0 STG.E.U16 desc[UR8][R2.64], R0 ;                       /* 0x0000000002008986 */
                                                                                          /* 0x0001e2000c101508 */
        /*03e0*/              @!P0 EXIT ;                                                 /* 0x000000000000894d */
                                                                                          /* 0x000fea0003800000 */
        /*03f0*/                   LDCU UR5, c[0x0][0x3a4] ;                              /* 0x00007480ff0577ac */
                                                                                          /* 0x000e620008000800 */
        /*0400*/                   IMAD.SHL.U32 R8, R9, 0x2, RZ ;                         /* 0x0000000209087824 */
                                                                                          /* 0x000fe200078e00ff */
        /*0410*/                   SHF.R.S32.HI R0, RZ, 0x1f, R11 ;                       /* 0x0000001fff007819 */
                                                                                          /* 0x001fe2000001140b */
        /*0420*/                   LDCU.64 UR6, c[0x0][0x380] ;                           /* 0x00007000ff0677ac */
                                                                                          /* 0x000e260008000a00 */
        /*0430*/                   LOP3.LUT R8, R8, 0x7fffffc0, RZ, 0xc0, !PT ;           /* 0x7fffffc008087812 */
                                                                                          /* 0x000fc800078ec0ff */
        /*0440*/                   LOP3.LUT R8, R8, 0x1f, R9, 0xf8, !PT ;                 /* 0x0000001f08087812 */
                                                                                          /* 0x000fe200078ef809 */
        /*0450*/                   IMAD.MOV.U32 R9, RZ, RZ, RZ ;                          /* 0x000000ffff097224 */
                                                                                          /* 0x000fe200078e00ff */
        /*0460*/                   USHF.R.S32.HI UR4, URZ, 0x1f, UR5 ;                    /* 0x0000001fff047899 */
                                                                                          /* 0x002fe40008011405 */
        /*0470*/                   IMAD R0, R0, UR5, RZ ;                                 /* 0x0000000500007c24 */
                                                                                          /* 0x000fe4000f8e02ff */
        /*0480*/                   IMAD.WIDE.U32 R8, R11, UR5, R8 ;                       /* 0x000000050b087c25 */
                                                                                          /* 0x000fc8000f8e0008 */
        /*0490*/                   IMAD R3, R11, UR4, R0 ;                                /* 0x000000040b037c24 */
                                                                                          /* 0x000fe2000f8e0200 */
        /*04a0*/                   LEA R2, P0, R8, UR6, 0x2 ;                             /* 0x0000000608027c11 */
                                                                                          /* 0x001fc6000f8010ff */
        /*04b0*/                   IMAD.IADD R3, R9, 0x1, R3 ;                            /* 0x0000000109037824 */
                                                                                          /* 0x000fca00078e0203 */
        /*04c0*/                   LEA.HI.X R3, R8, UR7, R3, 0x2, P0 ;                    /* 0x0000000708037c11 */
                                                                                          /* 0x000fca00080f1403 */
        /*04d0*/                   LDG.E R8, desc[UR8][R2.64] ;                           /* 0x0000000802087981 */
                                                                                          /* 0x000ea8000c1e1900 */
        /*04e0*/                   LDG.E R9, desc[UR8][R2.64+0x80] ;                      /* 0x0000800802097981 */
                                                                                          /* 0x000ee2000c1e1900 */
        /*04f0*/                   IMAD.MOV.U32 R11, RZ, RZ, 0x3bbb989d ;                 /* 0x3bbb989dff0b7424 */
                                                                                          /* 0x000fe200078e00ff */
        /*0500*/                   BSSY.RECONVERGENT B0, 0x6a0 ;                          /* 0x0000019000007945 */
                                                                                          /* 0x000fe20003800200 */
        /*0510*/                   IMAD.MOV.U32 R13, RZ, RZ, 0x437c0000 ;                 /* 0x437c0000ff0d7424 */
                                                                                          /* 0x000fe200078e00ff */
        /*0520*/                   F2F.BF16.F32 R0, R8 ;                                  /* 0x0000000800007304 */
                                                                                          /* 0x004e220000202000 */
        /*0530*/                   F2F.BF16.F32 R2, R9 ;                                  /* 0x0000000900027304 */
                                                                                          /* 0x008e620000202000 */
        /*0540*/                   IMAD.U32 R0, R0, 0x10000, RZ ;                         /* 0x0001000000007824 */
                                                                                          /* 0x001fc800078e00ff */
        /*0550*/                   FFMA.SAT R10, R0, -R11, 0.5 ;                          /* 0x3f000000000a7423 */
                                                                                          /* 0x000fc8000000280b */
        /*0560*/                   FFMA.RM R10, R10, R13, 12582913 ;                      /* 0x4b4000010a0a7423 */
                                                                                          /* 0x000fe2000000400d */
        /*0570*/                   IMAD.U32 R2, R2, 0x10000, RZ ;                         /* 0x0001000002027824 */
                                                                                          /* 0x002fc600078e00ff */
        /*0580*/                   FADD R11, R10.reuse, -12583039 ;                       /* 0xcb40007f0a0b7421 */
                                                                                          /* 0x040fe20000000000 */
        /*0590*/                   IMAD.SHL.U32 R10, R10, 0x800000, RZ ;                  /* 0x008000000a0a7824 */
                                                                                          /* 0x000fc600078e00ff */
        /*05a0*/                   FFMA R11, R0, -1.4426950216293334961, -R11 ;           /* 0xbfb8aa3b000b7823 */
                                                                                          /* 0x000fc8000000080b */
        /*05b0*/                   FFMA R11, R0, -1.925963033500011079e-08, R11 ;         /* 0xb2a57060000b7823 */
                                                                                          /* 0x000fcc000000000b */
        /*05c0*/                   MUFU.EX2 R11, R11 ;                                    /* 0x0000000b000b7308 */
                                                                                          /* 0x000e240000000800 */
        /*05d0*/                   FMUL R10, R10, R11 ;                                   /* 0x0000000b0a0a7220 */
                                                                                          /* 0x001fc80000400000 */
        /*05e0*/                   FADD R13, R10, 1 ;                                     /* 0x3f8000000a0d7421 */
                                                                                          /* 0x000fc80000000000 */
        /*05f0*/                   MUFU.RCP R3, R13 ;                                     /* 0x0000000d00037308 */
                                                                                          /* 0x000e220000001000 */
        /*0600*/                   FCHK P0, R0, R13 ;                                     /* 0x0000000d00007302 */
                                                                                          /* 0x000e620000000000 */
        /*0610*/                   FFMA R8, -R13, R3, 1 ;                                 /* 0x3f8000000d087423 */
                                                                                          /* 0x001fc80000000103 */
        /*0620*/                   FFMA R3, R3, R8, R3 ;                                  /* 0x0000000803037223 */
                                                                                          /* 0x000fc80000000003 */
        /*0630*/                   FFMA R8, R0, R3, RZ ;                                  /* 0x0000000300087223 */
                                                                                          /* 0x000fc800000000ff */
        /*0640*/                   FFMA R10, -R13, R8, R0 ;                               /* 0x000000080d0a7223 */
                                                                                          /* 0x000fc80000000100 */
        /*0650*/                   FFMA R10, R3, R10, R8 ;                                /* 0x0000000a030a7223 */
                                                                                          /* 0x000fe20000000008 */
        /*0660*/              @!P0 BRA 0x690 ;                                            /* 0x0000000000088947 */
                                                                                          /* 0x002fec0003800000 */
        /*0670*/                   MOV R8, 0x690 ;                                        /* 0x0000069000087802 */
                                                                                          /* 0x000fce0000000f00 */
        /*0680*/                   CALL.REL.NOINC 0xd20 ;                                 /* 0x0000000400a47944 */
                                                                                          /* 0x000fea0003c00000 */
        /*0690*/                   BSYNC.RECONVERGENT B0 ;                                /* 0x0000000000007941 */
                                                                                          /* 0x000fea0003800200 */
        /*06a0*/                   F2F.BF16.F32 R10, R10 ;                                /* 0x0000000a000a7304 */
                                                                                          /* 0x000e220000202000 */
        /*06b0*/                   LDCU.128 UR4, c[0x0][0x390] ;                          /* 0x00007200ff0477ac */
                                                                                          /* 0x000e620008000c00 */
        /*06c0*/                   IMAD.U32 R3, R10, 0x10000, RZ ;                        /* 0x000100000a037824 */
                                                                                          /* 0x001fc800078e00ff */
        /*06d0*/                   FMUL R0, R2, R3 ;                                      /* 0x0000000302007220 */
                                                                                          /* 0x000fe20000400000 */
        /*06e0*/                   LEA R8, P0, R4, UR4, 0x1 ;                             /* 0x0000000404087c11 */
                                                                                          /* 0x002fc6000f8008ff */
        /*06f0*/                   F2F.BF16.F32 R11, R0 ;                                 /* 0x00000000000b7304 */
                                                                                          /* 0x000e220000202000 */
        /*0700*/                   LEA.HI.X R9, R4, UR5, R5, 0x1, P0 ;                    /* 0x0000000504097c11 */
                                                                                          /* 0x000fca00080f0c05 */
        /*0710*/                   STG.E.U16 desc[UR8][R8.64], R11 ;                      /* 0x0000000b08007986 */
                                                                                          /* 0x0011e8000c101508 */
        /*0720*/                   LDG.E.64 R6, desc[UR8][R6.64] ;                        /* 0x0000000806067981 */
                                                                                          /* 0x000ea4000c1e1b00 */
        /*0730*/                   LEA R2, P0, R6, UR6, 0x2 ;                             /* 0x0000000606027c11 */
                                                                                          /* 0x004fc8000f8010ff */
        /*0740*/                   LEA.HI.X R3, R6, UR7, R7, 0x2, P0 ;                    /* 0x0000000706037c11 */
                                                                                          /* 0x000fca00080f1407 */
        /*0750*/                   LDG.E R4, desc[UR8][R2.64] ;                           /* 0x0000000802047981 */
                                                                                          /* 0x000162000c1e1900 */
        /*0760*/                   IMAD.U32 R13, R11, 0x10000, RZ ;                       /* 0x000100000b0d7824 */
                                                                                          /* 0x000fca00078e00ff */
        /*0770*/                   FSETP.NAN.AND P1, PT, |R13|, |R13|, PT ;               /* 0x4000000d0d00720b */
                                                                                          /* 0x000fda0003f28200 */
        /*0780*/                   FMNMX R0, |R13|, R4.reuse, !PT ;                       /* 0x000000040d007209 */
                                                                                          /* 0x0a0fe20007800200 */
        /*0790*/                   YIELD ;                                                /* 0x0000000000007946 */
                                                                                          /* 0x000fea0003800000 */
        /*07a0*/                   FSETP.NAN.AND P0, PT, |R4|, |R4|, PT ;                 /* 0x400000040400720b */
                                                                                          /* 0x000fe40003f08200 */
        /*07b0*/                   FSEL R0, R0, +QNAN , !P1 ;                             /* 0x7fffffff00007808 */
                                                                                          /* 0x000fc80004800000 */
        /*07c0*/                   SEL R5, R0, 0x7fffffff, !P0 ;                          /* 0x7fffffff00057807 */
                                                                                          /* 0x000fcc0004000000 */
        /*07d0*/                   ATOMG.E.CAS.STRONG.SYS PT, R5, [R2], R4, R5 ;          /* 0x00000004020573a9 */
                                                                                          /* 0x000ea400001f4105 */
        /*07e0*/                   ISETP.NE.U32.AND P0, PT, R5, R4, PT ;                  /* 0x000000040500720c */
                                                                                          /* 0x004fe20003f05070 */
        /*07f0*/                   IMAD.MOV.U32 R4, RZ, RZ, R5 ;                          /* 0x000000ffff047224 */
                                                                                          /* 0x000fd800078e0005 */
        /*0800*/               @P0 BRA 0x780 ;                                            /* 0xfffffffc00dc0947 */
                                                                                          /* 0x001fea000383ffff */
        /*0810*/                   EXIT ;                                                 /* 0x000000000000794d */
                                                                                          /* 0x000fea0003800000 */
        /*0820*/                   UIADD3 UR4, UP1, UPT, URZ, -UR6, URZ ;                 /* 0x80000006ff047290 */
                                                                                          /* 0x000fe2000ff3e0ff */
        /*0830*/                   ISETP.GE.AND P3, PT, R5, RZ, PT ;                      /* 0x000000ff0500720c */
                                                                                          /* 0x000fe20003f66270 */
        /*0840*/                   UISETP.GE.AND UP0, UPT, UR7, URZ, UPT ;                /* 0x000000ff0700728c */
                                                                                          /* 0x000fe4000bf06270 */
        /*0850*/                   UIADD3.X UR5, UPT, UPT, URZ, ~UR7, URZ, UP1, !UPT ;    /* 0x80000007ff057290 */
                                                                                          /* 0x000fe40008ffe4ff */
        /*0860*/                   USEL UR4, UR4, UR6, !UP0 ;                             /* 0x0000000604047287 */
                                                                                          /* 0x000fe4000c000000 */
        /*0870*/                   USEL UR5, UR5, UR7, !UP0 ;                             /* 0x0000000705057287 */
                                                                                          /* 0x000fd2000c000000 */
        /*0880*/                   I2F.U64.RP R8, UR4 ;                                   /* 0x0000000400087d12 */
                                                                                          /* 0x000e240008309000 */
        /*0890*/                   MUFU.RCP R8, R8 ;                                      /* 0x0000000800087308 */
                                                                                          /* 0x001e240000001000 */
        /*08a0*/                   IADD3 R2, PT, PT, R8, 0x1ffffffe, RZ ;                 /* 0x1ffffffe08027810 */
                                                                                          /* 0x001fde0007ffe0ff */
        /*08b0*/                   NOP ;                                                  /* 0x0000000000007918 */
                                                                                          /* 0x000fde0000000000 */
        /*08c0*/                   NOP ;                                                  /* 0x0000000000007918 */
                                                                                          /* 0x000fde0000000000 */
        /*08d0*/                   NOP ;                                                  /* 0x0000000000007918 */
                                                                                          /* 0x000fde0000000000 */
        /*08e0*/                   F2I.U64.TRUNC R2, R2 ;                                 /* 0x0000000200027311 */
                                                                                          /* 0x000e24000020d800 */
        /*08f0*/                   IMAD.WIDE.U32 R6, R2, UR4, RZ ;                        /* 0x0000000402067c25 */
                                                                                          /* 0x001fc8000f8e00ff */
        /*0900*/                   IMAD R7, R2, UR5, R7 ;                                 /* 0x0000000502077c24 */
                                                                                          /* 0x000fe2000f8e0207 */
        /*0910*/                   IADD3 R9, P0, PT, RZ, -R6, RZ ;                        /* 0x80000006ff097210 */
                                                                                          /* 0x000fc60007f1e0ff */
        /*0920*/                   IMAD R7, R3, UR4, R7 ;                                 /* 0x0000000403077c24 */
                                                                                          /* 0x000fe4000f8e0207 */
        /*0930*/                   IMAD.HI.U32 R6, R2, R9, RZ ;                           /* 0x0000000902067227 */
                                                                                          /* 0x000fc800078e00ff */
        /*0940*/                   IMAD.X R11, RZ, RZ, ~R7, P0 ;                          /* 0x000000ffff0b7224 */
                                                                                          /* 0x000fe400000e0e07 */
        /*0950*/                   IMAD.MOV.U32 R7, RZ, RZ, R2 ;                          /* 0x000000ffff077224 */
                                                                                          /* 0x000fe400078e0002 */
        /*0960*/                   IMAD R13, R3, R11.reuse, RZ ;                          /* 0x0000000b030d7224 */
                                                                                          /* 0x080fe400078e02ff */
        /*0970*/                   IMAD.WIDE.U32 R6, P0, R2, R11, R6 ;                    /* 0x0000000b02067225 */
                                                                                          /* 0x000fc80007800006 */
        /*0980*/                   IMAD.HI.U32 R11, R3, R11, RZ ;                         /* 0x0000000b030b7227 */
                                                                                          /* 0x000fc800078e00ff */
        /*0990*/                   IMAD.HI.U32 R6, P1, R3, R9, R6 ;                       /* 0x0000000903067227 */
                                                                                          /* 0x000fca0007820006 */
        /*09a0*/                   IADD3 R7, P2, PT, R13, R6, RZ ;                        /* 0x000000060d077210 */
                                                                                          /* 0x000fe20007f5e0ff */
        /*09b0*/                   IMAD.X R6, R11, 0x1, R3, P0 ;                          /* 0x000000010b067824 */
                                                                                          /* 0x000fc800000e0603 */
        /*09c0*/                   IMAD.WIDE.U32 R2, R7, UR4, RZ ;                        /* 0x0000000407027c25 */
                                                                                          /* 0x000fe2000f8e00ff */
        /*09d0*/                   IADD3.X R9, PT, PT, RZ, RZ, R6, P2, P1 ;               /* 0x000000ffff097210 */
                                                                                          /* 0x000fc600017e2406 */
        /*09e0*/                   IMAD R6, R7, UR5, R3 ;                                 /* 0x0000000507067c24 */
                                                                                          /* 0x000fe2000f8e0203 */
        /*09f0*/                   IADD3 R11, P0, PT, RZ, -R2, RZ ;                       /* 0x80000002ff0b7210 */
                                                                                          /* 0x000fe40007f1e0ff */
        /*0a00*/                   IADD3 R3, P4, PT, RZ, -R4.reuse, RZ ;                  /* 0x80000004ff037210 */
                                                                                          /* 0x080fe20007f9e0ff */
        /*0a10*/                   IMAD R2, R9, UR4, R6 ;                                 /* 0x0000000409027c24 */
                                                                                          /* 0x000fe4000f8e0206 */
        /*0a20*/                   IMAD.HI.U32 R6, R7, R11, RZ ;                          /* 0x0000000b07067227 */
                                                                                          /* 0x000fe200078e00ff */
        /*0a30*/                   SEL R8, R3, R4, !P3 ;                                  /* 0x0000000403087207 */
                                                                                          /* 0x000fc60005800000 */
        /*0a40*/                   IMAD.X R2, RZ, RZ, ~R2, P0 ;                           /* 0x000000ffff027224 */
                                                                                          /* 0x000fe400000e0e02 */
        /*0a50*/                   IMAD.X R3, RZ, RZ, ~R5, P4 ;                           /* 0x000000ffff037224 */
                                                                                          /* 0x000fe400020e0e05 */
        /*0a60*/                   IMAD.WIDE.U32 R6, P0, R7, R2, R6 ;                     /* 0x0000000207067225 */
                                                                                          /* 0x000fc60007800006 */
        /*0a70*/                   SEL R10, R3, R5, !P3 ;                                 /* 0x00000005030a7207 */
                                                                                          /* 0x000fe20005800000 */
        /*0a80*/                   IMAD.MOV.U32 R3, RZ, RZ, RZ ;                          /* 0x000000ffff037224 */
                                                                                          /* 0x000fe400078e00ff */
        /*0a90*/                   IMAD.HI.U32 R7, P1, R9, R11, R6 ;                      /* 0x0000000b09077227 */
                                                                                          /* 0x000fc80007820006 */
        /*0aa0*/                   IMAD R6, R9.reuse, R2.reuse, RZ ;                      /* 0x0000000209067224 */
                                                                                          /* 0x0c0fe400078e02ff */
        /*0ab0*/                   IMAD.HI.U32 R2, R9, R2, RZ ;                           /* 0x0000000209027227 */
                                                                                          /* 0x000fc600078e00ff */
        /*0ac0*/                   IADD3 R7, P2, PT, R6, R7, RZ ;                         /* 0x0000000706077210 */
                                                                                          /* 0x000fe20007f5e0ff */
        /*0ad0*/                   IMAD.X R9, R2, 0x1, R9, P0 ;                           /* 0x0000000102097824 */
                                                                                          /* 0x000fc800000e0609 */
        /*0ae0*/                   IMAD.HI.U32 R2, R7, R8, RZ ;                           /* 0x0000000807027227 */
                                                                                          /* 0x000fe200078e00ff */
        /*0af0*/                   IADD3.X R9, PT, PT, RZ, RZ, R9, P2, P1 ;               /* 0x000000ffff097210 */
                                                                                          /* 0x000fc600017e2409 */
        /*0b00*/                   IMAD.WIDE.U32 R2, R7, R10, R2 ;                        /* 0x0000000a07027225 */
                                                                                          /* 0x000fc800078e0002 */
        /*0b10*/                   IMAD R7, R9.reuse, R10, RZ ;                           /* 0x0000000a09077224 */
                                                                                          /* 0x040fe400078e02ff */
        /*0b20*/                   IMAD.HI.U32 R2, P0, R9, R8, R2 ;                       /* 0x0000000809027227 */
                                                                                          /* 0x000fc80007800002 */
        /*0b30*/                   IMAD.HI.U32 R6, R9, R10, RZ ;                          /* 0x0000000a09067227 */
                                                                                          /* 0x000fe200078e00ff */
        /*0b40*/                   IADD3 R7, P1, PT, R7, R2, RZ ;                         /* 0x0000000207077210 */
                                                                                          /* 0x000fc60007f3e0ff */
        /*0b50*/                   IMAD.X R6, RZ, RZ, R6, P0 ;                            /* 0x000000ffff067224 */
                                                                                          /* 0x000fe400000e0606 */
        /*0b60*/                   IMAD.WIDE.U32 R2, R7, UR4, RZ ;                        /* 0x0000000407027c25 */
                                                                                          /* 0x000fc8000f8e00ff */
        /*0b70*/                   IMAD.X R6, RZ, RZ, R6, P1 ;                            /* 0x000000ffff067224 */
                                                                                          /* 0x000fe200008e0606 */
        /*0b80*/                   IADD3 R8, P1, PT, -R2, R8, RZ ;                        /* 0x0000000802087210 */
                                                                                          /* 0x000fe20007f3e1ff */
        /*0b90*/                   IMAD R3, R7.reuse, UR5, R3 ;                           /* 0x0000000507037c24 */
                                                                                          /* 0x040fe2000f8e0203 */
        /*0ba0*/                   IADD3 R2, PT, PT, R7, 0x1, RZ ;                        /* 0x0000000107027810 */
                                                                                          /* 0x000fe40007ffe0ff */
        /*0bb0*/                   ISETP.GE.U32.AND P0, PT, R8, UR4, PT ;                 /* 0x0000000408007c0c */
                                                                                          /* 0x000fe2000bf06070 */
        /*0bc0*/                   IMAD R3, R6, UR4, R3 ;                                 /* 0x0000000406037c24 */
                                                                                          /* 0x000fc8000f8e0203 */
        /*0bd0*/                   IMAD.X R9, R10, 0x1, ~R3, P1 ;                         /* 0x000000010a097824 */
                                                                                          /* 0x000fe200008e0e03 */
        /*0be0*/                   IADD3 R3, P1, PT, R8, -UR4, RZ ;                       /* 0x8000000408037c10 */
                                                                                          /* 0x000fc8000ff3e0ff */
        /*0bf0*/                   ISETP.GE.U32.AND.EX P0, PT, R9.reuse, UR5, PT, P0 ;    /* 0x0000000509007c0c */
                                                                                          /* 0x040fe4000bf06100 */
        /*0c00*/                   IADD3.X R6, PT, PT, R9, ~UR5, RZ, P1, !PT ;            /* 0x8000000509067c10 */
                                                                                          /* 0x000fe40008ffe4ff */
        /*0c10*/                   SEL R3, R3, R8, P0 ;                                   /* 0x0000000803037207 */
                                                                                          /* 0x000fe40000000000 */
        /*0c20*/                   SEL R6, R6, R9, P0 ;                                   /* 0x0000000906067207 */
                                                                                          /* 0x000fe40000000000 */
        /*0c30*/                   SEL R2, R2, R7, P0 ;                                   /* 0x0000000702027207 */
                                                                                          /* 0x000fe40000000000 */
        /*0c40*/                   ISETP.GE.U32.AND P0, PT, R3, UR4, PT ;                 /* 0x0000000403007c0c */
                                                                                          /* 0x000fc4000bf06070 */
        /*0c50*/                   IADD3 R11, PT, PT, R2, 0x1, RZ ;                       /* 0x00000001020b7810 */
                                                                                          /* 0x000fe40007ffe0ff */
        /*0c60*/                   ISETP.GE.U32.AND.EX P0, PT, R6, UR5, PT, P0 ;          /* 0x0000000506007c0c */
                                                                                          /* 0x000fe4000bf06100 */
        /*0c70*/                   LOP3.LUT R3, R5, UR7, RZ, 0x3c, !PT ;                  /* 0x0000000705037c12 */
                                                                                          /* 0x000fe4000f8e3cff */
        /*0c80*/                   SEL R11, R11, R2, P0 ;                                 /* 0x000000020b0b7207 */
                                                                                          /* 0x000fe40000000000 */
        /*0c90*/                   ISETP.GE.AND P1, PT, R3, RZ, PT ;                      /* 0x000000ff0300720c */
                                                                                          /* 0x000fe20003f26270 */
        /*0ca0*/                   IMAD.MOV.U32 R3, RZ, RZ, 0x0 ;                         /* 0x00000000ff037424 */
                                                                                          /* 0x000fe200078e00ff */
        /*0cb0*/                   ISETP.NE.U32.AND P0, PT, RZ, UR6, PT ;                 /* 0x00000006ff007c0c */
                                                                                          /* 0x000fe2000bf05070 */
        /*0cc0*/                   IMAD.MOV R2, RZ, RZ, -R11 ;                            /* 0x000000ffff027224 */
                                                                                          /* 0x000fc600078e0a0b */
        /*0cd0*/                   ISETP.NE.AND.EX P0, PT, RZ, UR7, PT, P0 ;              /* 0x00000007ff007c0c */
                                                                                          /* 0x000fe4000bf05300 */
        /*0ce0*/                   SEL R11, R2, R11, !P1 ;                                /* 0x0000000b020b7207 */
                                                                                          /* 0x000fe20004800000 */
        /*0cf0*/                   IMAD.MOV.U32 R2, RZ, RZ, R0 ;                          /* 0x000000ffff027224 */
                                                                                          /* 0x000fc600078e0000 */
        /*0d00*/                   SEL R11, R11, 0xffffffff, P0 ;                         /* 0xffffffff0b0b7807 */
                                                                                          /* 0x000fe20000000000 */
        /*0d10*/                   RET.REL.NODEC R2 0x0 ;                                 /* 0xfffffff002b87950 */
                                                                                          /* 0x000fec0003c3ffff */
        /*0d20*/                   SHF.R.U32.HI R9, RZ, 0x17, R13.reuse ;                 /* 0x00000017ff097819 */
                                                                                          /* 0x100fe2000001160d */
        /*0d30*/                   BSSY.RECONVERGENT B1, 0x1390 ;                         /* 0x0000065000017945 */
                                                                                          /* 0x000fe20003800200 */
        /*0d40*/                   SHF.R.U32.HI R3, RZ, 0x17, R0.reuse ;                  /* 0x00000017ff037819 */
                                                                                          /* 0x100fe20000011600 */
        /*0d50*/                   IMAD.MOV.U32 R10, RZ, RZ, R13 ;                        /* 0x000000ffff0a7224 */
                                                                                          /* 0x000fe200078e000d */
        /*0d60*/                   LOP3.LUT R17, R9, 0xff, RZ, 0xc0, !PT ;                /* 0x000000ff09117812 */
                                                                                          /* 0x000fe200078ec0ff */
        /*0d70*/                   IMAD.MOV.U32 R9, RZ, RZ, R0 ;                          /* 0x000000ffff097224 */
                                                                                          /* 0x000fe200078e0000 */
        /*0d80*/                   LOP3.LUT R14, R3, 0xff, RZ, 0xc0, !PT ;                /* 0x000000ff030e7812 */
                                                                                          /* 0x000fe400078ec0ff */
        /*0d90*/                   IADD3 R15, PT, PT, R17, -0x1, RZ ;                     /* 0xffffffff110f7810 */
                                                                                          /* 0x000fe40007ffe0ff */
        /*0da0*/                   IADD3 R12, PT, PT, R14, -0x1, RZ ;                     /* 0xffffffff0e0c7810 */
                                                                                          /* 0x000fc40007ffe0ff */
        /*0db0*/                   ISETP.GT.U32.AND P0, PT, R15, 0xfd, PT ;               /* 0x000000fd0f00780c */
                                                                                          /* 0x000fc80003f04070 */
        /*0dc0*/                   ISETP.GT.U32.OR P0, PT, R12, 0xfd, P0 ;                /* 0x000000fd0c00780c */
                                                                                          /* 0x000fda0000704470 */
        /*0dd0*/              @!P0 IMAD.MOV.U32 R11, RZ, RZ, RZ ;                         /* 0x000000ffff0b8224 */
                                                                                          /* 0x000fe200078e00ff */
        /*0de0*/              @!P0 BRA 0xf70 ;                                            /* 0x0000000000608947 */
                                                                                          /* 0x000fec0003800000 */
        /*0df0*/                   FSETP.GTU.FTZ.AND P0, PT, |R0|, +INF , PT ;            /* 0x7f8000000000780b */
                                                                                          /* 0x000fe20003f1c200 */
        /*0e00*/                   IMAD.MOV.U32 R3, RZ, RZ, R13 ;                         /* 0x000000ffff037224 */
                                                                                          /* 0x000fe200078e000d */
        /*0e10*/                   FSETP.GTU.FTZ.AND P1, PT, |R13|, +INF , PT ;           /* 0x7f8000000d00780b */
                                                                                          /* 0x000fc80003f3c200 */
        /*0e20*/                   PLOP3.LUT P0, PT, P0, P1, PT, 0xf8, 0x8f ;             /* 0x00000000008f781c */
                                                                                          /* 0x000fda0000703f70 */
        /*0e30*/               @P0 BRA 0x1370 ;                                           /* 0x00000004004c0947 */
                                                                                          /* 0x000fea0003800000 */
        /*0e40*/                   LOP3.LUT P0, RZ, R10, 0x7fffffff, R9, 0xc8, !PT ;      /* 0x7fffffff0aff7812 */
                                                                                          /* 0x000fda000780c809 */
        /*0e50*/              @!P0 BRA 0x1350 ;                                           /* 0x00000004003c8947 */
                                                                                          /* 0x000fea0003800000 */
        /*0e60*/                   FSETP.NEU.FTZ.AND P1, PT, |R0|.reuse, +INF , PT ;      /* 0x7f8000000000780b */
                                                                                          /* 0x040fe40003f3d200 */
        /*0e70*/                   FSETP.NEU.FTZ.AND P2, PT, |R3|, +INF , PT ;            /* 0x7f8000000300780b */
                                                                                          /* 0x000fe40003f5d200 */
        /*0e80*/                   FSETP.NEU.FTZ.AND P0, PT, |R0|, +INF , PT ;            /* 0x7f8000000000780b */
                                                                                          /* 0x000fd60003f1d200 */
        /*0e90*/              @!P2 BRA !P1, 0x1350 ;                                      /* 0x00000004002ca947 */
                                                                                          /* 0x000fea0004800000 */
        /*0ea0*/                   LOP3.LUT P1, RZ, R9, 0x7fffffff, RZ, 0xc0, !PT ;       /* 0x7fffffff09ff7812 */
                                                                                          /* 0x000fc8000782c0ff */
        /*0eb0*/                   PLOP3.LUT P1, PT, P2, P1, PT, 0x2f, 0xf2 ;             /* 0x0000000000f2781c */
                                                                                          /* 0x000fda0001722577 */
        /*0ec0*/               @P1 BRA 0x1330 ;                                           /* 0x0000000400181947 */
                                                                                          /* 0x000fea0003800000 */
        /*0ed0*/                   LOP3.LUT P1, RZ, R10, 0x7fffffff, RZ, 0xc0, !PT ;      /* 0x7fffffff0aff7812 */
                                                                                          /* 0x000fc8000782c0ff */
        /*0ee0*/                   PLOP3.LUT P0, PT, P0, P1, PT, 0x2f, 0xf2 ;             /* 0x0000000000f2781c */
                                                                                          /* 0x000fda0000702577 */
        /*0ef0*/               @P0 BRA 0x1300 ;                                           /* 0x0000000400000947 */
                                                                                          /* 0x000fea0003800000 */
        /*0f00*/                   ISETP.GE.AND P0, PT, R12, RZ, PT ;                     /* 0x000000ff0c00720c */
                                                                                          /* 0x000fe40003f06270 */
        /*0f10*/                   ISETP.GE.AND P1, PT, R15, RZ, PT ;                     /* 0x000000ff0f00720c */
                                                                                          /* 0x000fd60003f26270 */
        /*0f20*/               @P0 IMAD.MOV.U32 R11, RZ, RZ, RZ ;                         /* 0x000000ffff0b0224 */
                                                                                          /* 0x000fe400078e00ff */
        /*0f30*/              @!P0 FFMA R9, R0, 1.84467440737095516160e+19, RZ ;          /* 0x5f80000000098823 */
                                                                                          /* 0x000fe200000000ff */
        /*0f40*/              @!P0 IMAD.MOV.U32 R11, RZ, RZ, -0x40 ;                      /* 0xffffffc0ff0b8424 */
                                                                                          /* 0x000fe400078e00ff */
        /*0f50*/              @!P1 FFMA R10, R3, 1.84467440737095516160e+19, RZ ;         /* 0x5f800000030a9823 */
                                                                                          /* 0x000fc600000000ff */
        /*0f60*/              @!P1 IADD3 R11, PT, PT, R11, 0x40, RZ ;                     /* 0x000000400b0b9810 */
                                                                                          /* 0x000fce0007ffe0ff */
        /*0f70*/                   LEA R3, R17, 0xc0800000, 0x17 ;                        /* 0xc080000011037811 */
                                                                                          /* 0x000fe200078eb8ff */
        /*0f80*/                   BSSY.RECONVERGENT B2, 0x12f0 ;                         /* 0x0000036000027945 */
                                                                                          /* 0x000fe80003800200 */
        /*0f90*/                   IMAD.IADD R3, R10, 0x1, -R3 ;                          /* 0x000000010a037824 */
                                                                                          /* 0x000fe200078e0a03 */
        /*0fa0*/                   IADD3 R10, PT, PT, R14, -0x7f, RZ ;                    /* 0xffffff810e0a7810 */
                                                                                          /* 0x000fc60007ffe0ff */
        /*0fb0*/                   MUFU.RCP R12, R3 ;                                     /* 0x00000003000c7308 */
                                                                                          /* 0x000e220000001000 */
        /*0fc0*/                   FADD.FTZ R13, -R3, -RZ ;                               /* 0x800000ff030d7221 */
                                                                                          /* 0x000fe20000010100 */
        /*0fd0*/                   IMAD R0, R10.reuse, -0x800000, R9 ;                    /* 0xff8000000a007824 */
                                                                                          /* 0x040fe200078e0209 */
        /*0fe0*/                   IADD3 R10, PT, PT, R10, 0x7f, -R17 ;                   /* 0x0000007f0a0a7810 */
                                                                                          /* 0x000fca0007ffe811 */
        /*0ff0*/                   IMAD.IADD R10, R10, 0x1, R11 ;                         /* 0x000000010a0a7824 */
                                                                                          /* 0x000fe400078e020b */
        /*1000*/                   FFMA R15, R12, R13, 1 ;                                /* 0x3f8000000c0f7423 */
                                                                                          /* 0x001fc8000000000d */
        /*1010*/                   FFMA R14, R12, R15, R12 ;                              /* 0x0000000f0c0e7223 */
                                                                                          /* 0x000fc8000000000c */
        /*1020*/                   FFMA R9, R0, R14, RZ ;                                 /* 0x0000000e00097223 */
                                                                                          /* 0x000fc800000000ff */
        /*1030*/                   FFMA R12, R13, R9, R0 ;                                /* 0x000000090d0c7223 */
                                                                                          /* 0x000fc80000000000 */
        /*1040*/                   FFMA R15, R14, R12, R9 ;                               /* 0x0000000c0e0f7223 */
                                                                                          /* 0x000fc80000000009 */
        /*1050*/                   FFMA R12, R13, R15, R0 ;                               /* 0x0000000f0d0c7223 */
                                                                                          /* 0x000fc80000000000 */
        /*1060*/                   FFMA R9, R14, R12, R15 ;                               /* 0x0000000c0e097223 */
                                                                                          /* 0x000fca000000000f */
        /*1070*/                   SHF.R.U32.HI R0, RZ, 0x17, R9 ;                        /* 0x00000017ff007819 */
                                                                                          /* 0x000fc80000011609 */
        /*1080*/                   LOP3.LUT R0, R0, 0xff, RZ, 0xc0, !PT ;                 /* 0x000000ff00007812 */
                                                                                          /* 0x000fca00078ec0ff */
        /*1090*/                   IMAD.IADD R13, R0, 0x1, R10 ;                          /* 0x00000001000d7824 */
                                                                                          /* 0x000fca00078e020a */
        /*10a0*/                   IADD3 R0, PT, PT, R13, -0x1, RZ ;                      /* 0xffffffff0d007810 */
                                                                                          /* 0x000fc80007ffe0ff */
        /*10b0*/                   ISETP.GE.U32.AND P0, PT, R0, 0xfe, PT ;                /* 0x000000fe0000780c */
                                                                                          /* 0x000fda0003f06070 */
        /*10c0*/              @!P0 BRA 0x12d0 ;                                           /* 0x0000000000808947 */
                                                                                          /* 0x000fea0003800000 */
        /*10d0*/                   ISETP.GT.AND P0, PT, R13, 0xfe, PT ;                   /* 0x000000fe0d00780c */
                                                                                          /* 0x000fda0003f04270 */
        /*10e0*/               @P0 BRA 0x12a0 ;                                           /* 0x00000000006c0947 */
                                                                                          /* 0x000fea0003800000 */
        /*10f0*/                   ISETP.GE.AND P0, PT, R13, 0x1, PT ;                    /* 0x000000010d00780c */
                                                                                          /* 0x000fda0003f06270 */
        /*1100*/               @P0 BRA 0x12e0 ;                                           /* 0x0000000000740947 */
                                                                                          /* 0x000fea0003800000 */
        /*1110*/                   ISETP.GE.AND P0, PT, R13, -0x18, PT ;                  /* 0xffffffe80d00780c */
                                                                                          /* 0x000fe40003f06270 */
        /*1120*/                   LOP3.LUT R9, R9, 0x80000000, RZ, 0xc0, !PT ;           /* 0x8000000009097812 */
                                                                                          /* 0x000fd600078ec0ff */
        /*1130*/              @!P0 BRA 0x12e0 ;                                           /* 0x0000000000688947 */
                                                                                          /* 0x000fea0003800000 */
        /*1140*/                   FFMA.RZ R0, R14.reuse, R12.reuse, R15.reuse ;          /* 0x0000000c0e007223 */
                                                                                          /* 0x1c0fe2000000c00f */
        /*1150*/                   IADD3 R11, PT, PT, R13.reuse, 0x20, RZ ;               /* 0x000000200d0b7810 */
                                                                                          /* 0x040fe20007ffe0ff */
        /*1160*/                   FFMA.RM R3, R14, R12.reuse, R15.reuse ;                /* 0x0000000c0e037223 */
                                                                                          /* 0x180fe2000000400f */
        /*1170*/                   ISETP.NE.AND P2, PT, R13.reuse, RZ, PT ;               /* 0x000000ff0d00720c */
                                                                                          /* 0x040fe40003f45270 */
        /*1180*/                   LOP3.LUT R10, R0, 0x7fffff, RZ, 0xc0, !PT ;            /* 0x007fffff000a7812 */
                                                                                          /* 0x000fe200078ec0ff */
        /*1190*/                   FFMA.RP R0, R14, R12, R15 ;                            /* 0x0000000c0e007223 */
                                                                                          /* 0x000fe2000000800f */
        /*11a0*/                   IMAD.MOV R12, RZ, RZ, -R13 ;                           /* 0x000000ffff0c7224 */
                                                                                          /* 0x000fe200078e0a0d */
        /*11b0*/                   ISETP.NE.AND P1, PT, R13, RZ, PT ;                     /* 0x000000ff0d00720c */
                                                                                          /* 0x000fe40003f25270 */
        /*11c0*/                   LOP3.LUT R10, R10, 0x800000, RZ, 0xfc, !PT ;           /* 0x008000000a0a7812 */
                                                                                          /* 0x000fc400078efcff */
        /*11d0*/                   FSETP.NEU.FTZ.AND P0, PT, R0, R3, PT ;                 /* 0x000000030000720b */
                                                                                          /* 0x000fe40003f1d000 */
        /*11e0*/                   SHF.L.U32 R11, R10, R11, RZ ;                          /* 0x0000000b0a0b7219 */
                                                                                          /* 0x000fe400000006ff */
        /*11f0*/                   SEL R3, R12, RZ, P2 ;                                  /* 0x000000ff0c037207 */
                                                                                          /* 0x000fe40001000000 */
        /*1200*/                   ISETP.NE.AND P1, PT, R11, RZ, P1 ;                     /* 0x000000ff0b00720c */
                                                                                          /* 0x000fe40000f25270 */
        /*1210*/                   SHF.R.U32.HI R3, RZ, R3, R10 ;                         /* 0x00000003ff037219 */
                                                                                          /* 0x000fe4000001160a */
        /*1220*/                   PLOP3.LUT P0, PT, P0, P1, PT, 0xf8, 0x8f ;             /* 0x00000000008f781c */
                                                                                          /* 0x000fc40000703f70 */
        /*1230*/                   SHF.R.U32.HI R11, RZ, 0x1, R3 ;                        /* 0x00000001ff0b7819 */
                                                                                          /* 0x000fe40000011603 */
        /*1240*/                   SEL R0, RZ, 0x1, !P0 ;                                 /* 0x00000001ff007807 */
                                                                                          /* 0x000fc80004000000 */
        /*1250*/                   LOP3.LUT R0, R0, 0x1, R11, 0xf8, !PT ;                 /* 0x0000000100007812 */
                                                                                          /* 0x000fc800078ef80b */
        /*1260*/                   LOP3.LUT R0, R0, R3, RZ, 0xc0, !PT ;                   /* 0x0000000300007212 */
                                                                                          /* 0x000fca00078ec0ff */
        /*1270*/                   IMAD.IADD R0, R11, 0x1, R0 ;                           /* 0x000000010b007824 */
                                                                                          /* 0x000fca00078e0200 */
        /*1280*/                   LOP3.LUT R9, R0, R9, RZ, 0xfc, !PT ;                   /* 0x0000000900097212 */
                                                                                          /* 0x000fe200078efcff */
        /*1290*/                   BRA 0x12e0 ;                                           /* 0x0000000000107947 */
                                                                                          /* 0x000fec0003800000 */
        /*12a0*/                   LOP3.LUT R9, R9, 0x80000000, RZ, 0xc0, !PT ;           /* 0x8000000009097812 */
                                                                                          /* 0x000fc800078ec0ff */
        /*12b0*/                   LOP3.LUT R9, R9, 0x7f800000, RZ, 0xfc, !PT ;           /* 0x7f80000009097812 */
                                                                                          /* 0x000fe200078efcff */
        /*12c0*/                   BRA 0x12e0 ;                                           /* 0x0000000000047947 */
                                                                                          /* 0x000fec0003800000 */
        /*12d0*/                   IMAD R9, R10, 0x800000, R9 ;                           /* 0x008000000a097824 */
                                                                                          /* 0x000fce00078e0209 */
        /*12e0*/                   BSYNC.RECONVERGENT B2 ;                                /* 0x0000000000027941 */
                                                                                          /* 0x000fea0003800200 */
        /*12f0*/                   BRA 0x1380 ;                                           /* 0x0000000000207947 */
                                                                                          /* 0x000fea0003800000 */
        /*1300*/                   LOP3.LUT R9, R10, 0x80000000, R9, 0x48, !PT ;          /* 0x800000000a097812 */
                                                                                          /* 0x000fc800078e4809 */
        /*1310*/                   LOP3.LUT R9, R9, 0x7f800000, RZ, 0xfc, !PT ;           /* 0x7f80000009097812 */
                                                                                          /* 0x000fe200078efcff */
        /*1320*/                   BRA 0x1380 ;                                           /* 0x0000000000147947 */
                                                                                          /* 0x000fec0003800000 */
        /*1330*/                   LOP3.LUT R9, R10, 0x80000000, R9, 0x48, !PT ;          /* 0x800000000a097812 */
                                                                                          /* 0x000fe200078e4809 */
        /*1340*/                   BRA 0x1380 ;                                           /* 0x00000000000c7947 */
                                                                                          /* 0x000fec0003800000 */
        /*1350*/                   MUFU.RSQ R9, -QNAN  ;                                  /* 0xffc0000000097908 */
                                                                                          /* 0x000e220000001400 */
        /*1360*/                   BRA 0x1380 ;                                           /* 0x0000000000047947 */
                                                                                          /* 0x000fea0003800000 */
        /*1370*/                   FADD.FTZ R9, R0, R3 ;                                  /* 0x0000000300097221 */
                                                                                          /* 0x000fce0000010000 */
        /*1380*/                   BSYNC.RECONVERGENT B1 ;                                /* 0x0000000000017941 */
                                                                                          /* 0x000fea0003800200 */
        /*1390*/                   IMAD.MOV.U32 R10, RZ, RZ, R9 ;                         /* 0x000000ffff0a7224 */
                                                                                          /* 0x001fe400078e0009 */
        /*13a0*/                   IMAD.MOV.U32 R9, RZ, RZ, 0x0 ;                         /* 0x00000000ff097424 */
                                                                                          /* 0x000fc800078e00ff */
        /*13b0*/                   RET.REL.NODEC R8 0x0 ;                                 /* 0xffffffec08107950 */
                                                                                          /* 0x000fea0003c3ffff */
        /*13c0*/                   BRA 0x13c0;                                            /* 0xfffffffc00fc7947 */
                                                                                          /* 0x000fc0000383ffff */
        /*13d0*/                   NOP;                                                   /* 0x0000000000007918 */
                                                                                          /* 0x000fc00000000000 */
        /*13e0*/                   NOP;                                                   /* 0x0000000000007918 */
                                                                                          /* 0x000fc00000000000 */
        /*13f0*/                   NOP;                                                   /* 0x0000000000007918 */
                                                                                          /* 0x000fc00000000000 */
        /*1400*/                   NOP;                                                   /* 0x0000000000007918 */
                                                                                          /* 0x000fc00000000000 */
        /*1410*/                   NOP;                                                   /* 0x0000000000007918 */
                                                                                          /* 0x000fc00000000000 */
        /*1420*/                   NOP;                                                   /* 0x0000000000007918 */
                                                                                          /* 0x000fc00000000000 */
        /*1430*/                   NOP;                                                   /* 0x0000000000007918 */
                                                                                          /* 0x000fc00000000000 */
        /*1440*/                   NOP;                                                   /* 0x0000000000007918 */
                                                                                          /* 0x000fc00000000000 */
        /*1450*/                   NOP;                                                   /* 0x0000000000007918 */
                                                                                          /* 0x000fc00000000000 */
        /*1460*/                   NOP;                                                   /* 0x0000000000007918 */
                                                                                          /* 0x000fc00000000000 */
        /*1470*/                   NOP;                                                   /* 0x0000000000007918 */
                                                                                          /* 0x000fc00000000000 */
		..........


		Function : _ZN87_GLOBAL__N__1cc4304e_54_a3_guarded_rounding_native_20261002_r9_route_decode_cu_e867920f15rounding_kernelEPKtS1_PKfPKlS5_PKdS7_PfPhiiii
	.headerflags	@"EF_CUDA_SM110 EF_CUDA_VIRTUAL_SM(EF_CUDA_SM110)"
        /*0000*/                   LDC R1, c[0x0][0x37c] ;                                /* 0x0000df00ff017b82 */
                                                                                          /* 0x000fe20000000800 */
        /*0010*/                   S2R R5, SR_TID.X ;                                     /* 0x0000000000057919 */
                                                                                          /* 0x000e220000002100 */
        /*0020*/                   LDCU UR5, c[0x0][0x3cc] ;                              /* 0x00007980ff0577ac */
                                                                                          /* 0x000e620008000800 */
        /*0030*/                   IMAD.MOV.U32 R9, RZ, RZ, RZ ;                          /* 0x000000ffff097224 */
                                                                                          /* 0x000fe200078e00ff */
        /*0040*/                   S2R R7, SR_CTAID.X ;                                   /* 0x0000000000077919 */
                                                                                          /* 0x000ea20000002500 */
        /*0050*/                   LDCU UR4, c[0x0][0x3d4] ;                              /* 0x00007a80ff0477ac */
                                                                                          /* 0x000ee20008000800 */
        /*0060*/                   IMAD.U32 R11, RZ, RZ, UR5 ;                            /* 0x00000005ff0b7e24 */
                                                                                          /* 0x002fc8000f8e00ff */
        /*0070*/                   IMAD.WIDE R2, R11, UR4, RZ ;                           /* 0x000000040b027c25 */
                                                                                          /* 0x008fe2000f8e02ff */
        /*0080*/                   SHF.R.U32.HI R8, RZ, 0x4, R5 ;                         /* 0x00000004ff087819 */
                                                                                          /* 0x001fca0000011605 */
        /*0090*/                   IMAD.WIDE.U32 R8, R7, 0x8, R8 ;                        /* 0x0000000807087825 */
                                                                                          /* 0x004fc600078e0008 */
        /*00a0*/                   ISETP.GE.U32.AND P0, PT, R8, R2, PT ;                  /* 0x000000020800720c */
                                                                                          /* 0x000fc80003f06070 */
        /*00b0*/                   ISETP.GE.AND.EX P0, PT, R9, R3, PT, P0 ;               /* 0x000000030900720c */
                                                                                          /* 0x000fda0003f06300 */
        /*00c0*/               @P0 EXIT ;                                                 /* 0x000000000000094d */
                                                                                          /* 0x000fea0003800000 */
        /*00d0*/                   SHF.R.S32.HI R0, RZ, 0x1f, R11 ;                       /* 0x0000001fff007819 */
                                                                                          /* 0x000fe2000001140b */
        /*00e0*/                   LDCU.64 UR4, c[0x0][0x358] ;                           /* 0x00006b00ff0477ac */
                                                                                          /* 0x000e220008000a00 */
        /*00f0*/                   BSSY.RECONVERGENT B0, 0x360 ;                          /* 0x0000026000007945 */
                                                                                          /* 0x000fe40003800200 */
        /*0100*/                   LOP3.LUT R2, R9, R0, RZ, 0xfc, !PT ;                   /* 0x0000000009027212 */
                                                                                          /* 0x000fc800078efcff */
        /*0110*/                   ISETP.NE.U32.AND P0, PT, R2, RZ, PT ;                  /* 0x000000ff0200720c */
                                                                                          /* 0x000fe40003f05070 */
        /*0120*/                   LOP3.LUT R2, R5, 0xf, RZ, 0xc0, !PT ;                  /* 0x0000000f05027812 */
                                                                                          /* 0x000fd600078ec0ff */
        /*0130*/               @P0 BRA 0x2a0 ;                                            /* 0x0000000000580947 */
                                                                                          /* 0x000fea0003800000 */
        /*0140*/                   I2F.U32.RP R3, R11 ;                                   /* 0x0000000b00037306 */
                                                                                          /* 0x000e620000209000 */
        /*0150*/                   ISETP.NE.U32.AND P2, PT, R11, RZ, PT ;                 /* 0x000000ff0b00720c */
                                                                                          /* 0x000fe20003f45070 */
        /*0160*/                   MUFU.RCP R3, R3 ;                                      /* 0x0000000300037308 */
                                                                                          /* 0x002e640000001000 */
        /*0170*/                   IADD3 R6, PT, PT, R3, 0xffffffe, RZ ;                  /* 0x0ffffffe03067810 */
                                                                                          /* 0x002fe20007ffe0ff */
        /*0180*/                   IMAD.MOV.U32 R3, RZ, RZ, RZ ;                          /* 0x000000ffff037224 */
                                                                                          /* 0x000fc600078e00ff */
        /*0190*/                   F2I.FTZ.U32.TRUNC.NTZ R7, R6 ;                         /* 0x0000000600077305 */
                                                                                          /* 0x0002a4000021f000 */
        /*01a0*/                   IMAD.MOV.U32 R6, RZ, RZ, RZ ;                          /* 0x000000ffff067224 */
                                                                                          /* 0x002fe400078e00ff */
        /*01b0*/                   IMAD.MOV R4, RZ, RZ, -R7 ;                             /* 0x000000ffff047224 */
                                                                                          /* 0x004fc800078e0a07 */
        /*01c0*/                   IMAD R13, R4, R11, RZ ;                                /* 0x0000000b040d7224 */
                                                                                          /* 0x000fc800078e02ff */
        /*01d0*/                   IMAD.HI.U32 R7, R7, R13, R6 ;                          /* 0x0000000d07077227 */
                                                                                          /* 0x000fcc00078e0006 */
        /*01e0*/                   IMAD.HI.U32 R4, R7, R8, RZ ;                           /* 0x0000000807047227 */
                                                                                          /* 0x000fc800078e00ff */
        /*01f0*/                   IMAD.MOV R10, RZ, RZ, -R4 ;                            /* 0x000000ffff0a7224 */
                                                                                          /* 0x000fc800078e0a04 */
        /*0200*/                   IMAD R10, R11, R10, R8 ;                               /* 0x0000000a0b0a7224 */
                                                                                          /* 0x000fca00078e0208 */
        /*0210*/                   ISETP.GE.U32.AND P0, PT, R10, R11, PT ;                /* 0x0000000b0a00720c */
                                                                                          /* 0x000fda0003f06070 */
        /*0220*/               @P0 IMAD.IADD R10, R10, 0x1, -R11 ;                        /* 0x000000010a0a0824 */
                                                                                          /* 0x000fe200078e0a0b */
        /*0230*/               @P0 IADD3 R4, PT, PT, R4, 0x1, RZ ;                        /* 0x0000000104040810 */
                                                                                          /* 0x000fc80007ffe0ff */
        /*0240*/                   ISETP.GE.U32.AND P1, PT, R10, R11, PT ;                /* 0x0000000b0a00720c */
                                                                                          /* 0x000fda0003f26070 */
        /*0250*/               @P1 IADD3 R4, PT, PT, R4, 0x1, RZ ;                        /* 0x0000000104041810 */
                                                                                          /* 0x000fe40007ffe0ff */
        /*0260*/              @!P2 LOP3.LUT R4, RZ, R11, RZ, 0x33, !PT ;                  /* 0x0000000bff04a212 */
                                                                                          /* 0x000fca00078e33ff */
        /*0270*/                   IMAD.MOV R6, RZ, RZ, -R4 ;                             /* 0x000000ffff067224 */
                                                                                          /* 0x000fc800078e0a04 */
        /*0280*/                   IMAD R6, R11, R6, R8 ;                                 /* 0x000000060b067224 */
                                                                                          /* 0x000fe200078e0208 */
        /*0290*/                   BRA 0x350 ;                                            /* 0x00000000002c7947 */
                                                                                          /* 0x000fec0003800000 */
        /*02a0*/                   MOV R4, 0x2c0 ;                                        /* 0x000002c000047802 */
                                                                                          /* 0x000fce0000000f00 */
        /*02b0*/                   CALL.REL.NOINC 0x6e20 ;                                /* 0x0000006800d87944 */
                                                                                          /* 0x001fea0003c00000 */
        /*02c0*/                   LDCU UR6, c[0x0][0x3cc] ;                              /* 0x00007980ff0677ac */
                                                                                          /* 0x000e220008000800 */
        /*02d0*/                   IADD3 R4, P0, PT, RZ, -R3, RZ ;                        /* 0x80000003ff047210 */
                                                                                          /* 0x000fca0007f1e0ff */
        /*02e0*/                   IMAD.X R10, RZ, RZ, ~R10, P0 ;                         /* 0x000000ffff0a7224 */
                                                                                          /* 0x000fe400000e0e0a */
        /*02f0*/                   IMAD.U32 R11, RZ, RZ, UR6 ;                            /* 0x00000006ff0b7e24 */
                                                                                          /* 0x001fc8000f8e00ff */
        /*0300*/                   IMAD R13, R10, R11.reuse, RZ ;                         /* 0x0000000b0a0d7224 */
                                                                                          /* 0x080fe400078e02ff */
        /*0310*/                   IMAD.WIDE.U32 R6, R4, R11, R8 ;                        /* 0x0000000b04067225 */
                                                                                          /* 0x000fc800078e0008 */
        /*0320*/                   IMAD R13, R0, R4, R13 ;                                /* 0x00000004000d7224 */
                                                                                          /* 0x000fe400078e020d */
        /*0330*/                   IMAD.MOV.U32 R4, RZ, RZ, R3 ;                          /* 0x000000ffff047224 */
                                                                                          /* 0x000fe400078e0003 */
        /*0340*/                   IMAD.IADD R3, R7, 0x1, R13 ;                           /* 0x0000000107037824 */
                                                                                          /* 0x000fce00078e020d */
        /*0350*/                   BSYNC.RECONVERGENT B0 ;                                /* 0x0000000000007941 */
                                                                                          /* 0x001fea0003800200 */
        /*0360*/                   LDCU.64 UR6, c[0x0][0x3a0] ;                           /* 0x00007400ff0677ac */
                                                                                          /* 0x000e220008000a00 */
        /*0370*/                   SHF.R.S64 R12, RZ, 0x1d, R4.reuse ;                    /* 0x0000001dff0c7819 */
                                                                                          /* 0x100fe40000001004 */
        /*0380*/                   SHF.R.S32.HI R7, RZ, 0x1d, R4 ;                        /* 0x0000001dff077819 */
                                                                                          /* 0x000fe20000011404 */
        /*0390*/                   LDCU.64 UR8, c[0x0][0x398] ;                           /* 0x00007300ff0877ac */
                                                                                          /* 0x000e620008000a00 */
        /*03a0*/                   IADD3 R14, P0, PT, R12.reuse, UR6, RZ ;                /* 0x000000060c0e7c10 */
                                                                                          /* 0x041fe4000ff1e0ff */
        /*03b0*/                   IADD3 R12, P1, PT, R12, UR8, RZ ;                      /* 0x000000080c0c7c10 */
                                                                                          /* 0x002fe4000ff3e0ff */
        /*03c0*/                   IADD3.X R15, PT, PT, R7.reuse, UR7, RZ, P0, !PT ;      /* 0x00000007070f7c10 */
                                                                                          /* 0x040fe200087fe4ff */
        /*03d0*/                   LDCU UR7, c[0x0][0x3d0] ;                              /* 0x00007a00ff0777ac */
                                                                                          /* 0x000e220008000800 */
        /*03e0*/                   IADD3.X R13, PT, PT, R7, UR9, RZ, P1, !PT ;            /* 0x00000009070d7c10 */
                                                                                          /* 0x000fc80008ffe4ff */
        /*03f0*/                   LDG.E.64 R14, desc[UR4][R14.64] ;                      /* 0x000000040e0e7981 */
                                                                                          /* 0x000ea8000c1e1b00 */
        /*0400*/                   LDG.E.64 R12, desc[UR4][R12.64] ;                      /* 0x000000040c0c7981 */
                                                                                          /* 0x000ee2000c1e1b00 */
        /*0410*/                   IMAD.MOV.U32 R10, RZ, RZ, 0xffff ;                     /* 0x0000ffffff0a7424 */
                                                                                          /* 0x000fe200078e00ff */
        /*0420*/                   LOP3.LUT R5, R5, 0x10, RZ, 0xc0, !PT ;                 /* 0x0000001005057812 */
                                                                                          /* 0x000fe200078ec0ff */
        /*0430*/                   BSSY.RECONVERGENT B0, 0x55d0 ;                         /* 0x0000519000007945 */
                                                                                          /* 0x000fe20003800200 */
        /*0440*/                   CS2R R30, SRZ ;                                        /* 0x00000000001e7805 */
                                                                                          /* 0x000fe4000001ff00 */
        /*0450*/                   SHF.L.U32 R5, R10, R5, RZ ;                            /* 0x000000050a057219 */
                                                                                          /* 0x000fe200000006ff */
        /*0460*/                   USHF.R.S32.HI UR6, URZ, 0x1f, UR7 ;                    /* 0x0000001fff067899 */
                                                                                          /* 0x001fc40008011407 */
        /*0470*/                   ISETP.GE.U32.AND P0, PT, R14, UR7, PT ;                /* 0x000000070e007c0c */
                                                                                          /* 0x004fe4000bf06070 */
        /*0480*/                   LOP3.LUT R7, R15.reuse, R13, RZ, 0xfc, !PT ;           /* 0x0000000d0f077212 */
                                                                                          /* 0x048fe400078efcff */
        /*0490*/                   ISETP.GE.AND.EX P0, PT, R15, UR6, PT, P0 ;             /* 0x000000060f007c0c */
                                                                                          /* 0x000fc8000bf06300 */
        /*04a0*/                   ISETP.LT.OR P1, PT, R7, RZ, P0 ;                       /* 0x000000ff0700720c */
                                                                                          /* 0x000fe40000721670 */
        /*04b0*/                   PLOP3.LUT P0, PT, PT, PT, PT, 0x8, 0x80 ;              /* 0x000000000080781c */
                                                                                          /* 0x000fd60003f0e170 */
        /*04c0*/              @!P1 LDC R7, c[0x0][0x3c8] ;                                /* 0x0000f200ff079b82 */
                                                                                          /* 0x000e240000000800 */
        /*04d0*/              @!P1 ISETP.GE.U32.AND P2, PT, R12, R7, PT ;                 /* 0x000000070c00920c */
                                                                                          /* 0x001fe40003f46070 */
        /*04e0*/              @!P1 SHF.R.S32.HI R7, RZ, 0x1f, R7 ;                        /* 0x0000001fff079819 */
                                                                                          /* 0x000fc80000011407 */
        /*04f0*/              @!P1 ISETP.GE.AND.EX P2, PT, R13, R7, PT, P2 ;              /* 0x000000070d00920c */
                                                                                          /* 0x000fc80003f46320 */
        /*0500*/              @!P1 PLOP3.LUT P0, PT, P2, PT, PT, 0x8, 0x80 ;              /* 0x000000000080981c */
                                                                                          /* 0x000fc8000170e170 */
        /*0510*/                   ISETP.NE.U32.OR P1, PT, R2, RZ, !P0 ;                  /* 0x000000ff0200720c */
                                                                                          /* 0x000fe40004725470 */
        /*0520*/                   SEL R7, R14, RZ, P0 ;                                  /* 0x000000ff0e077207 */
                                                                                          /* 0x000fd60000000000 */
        /*0530*/               @P1 BRA 0x55c0 ;                                           /* 0x0000005000201947 */
                                                                                          /* 0x000fea0003800000 */
        /*0540*/                   LDCU.64 UR6, c[0x0][0x390] ;                           /* 0x00007200ff0677ac */
                                                                                          /* 0x000e220008000a00 */
        /*0550*/                   SHF.R.S32.HI R10, RZ, 0x1f, R12 ;                      /* 0x0000001fff0a7819 */
                                                                                          /* 0x000fe2000001140c */
        /*0560*/                   IMAD.MOV.U32 R14, RZ, RZ, R6 ;                         /* 0x000000ffff0e7224 */
                                                                                          /* 0x000fe400078e0006 */
        /*0570*/                   IMAD.MOV.U32 R15, RZ, RZ, R3 ;                         /* 0x000000ffff0f7224 */
                                                                                          /* 0x000fe400078e0003 */
        /*0580*/                   IMAD R13, R10, R11.reuse, RZ ;                         /* 0x0000000b0a0d7224 */
                                                                                          /* 0x080fe400078e02ff */
        /*0590*/                   IMAD.WIDE.U32 R16, R12, R11, R14 ;                     /* 0x0000000b0c107225 */
                                                                                          /* 0x000fc800078e000e */
        /*05a0*/                   IMAD R13, R12, R0, R13 ;                               /* 0x000000000c0d7224 */
                                                                                          /* 0x000fc800078e020d */
        /*05b0*/                   IMAD.IADD R13, R17, 0x1, R13 ;                         /* 0x00000001110d7824 */
                                                                                          /* 0x000fe200078e020d */
        /*05c0*/                   LEA R12, P0, R16, UR6, 0x2 ;                           /* 0x00000006100c7c11 */
                                                                                          /* 0x001fc8000f8010ff */
        /*05d0*/                   LEA.HI.X R13, R16, UR7, R13, 0x2, P0 ;                 /* 0x00000007100d7c11 */
                                                                                          /* 0x000fca00080f140d */
        /*05e0*/                   LDG.E R31, desc[UR4][R12.64] ;                         /* 0x000000040c1f7981 */
                                                                                          /* 0x000ea2000c1e1900 */
        /*05f0*/                   PLOP3.LUT P0, PT, PT, PT, PT, 0x8, 0x80 ;              /* 0x000000000080781c */
                                                                                          /* 0x000fe40003f0e170 */
        /*0600*/                   FSETP.NE.AND P1, PT, |R31|, +INF , PT ;                /* 0x7f8000001f00780b */
                                                                                          /* 0x004fda0003f25200 */
        /*0610*/              @!P1 BRA 0x55c0 ;                                           /* 0x0000004c00e89947 */
                                                                                          /* 0x000fea0003800000 */
        /*0620*/                   LDC.64 R16, c[0x0][0x3a8] ;                            /* 0x0000ea00ff107b82 */
                                                                                          /* 0x000e220000000a00 */
        /*0630*/                   SHF.R.S32.HI R10, RZ, 0x1f, R7 ;                       /* 0x0000001fff0a7819 */
                                                                                          /* 0x000fca0000011407 */
        /*0640*/                   IMAD R18, R10, R11.reuse, RZ ;                         /* 0x0000000b0a127224 */
                                                                                          /* 0x080fe400078e02ff */
        /*0650*/                   LDC.64 R12, c[0x0][0x3b0] ;                            /* 0x0000ec00ff0c7b82 */
                                                                                          /* 0x000e620000000a00 */
        /*0660*/                   IMAD.WIDE.U32 R10, R7, R11, R14 ;                      /* 0x0000000b070a7225 */
                                                                                          /* 0x000fe200078e000e */
        /*0670*/                   SHF.R.S32.HI R14, RZ, 0x1f, R4 ;                       /* 0x0000001fff0e7819 */
                                                                                          /* 0x000fc60000011404 */
        /*0680*/                   IMAD R15, R7, R0, R18 ;                                /* 0x00000000070f7224 */
                                                                                          /* 0x000fc800078e0212 */
        /*0690*/                   IMAD.IADD R11, R11, 0x1, R15 ;                         /* 0x000000010b0b7824 */
                                                                                          /* 0x000fe400078e020f */
        /*06a0*/                   IMAD R15, R14, 0x28, RZ ;                              /* 0x000000280e0f7824 */
                                                                                          /* 0x000fe400078e02ff */
        /*06b0*/                   IMAD R19, R11, 0x28, RZ ;                              /* 0x000000280b137824 */
                                                                                          /* 0x000fe400078e02ff */
        /*06c0*/                   IMAD.WIDE.U32 R16, R4, 0x28, R16 ;                     /* 0x0000002804107825 */
                                                                                          /* 0x001fc800078e0010 */
        /*06d0*/                   IMAD.IADD R11, R17, 0x1, R15 ;                         /* 0x00000001110b7824 */
                                                                                          /* 0x000fe400078e020f */
        /*06e0*/                   IMAD.WIDE.U32 R12, R10, 0x28, R12 ;                    /* 0x000000280a0c7825 */
                                                                                          /* 0x002fc800078e000c */
        /*06f0*/                   IMAD.MOV.U32 R10, RZ, RZ, R16 ;                        /* 0x000000ffff0a7224 */
                                                                                          /* 0x000fe400078e0010 */
        /*0700*/                   IMAD.IADD R13, R13, 0x1, R19 ;                         /* 0x000000010d0d7824 */
                                                                                          /* 0x000fc600078e0213 */
        /*0710*/                   LDG.E.64 R24, desc[UR4][R10.64+0x20] ;                 /* 0x000020040a187981 */
                                                                                          /* 0x000ea8000c1e1b00 */
        /*0720*/                   LDG.E.64 R20, desc[UR4][R10.64+0x8] ;                  /* 0x000008040a147981 */
                                                                                          /* 0x000ee8000c1e1b00 */
        /*0730*/                   LDG.E.64 R22, desc[UR4][R12.64+0x8] ;                  /* 0x000008040c167981 */
                                                                                          /* 0x000ee8000c1e1b00 */
        /*0740*/                   LDG.E.64 R14, desc[UR4][R10.64] ;                      /* 0x000000040a0e7981 */
                                                                                          /* 0x000f28000c1e1b00 */
        /*0750*/                   LDG.E.64 R16, desc[UR4][R12.64] ;                      /* 0x000000040c107981 */
                                                                                          /* 0x000f28000c1e1b00 */
        /*0760*/                   LDG.E.64 R18, desc[UR4][R12.64+0x20] ;                 /* 0x000020040c127981 */
                                                                                          /* 0x000162000c1e1b00 */
        /*0770*/                   BSSY.RECONVERGENT B1, 0xa90 ;                          /* 0x0000031000017945 */
                                                                                          /* 0x000fe20003800200 */
        /*0780*/                   CS2R R26, SRZ ;                                        /* 0x00000000001a7805 */
                                                                                          /* 0x000fe2000001ff00 */
        /*0790*/                   F2I.F64.TRUNC R32, R24 ;                               /* 0x0000001800207311 */
                                                                                          /* 0x00405e000030d100 */
        /*07a0*/                   NOP ;                                                  /* 0x0000000000007918 */
                                                                                          /* 0x000fde0000000000 */
        /*07b0*/                   NOP ;                                                  /* 0x0000000000007918 */
                                                                                          /* 0x000fde0000000000 */
        /*07c0*/                   NOP ;                                                  /* 0x0000000000007918 */
                                                                                          /* 0x000fde0000000000 */
        /*07d0*/                   NOP ;                                                  /* 0x0000000000007918 */
                                                                                          /* 0x000fc80000000000 */
        /*07e0*/                   DMUL R20, R20, R22 ;                                   /* 0x0000001614147228 */
                                                                                          /* 0x008e9e0000000000 */
        /*07f0*/                   NOP ;                                                  /* 0x0000000000007918 */
                                                                                          /* 0x000fde0000000000 */
        /*0800*/                   NOP ;                                                  /* 0x0000000000007918 */
                                                                                          /* 0x000fde0000000000 */
        /*0810*/                   NOP ;                                                  /* 0x0000000000007918 */
                                                                                          /* 0x000fde0000000000 */
        /*0820*/                   NOP ;                                                  /* 0x0000000000007918 */
                                                                                          /* 0x000fc80000000000 */
        /*0830*/                   DSETP.NEU.AND P0, PT, R20, RZ, PT ;                    /* 0x000000ff1400722a */
                                                                                          /* 0x004fde0003f0d000 */
        /*0840*/                   NOP ;                                                  /* 0x0000000000007918 */
                                                                                          /* 0x000fde0000000000 */
        /*0850*/                   NOP ;                                                  /* 0x0000000000007918 */
                                                                                          /* 0x000fde0000000000 */
        /*0860*/                   NOP ;                                                  /* 0x0000000000007918 */
                                                                                          /* 0x000fde0000000000 */
        /*0870*/                   NOP ;                                                  /* 0x0000000000007918 */
                                                                                          /* 0x000fc80000000000 */
        /*0880*/                   DMUL R22, R14, R16 ;                                   /* 0x000000100e167228 */
                                                                                          /* 0x010e9e0000000000 */
        /*0890*/                   NOP ;                                                  /* 0x0000000000007918 */
                                                                                          /* 0x000fde0000000000 */
        /*08a0*/                   NOP ;                                                  /* 0x0000000000007918 */
                                                                                          /* 0x000fde0000000000 */
        /*08b0*/                   NOP ;                                                  /* 0x0000000000007918 */
                                                                                          /* 0x000fde0000000000 */
        /*08c0*/                   NOP ;                                                  /* 0x0000000000007918 */
                                                                                          /* 0x000fc80000000000 */
        /*08d0*/                   DSETP.NEU.AND P3, PT, R22, RZ, PT ;                    /* 0x000000ff1600722a */
                                                                                          /* 0x0044e20003f6d000 */
        /*08e0*/              @!P0 BRA 0xa80 ;                                            /* 0x0000000000648947 */
                                                                                          /* 0x000fea0003800000 */
        /*08f0*/                   DSETP.NAN.AND P0, PT, |R20|, +INF , PT ;               /* 0x7ff000001400742a */
                                                                                          /* 0x000e1e0003f08200 */
        /*0900*/                   NOP ;                                                  /* 0x0000000000007918 */
                                                                                          /* 0x000fde0000000000 */
        /*0910*/                   NOP ;                                                  /* 0x0000000000007918 */
                                                                                          /* 0x000fde0000000000 */
        /*0920*/                   NOP ;                                                  /* 0x0000000000007918 */
                                                                                          /* 0x000fde0000000000 */
        /*0930*/                   NOP ;                                                  /* 0x0000000000007918 */
                                                                                          /* 0x000fc80000000000 */
        /*0940*/               @P0 DADD R24, R20, +INF  ;                                 /* 0x7ff0000014180429 */
                                                                                          /* 0x001e240000000000 */
        /*0950*/               @P0 IMAD.MOV.U32 R26, RZ, RZ, R24 ;                        /* 0x000000ffff1a0224 */
                                                                                          /* 0x001fe400078e0018 */
        /*0960*/               @P0 IMAD.MOV.U32 R27, RZ, RZ, R25 ;                        /* 0x000000ffff1b0224 */
                                                                                          /* 0x000fe200078e0019 */
        /*0970*/               @P0 BRA 0xa80 ;                                            /* 0x0000000000400947 */
                                                                                          /* 0x000fec0003800000 */
        /*0980*/                   IADD3 R25, P2, PT, RZ, R20, RZ ;                       /* 0x00000014ff197210 */
                                                                                          /* 0x000fe40007f5e0ff */
        /*0990*/                   LOP3.LUT R24, R21, 0x7fffffff, RZ, 0xc0, !PT ;         /* 0x7fffffff15187812 */
                                                                                          /* 0x000fe400078ec0ff */
        /*09a0*/                   ISETP.GT.U32.AND P0, PT, R20.reuse, -0x1, PT ;         /* 0xffffffff1400780c */
                                                                                          /* 0x040fe40003f04070 */
        /*09b0*/                   ISETP.LT.U32.AND P1, PT, R25, RZ, PT ;                 /* 0x000000ff1900720c */
                                                                                          /* 0x000fe40003f21070 */
        /*09c0*/                   IADD3 R25, P4, PT, R20, -0x1, RZ ;                     /* 0xffffffff14197810 */
                                                                                          /* 0x000fe40007f9e0ff */
        /*09d0*/                   IADD3.X R24, PT, PT, R24, -0x100000, RZ, P2, !PT ;     /* 0xfff0000018187810 */
                                                                                          /* 0x000fc400017fe4ff */
        /*09e0*/                   ISETP.GT.AND.EX P0, PT, R21, -0x1, PT, P0 ;            /* 0xffffffff1500780c */
                                                                                          /* 0x000fe40003f04300 */
        /*09f0*/                   ISETP.LT.U32.AND P2, PT, R25, -0x1, PT ;               /* 0xffffffff1900780c */
                                                                                          /* 0x000fe40003f41070 */
        /*0a00*/                   IADD3.X R25, PT, PT, R21, -0x1, RZ, P4, !PT ;          /* 0xffffffff15197810 */
                                                                                          /* 0x000fe400027fe4ff */
        /*0a10*/                   ISETP.LT.U32.AND.EX P0, PT, R24, 0x7fe00000, P0, P1 ;  /* 0x7fe000001800780c */
                                                                                          /* 0x000fe20000701110 */
        /*0a20*/                   DSETP.GEU.AND P1, PT, R20, RZ, PT ;                    /* 0x000000ff1400722a */
                                                                                          /* 0x000e240003f2e000 */
        /*0a30*/                   SEL R27, RZ, 0xffffffff, P1 ;                          /* 0xffffffffff1b7807 */
                                                                                          /* 0x001fe40000800000 */
        /*0a40*/                   ISETP.LT.U32.OR.EX P0, PT, R25, 0xfffff, P0, P2 ;      /* 0x000fffff1900780c */
                                                                                          /* 0x000fc80000701520 */
        /*0a50*/                   SEL R25, RZ, 0x1, !P0 ;                                /* 0x00000001ff197807 */
                                                                                          /* 0x000fc80004000000 */
        /*0a60*/                   IADD3 R26, P0, P1, R25, R27, R20 ;                     /* 0x0000001b191a7210 */
                                                                                          /* 0x000fc8000791e014 */
        /*0a70*/                   IADD3.X R27, PT, PT, RZ, R27, R21, P0, P1 ;            /* 0x0000001bff1b7210 */
                                                                                          /* 0x000fd200007e2415 */
        /*0a80*/                   BSYNC.RECONVERGENT B1 ;                                /* 0x0000000000017941 */
                                                                                          /* 0x000fea0003800200 */
        /*0a90*/                   F2I.F64.TRUNC R21, R18 ;                               /* 0x0000001200157311 */
                                                                                          /* 0x020822000030d100 */
        /*0aa0*/                   BSSY.RECONVERGENT B1, 0xc80 ;                          /* 0x000001d000017945 */
                                                                                          /* 0x000fe20003800200 */
        /*0ab0*/                   IMAD.MOV.U32 R20, RZ, RZ, RZ ;                         /* 0x000000ffff147224 */
                                                                                          /* 0x000fe400078e00ff */
        /*0ac0*/                   IMAD.MOV.U32 R25, RZ, RZ, RZ ;                         /* 0x000000ffff197224 */
                                                                                          /* 0x001fe200078e00ff */
        /*0ad0*/              @!P3 BRA 0xc70 ;                                            /* 0x000000000064b947 */
                                                                                          /* 0x008fec0003800000 */
        /*0ae0*/                   DSETP.NAN.AND P0, PT, |R22|, +INF , PT ;               /* 0x7ff000001600742a */
                                                                                          /* 0x000f1e0003f08200 */
        /*0af0*/                   NOP ;                                                  /* 0x0000000000007918 */
                                                                                          /* 0x000fde0000000000 */
        /*0b00*/                   NOP ;                                                  /* 0x0000000000007918 */
                                                                                          /* 0x000fde0000000000 */
        /*0b10*/                   NOP ;                                                  /* 0x0000000000007918 */
                                                                                          /* 0x000fde0000000000 */
        /*0b20*/                   NOP ;                                                  /* 0x0000000000007918 */
                                                                                          /* 0x000fc80000000000 */
        /*0b30*/               @P0 DADD R18, R22, +INF  ;                                 /* 0x7ff0000016120429 */
                                                                                          /* 0x010e240000000000 */
        /*0b40*/               @P0 IMAD.MOV.U32 R20, RZ, RZ, R18 ;                        /* 0x000000ffff140224 */
                                                                                          /* 0x001fe400078e0012 */
        /*0b50*/               @P0 IMAD.MOV.U32 R25, RZ, RZ, R19 ;                        /* 0x000000ffff190224 */
                                                                                          /* 0x000fe200078e0013 */
        /*0b60*/               @P0 BRA 0xc70 ;                                            /* 0x0000000000400947 */
                                                                                          /* 0x000fec0003800000 */
        /*0b70*/                   IADD3 R19, P2, PT, RZ, R22, RZ ;                       /* 0x00000016ff137210 */
                                                                                          /* 0x000fe40007f5e0ff */
        /*0b80*/                   LOP3.LUT R18, R23, 0x7fffffff, RZ, 0xc0, !PT ;         /* 0x7fffffff17127812 */
                                                                                          /* 0x000fe400078ec0ff */
        /*0b90*/                   ISETP.GT.U32.AND P0, PT, R22.reuse, -0x1, PT ;         /* 0xffffffff1600780c */
                                                                                          /* 0x040fe40003f04070 */
        /*0ba0*/                   ISETP.LT.U32.AND P1, PT, R19, RZ, PT ;                 /* 0x000000ff1300720c */
                                                                                          /* 0x000fe40003f21070 */
        /*0bb0*/                   IADD3 R19, P3, PT, R22, -0x1, RZ ;                     /* 0xffffffff16137810 */
                                                                                          /* 0x000fe40007f7e0ff */
        /*0bc0*/                   IADD3.X R18, PT, PT, R18, -0x100000, RZ, P2, !PT ;     /* 0xfff0000012127810 */
                                                                                          /* 0x000fc400017fe4ff */
        /*0bd0*/                   ISETP.GT.AND.EX P0, PT, R23, -0x1, PT, P0 ;            /* 0xffffffff1700780c */
                                                                                          /* 0x000fe40003f04300 */
        /*0be0*/                   ISETP.LT.U32.AND P2, PT, R19, -0x1, PT ;               /* 0xffffffff1300780c */
                                                                                          /* 0x000fe40003f41070 */
        /*0bf0*/                   IADD3.X R19, PT, PT, R23, -0x1, RZ, P3, !PT ;          /* 0xffffffff17137810 */
                                                                                          /* 0x000fe40001ffe4ff */
        /*0c00*/                   ISETP.LT.U32.AND.EX P0, PT, R18, 0x7fe00000, P0, P1 ;  /* 0x7fe000001200780c */
                                                                                          /* 0x000fe20000701110 */
        /*0c10*/                   DSETP.GEU.AND P1, PT, R22, RZ, PT ;                    /* 0x000000ff1600722a */
                                                                                          /* 0x000e240003f2e000 */
        /*0c20*/                   SEL R25, RZ, 0xffffffff, P1 ;                          /* 0xffffffffff197807 */
                                                                                          /* 0x001fe40000800000 */
        /*0c30*/                   ISETP.LT.U32.OR.EX P0, PT, R19, 0xfffff, P0, P2 ;      /* 0x000fffff1300780c */
                                                                                          /* 0x000fc80000701520 */
        /*0c40*/                   SEL R19, RZ, 0x1, !P0 ;                                /* 0x00000001ff137807 */
                                                                                          /* 0x000fc80004000000 */
        /*0c50*/                   IADD3 R20, P0, P1, R19, R25, R22 ;                     /* 0x0000001913147210 */
                                                                                          /* 0x000fc8000791e016 */
        /*0c60*/                   IADD3.X R25, PT, PT, RZ, R25, R23, P0, P1 ;            /* 0x00000019ff197210 */
                                                                                          /* 0x000fd200007e2417 */
        /*0c70*/                   BSYNC.RECONVERGENT B1 ;                                /* 0x0000000000017941 */
                                                                                          /* 0x000fea0003800200 */
        /*0c80*/                   DSETP.NEU.AND P0, PT, R26, RZ, PT ;                    /* 0x000000ff1a00722a */
                                                                                          /* 0x000e220003f0d000 */
        /*0c90*/                   BSSY.RECONVERGENT B1, 0x25e0 ;                         /* 0x0000194000017945 */
                                                                                          /* 0x000fe20003800200 */
        /*0ca0*/                   IMAD.IADD R32, R32, 0x1, R21 ;                         /* 0x0000000120207824 */
                                                                                          /* 0x002fe200078e0215 */
        /*0cb0*/                   CS2R R18, SRZ ;                                        /* 0x0000000000127805 */
                                                                                          /* 0x010fe2000001ff00 */
        /*0cc0*/                   IMAD.MOV.U32 R21, RZ, RZ, R25 ;                        /* 0x000000ffff157224 */
                                                                                          /* 0x000fe200078e0019 */
        /*0cd0*/              @!P0 BRA 0x25d0 ;                                           /* 0x00000018003c8947 */
                                                                                          /* 0x001fec0003800000 */
        /*0ce0*/                   DSETP.NE.AND P0, PT, |R26|, +INF , PT ;                /* 0x7ff000001a00742a */
                                                                                          /* 0x000e220003f05200 */
        /*0cf0*/                   IMAD.MOV.U32 R18, RZ, RZ, 0x0 ;                        /* 0x00000000ff127424 */
                                                                                          /* 0x000fe400078e00ff */
        /*0d00*/                   IMAD.MOV.U32 R19, RZ, RZ, 0x7ff00000 ;                 /* 0x7ff00000ff137424 */
                                                                                          /* 0x000fde00078e00ff */
        /*0d10*/                   NOP ;                                                  /* 0x0000000000007918 */
                                                                                          /* 0x000fde0000000000 */
        /*0d20*/                   NOP ;                                                  /* 0x0000000000007918 */
                                                                                          /* 0x000fde0000000000 */
        /*0d30*/                   NOP ;                                                  /* 0x0000000000007918 */
                                                                                          /* 0x000fde0000000000 */
        /*0d40*/                   NOP ;                                                  /* 0x0000000000007918 */
                                                                                          /* 0x000fc20000000000 */
        /*0d50*/                   DSETP.LT.OR P0, PT, R26, RZ, !P0 ;                     /* 0x000000ff1a00722a */
                                                                                          /* 0x001e240004701400 */
        /*0d60*/               @P0 BRA 0x25d0 ;                                           /* 0x0000001800180947 */
                                                                                          /* 0x001fea0003800000 */
        /*0d70*/                   IADD3 R19, P2, PT, RZ, R26, RZ ;                       /* 0x0000001aff137210 */
                                                                                          /* 0x000fe20007f5e0ff */
        /*0d80*/                   BSSY.RECONVERGENT B2, 0x1160 ;                         /* 0x000003d000027945 */
                                                                                          /* 0x000fe20003800200 */
        /*0d90*/                   LOP3.LUT R18, R27, 0x7fffffff, RZ, 0xc0, !PT ;         /* 0x7fffffff1b127812 */
                                                                                          /* 0x000fe200078ec0ff */
        /*0da0*/                   CS2R R24, SRZ ;                                        /* 0x0000000000187805 */
                                                                                          /* 0x000fe2000001ff00 */
        /*0db0*/                   ISETP.GT.U32.AND P0, PT, R26.reuse, -0x1, PT ;         /* 0xffffffff1a00780c */
                                                                                          /* 0x040fe40003f04070 */
        /*0dc0*/                   ISETP.LT.U32.AND P1, PT, R19, RZ, PT ;                 /* 0x000000ff1300720c */
                                                                                          /* 0x000fe40003f21070 */
        /*0dd0*/                   IADD3 R19, P3, PT, R26, -0x1, RZ ;                     /* 0xffffffff1a137810 */
                                                                                          /* 0x000fe40007f7e0ff */
        /*0de0*/                   IADD3.X R18, PT, PT, R18, -0x100000, RZ, P2, !PT ;     /* 0xfff0000012127810 */
                                                                                          /* 0x000fc400017fe4ff */
        /*0df0*/                   ISETP.GT.AND.EX P0, PT, R27, -0x1, PT, P0 ;            /* 0xffffffff1b00780c */
                                                                                          /* 0x000fe40003f04300 */
        /*0e00*/                   ISETP.LT.U32.AND P2, PT, R19, -0x1, PT ;               /* 0xffffffff1300780c */
                                                                                          /* 0x000fe40003f41070 */
        /*0e10*/                   IADD3.X R19, PT, PT, R27, -0x1, RZ, P3, !PT ;          /* 0xffffffff1b137810 */
                                                                                          /* 0x000fe40001ffe4ff */
        /*0e20*/                   ISETP.LT.U32.AND.EX P0, PT, R18, 0x7fe00000, P0, P1 ;  /* 0x7fe000001200780c */
                                                                                          /* 0x000fc80000701110 */
        /*0e30*/                   ISETP.LT.U32.OR.EX P0, PT, R19, 0xfffff, P0, P2 ;      /* 0x000fffff1300780c */
                                                                                          /* 0x000fc80000701520 */
        /*0e40*/                   SEL R19, RZ, 0x1, !P0 ;                                /* 0x00000001ff137807 */
                                                                                          /* 0x000fc80004000000 */
        /*0e50*/                   IADD3 R18, P0, PT, R26, R19, RZ ;                      /* 0x000000131a127210 */
                                                                                          /* 0x000fca0007f1e0ff */
        /*0e60*/                   IMAD.X R19, RZ, RZ, R27, P0 ;                          /* 0x000000ffff137224 */
                                                                                          /* 0x000fca00000e061b */
        /*0e70*/                   SHF.R.U32.HI R22, RZ, 0x14, R19 ;                      /* 0x00000014ff167819 */
                                                                                          /* 0x004fe40000011613 */
        /*0e80*/                   DSETP.NEU.AND P0, PT, R18, RZ, PT ;                    /* 0x000000ff1200722a */
                                                                                          /* 0x000e240003f0d000 */
        /*0e90*/                   LOP3.LUT R22, R22, 0x7ff, RZ, 0xc0, !PT ;              /* 0x000007ff16167812 */
                                                                                          /* 0x000fc800078ec0ff */
        /*0ea0*/                   IADD3 R22, PT, PT, R22, -0x3ff, RZ ;                   /* 0xfffffc0116167810 */
                                                                                          /* 0x000fc80007ffe0ff */
        /*0eb0*/                   SEL R23, R22, 0xffffd8f0, P0 ;                         /* 0xffffd8f016177807 */
                                                                                          /* 0x001fe20000000000 */
        /*0ec0*/                   IMAD.MOV.U32 R22, RZ, RZ, RZ ;                         /* 0x000000ffff167224 */
                                                                                          /* 0x000fc600078e00ff */
        /*0ed0*/                   IMNMX R23, R32, R23, !PT ;                             /* 0x0000001720177217 */
                                                                                          /* 0x000fc80007ffe200 */
        /*0ee0*/                   IADD3 R23, PT, PT, R23, 0x3e6, RZ ;                    /* 0x000003e617177810 */
                                                                                          /* 0x000fca0007ffe0ff */
        /*0ef0*/                   IMAD.SHL.U32 R23, R23, 0x100000, RZ ;                  /* 0x0010000017177824 */
                                                                                          /* 0x000fde00078e00ff */
        /*0f00*/                   NOP ;                                                  /* 0x0000000000007918 */
                                                                                          /* 0x000fde0000000000 */
        /*0f10*/                   NOP ;                                                  /* 0x0000000000007918 */
                                                                                          /* 0x000fd60000000000 */
        /*0f20*/                   DMUL R22, R22, 33 ;                                    /* 0x4040800016167828 */
                                                                                          /* 0x000e1e0000000000 */
        /*0f30*/                   NOP ;                                                  /* 0x0000000000007918 */
                                                                                          /* 0x000fde0000000000 */
        /*0f40*/                   NOP ;                                                  /* 0x0000000000007918 */
                                                                                          /* 0x000fde0000000000 */
        /*0f50*/                   NOP ;                                                  /* 0x0000000000007918 */
                                                                                          /* 0x000fde0000000000 */
        /*0f60*/                   NOP ;                                                  /* 0x0000000000007918 */
                                                                                          /* 0x000fc80000000000 */
        /*0f70*/                   DADD R18, R22, R18 ;                                   /* 0x0000000016127229 */
                                                                                          /* 0x001e1e0000000012 */
        /*0f80*/                   NOP ;                                                  /* 0x0000000000007918 */
                                                                                          /* 0x000fde0000000000 */
        /*0f90*/                   NOP ;                                                  /* 0x0000000000007918 */
                                                                                          /* 0x000fde0000000000 */
        /*0fa0*/                   NOP ;                                                  /* 0x0000000000007918 */
                                                                                          /* 0x000fde0000000000 */
        /*0fb0*/                   NOP ;                                                  /* 0x0000000000007918 */
                                                                                          /* 0x000fc80000000000 */
        /*0fc0*/                   DSETP.NEU.AND P0, PT, R18, RZ, PT ;                    /* 0x000000ff1200722a */
                                                                                          /* 0x001e240003f0d000 */
        /*0fd0*/              @!P0 BRA 0x1150 ;                                           /* 0x00000000005c8947 */
                                                                                          /* 0x001fea0003800000 */
        /*0fe0*/                   DSETP.NAN.AND P0, PT, |R18|, +INF , PT ;               /* 0x7ff000001200742a */
                                                                                          /* 0x000e1e0003f08200 */
        /*0ff0*/                   NOP ;                                                  /* 0x0000000000007918 */
                                                                                          /* 0x000fde0000000000 */
        /*1000*/                   NOP ;                                                  /* 0x0000000000007918 */
                                                                                          /* 0x000fde0000000000 */
        /*1010*/                   NOP ;                                                  /* 0x0000000000007918 */
                                                                                          /* 0x000fde0000000000 */
        /*1020*/                   NOP ;                                                  /* 0x0000000000007918 */
                                                                                          /* 0x000fc80000000000 */
        /*1030*/               @P0 DADD R24, R18, +INF  ;                                 /* 0x7ff0000012180429 */
                                                                                          /* 0x0010620000000000 */
        /*1040*/               @P0 BRA 0x1150 ;                                           /* 0x0000000000400947 */
                                                                                          /* 0x000fea0003800000 */
        /*1050*/                   IADD3 R25, P2, PT, RZ, R18, RZ ;                       /* 0x00000012ff197210 */
                                                                                          /* 0x002fe40007f5e0ff */
        /*1060*/                   LOP3.LUT R24, R19, 0x7fffffff, RZ, 0xc0, !PT ;         /* 0x7fffffff13187812 */
                                                                                          /* 0x000fe400078ec0ff */
        /*1070*/                   ISETP.GT.U32.AND P0, PT, R18.reuse, -0x1, PT ;         /* 0xffffffff1200780c */
                                                                                          /* 0x040fe40003f04070 */
        /*1080*/                   ISETP.LT.U32.AND P1, PT, R25, RZ, PT ;                 /* 0x000000ff1900720c */
                                                                                          /* 0x000fe40003f21070 */
        /*1090*/                   IADD3 R25, P3, PT, R18, -0x1, RZ ;                     /* 0xffffffff12197810 */
                                                                                          /* 0x000fe40007f7e0ff */
        /*10a0*/                   IADD3.X R24, PT, PT, R24, -0x100000, RZ, P2, !PT ;     /* 0xfff0000018187810 */
                                                                                          /* 0x000fc400017fe4ff */
        /*10b0*/                   ISETP.GT.AND.EX P0, PT, R19, -0x1, PT, P0 ;            /* 0xffffffff1300780c */
                                                                                          /* 0x000fe40003f04300 */
        /*10c0*/                   ISETP.LT.U32.AND P2, PT, R25, -0x1, PT ;               /* 0xffffffff1900780c */
                                                                                          /* 0x000fe40003f41070 */
        /*10d0*/                   IADD3.X R25, PT, PT, R19, -0x1, RZ, P3, !PT ;          /* 0xffffffff13197810 */
                                                                                          /* 0x000fe40001ffe4ff */
        /*10e0*/                   ISETP.LT.U32.AND.EX P0, PT, R24, 0x7fe00000, P0, P1 ;  /* 0x7fe000001800780c */
                                                                                          /* 0x000fe20000701110 */
        /*10f0*/                   DSETP.GEU.AND P1, PT, R18, RZ, PT ;                    /* 0x000000ff1200722a */
                                                                                          /* 0x000e640003f2e000 */
        /*1100*/                   SEL R29, RZ, 0xffffffff, P1 ;                          /* 0xffffffffff1d7807 */
                                                                                          /* 0x002fe40000800000 */
        /*1110*/                   ISETP.LT.U32.OR.EX P0, PT, R25, 0xfffff, P0, P2 ;      /* 0x000fffff1900780c */
                                                                                          /* 0x000fc80000701520 */
        /*1120*/                   SEL R25, RZ, 0x1, !P0 ;                                /* 0x00000001ff197807 */
                                                                                          /* 0x000fc80004000000 */
        /*1130*/                   IADD3 R24, P0, P1, R25, R29, R18 ;                     /* 0x0000001d19187210 */
                                                                                          /* 0x000fc8000791e012 */
        /*1140*/                   IADD3.X R25, PT, PT, RZ, R29, R19, P0, P1 ;            /* 0x0000001dff197210 */
                                                                                          /* 0x000fd200007e2413 */
        /*1150*/                   BSYNC.RECONVERGENT B2 ;                                /* 0x0000000000027941 */
                                                                                          /* 0x000fea0003800200 */
        /*1160*/                   IMAD.MOV.U32 R18, RZ, RZ, R24 ;                        /* 0x000000ffff127224 */
                                                                                          /* 0x003fe200078e0018 */
        /*1170*/                   BSSY.RECONVERGENT B2, 0x1430 ;                         /* 0x000002b000027945 */
                                                                                          /* 0x000fe20003800200 */
        /*1180*/                   IMAD.MOV.U32 R19, RZ, RZ, R25 ;                        /* 0x000000ffff137224 */
                                                                                          /* 0x000fcc00078e0019 */
        /*1190*/                   DSETP.NEU.AND P0, PT, R18, RZ, PT ;                    /* 0x000000ff1200722a */
                                                                                          /* 0x0000640003f0d000 */
        /*11a0*/                   SHF.R.U32.HI R18, RZ, 0x14, R25 ;                      /* 0x00000014ff127819 */
                                                                                          /* 0x001fc80000011619 */
        /*11b0*/                   LOP3.LUT R18, R18, 0x7ff, RZ, 0xc0, !PT ;              /* 0x000007ff12127812 */
                                                                                          /* 0x000fc800078ec0ff */
        /*11c0*/                   IMNMX.U32 R18, R18, 0x381, !PT ;                       /* 0x0000038112127817 */
                                                                                          /* 0x000fc80007ffe000 */
        /*11d0*/                   IADD3 R18, PT, PT, R18, -0x17, RZ ;                    /* 0xffffffe912127810 */
                                                                                          /* 0x000fca0007ffe0ff */
        /*11e0*/                   IMAD.SHL.U32 R18, R18, 0x100000, RZ ;                  /* 0x0010000012127824 */
                                                                                          /* 0x000fca00078e00ff */
        /*11f0*/                   FSEL R19, R18, 4.76837158203125e-06, P0 ;              /* 0x36a0000012137808 */
                                                                                          /* 0x002fe20000000000 */
        /*1200*/                   IMAD.MOV.U32 R18, RZ, RZ, RZ ;                         /* 0x000000ffff127224 */
                                                                                          /* 0x000fde00078e00ff */
        /*1210*/                   NOP ;                                                  /* 0x0000000000007918 */
                                                                                          /* 0x000fde0000000000 */
        /*1220*/                   NOP ;                                                  /* 0x0000000000007918 */
                                                                                          /* 0x000fd20000000000 */
        /*1230*/                   DADD R18, R22, R18 ;                                   /* 0x0000000016127229 */
                                                                                          /* 0x0000640000000012 */
        /*1240*/                   CS2R R22, SRZ ;                                        /* 0x0000000000167805 */
                                                                                          /* 0x001fde000001ff00 */
        /*1250*/                   NOP ;                                                  /* 0x0000000000007918 */
                                                                                          /* 0x000fde0000000000 */
        /*1260*/                   NOP ;                                                  /* 0x0000000000007918 */
                                                                                          /* 0x000fde0000000000 */
        /*1270*/                   NOP ;                                                  /* 0x0000000000007918 */
                                                                                          /* 0x000fde0000000000 */
        /*1280*/                   NOP ;                                                  /* 0x0000000000007918 */
                                                                                          /* 0x000fc40000000000 */
        /*1290*/                   DSETP.NEU.AND P0, PT, R18, RZ, PT ;                    /* 0x000000ff1200722a */
                                                                                          /* 0x002e240003f0d000 */
        /*12a0*/              @!P0 BRA 0x1420 ;                                           /* 0x00000000005c8947 */
                                                                                          /* 0x001fea0003800000 */
        /*12b0*/                   DSETP.NAN.AND P0, PT, |R18|, +INF , PT ;               /* 0x7ff000001200742a */
                                                                                          /* 0x000e1e0003f08200 */
        /*12c0*/                   NOP ;                                                  /* 0x0000000000007918 */
                                                                                          /* 0x000fde0000000000 */
        /*12d0*/                   NOP ;                                                  /* 0x0000000000007918 */
                                                                                          /* 0x000fde0000000000 */
        /*12e0*/                   NOP ;                                                  /* 0x0000000000007918 */
                                                                                          /* 0x000fde0000000000 */
        /*12f0*/                   NOP ;                                                  /* 0x0000000000007918 */
                                                                                          /* 0x000fc80000000000 */
        /*1300*/               @P0 DADD R22, R18, +INF  ;                                 /* 0x7ff0000012160429 */
                                                                                          /* 0x0010620000000000 */
        /*1310*/               @P0 BRA 0x1420 ;                                           /* 0x0000000000400947 */
                                                                                          /* 0x000fea0003800000 */
        /*1320*/                   IADD3 R23, P2, PT, RZ, R18, RZ ;                       /* 0x00000012ff177210 */
                                                                                          /* 0x002fe40007f5e0ff */
        /*1330*/                   LOP3.LUT R22, R19, 0x7fffffff, RZ, 0xc0, !PT ;         /* 0x7fffffff13167812 */
                                                                                          /* 0x000fe400078ec0ff */
        /*1340*/                   ISETP.GT.U32.AND P0, PT, R18.reuse, -0x1, PT ;         /* 0xffffffff1200780c */
                                                                                          /* 0x040fe40003f04070 */
        /*1350*/                   ISETP.LT.U32.AND P1, PT, R23, RZ, PT ;                 /* 0x000000ff1700720c */
                                                                                          /* 0x000fe40003f21070 */
        /*1360*/                   IADD3 R23, P3, PT, R18, -0x1, RZ ;                     /* 0xffffffff12177810 */
                                                                                          /* 0x000fe40007f7e0ff */
        /*1370*/                   IADD3.X R22, PT, PT, R22, -0x100000, RZ, P2, !PT ;     /* 0xfff0000016167810 */
                                                                                          /* 0x000fc400017fe4ff */
        /*1380*/                   ISETP.GT.AND.EX P0, PT, R19, -0x1, PT, P0 ;            /* 0xffffffff1300780c */
                                                                                          /* 0x000fe40003f04300 */
        /*1390*/                   ISETP.LT.U32.AND P2, PT, R23, -0x1, PT ;               /* 0xffffffff1700780c */
                                                                                          /* 0x000fe40003f41070 */
        /*13a0*/                   IADD3.X R23, PT, PT, R19, -0x1, RZ, P3, !PT ;          /* 0xffffffff13177810 */
                                                                                          /* 0x000fe40001ffe4ff */
        /*13b0*/                   ISETP.LT.U32.AND.EX P0, PT, R22, 0x7fe00000, P0, P1 ;  /* 0x7fe000001600780c */
                                                                                          /* 0x000fe20000701110 */
        /*13c0*/                   DSETP.GEU.AND P1, PT, R18, RZ, PT ;                    /* 0x000000ff1200722a */
                                                                                          /* 0x000e640003f2e000 */
        /*13d0*/                   SEL R25, RZ, 0xffffffff, P1 ;                          /* 0xffffffffff197807 */
                                                                                          /* 0x002fe40000800000 */
        /*13e0*/                   ISETP.LT.U32.OR.EX P0, PT, R23, 0xfffff, P0, P2 ;      /* 0x000fffff1700780c */
                                                                                          /* 0x000fc80000701520 */
        /*13f0*/                   SEL R23, RZ, 0x1, !P0 ;                                /* 0x00000001ff177807 */
                                                                                          /* 0x000fc80004000000 */
        /*1400*/                   IADD3 R22, P0, P1, R23, R25, R18 ;                     /* 0x0000001917167210 */
                                                                                          /* 0x000fc8000791e012 */
        /*1410*/                   IADD3.X R23, PT, PT, RZ, R25, R19, P0, P1 ;            /* 0x00000019ff177210 */
                                                                                          /* 0x000fd200007e2413 */
        /*1420*/                   BSYNC.RECONVERGENT B2 ;                                /* 0x0000000000027941 */
                                                                                          /* 0x000fea0003800200 */
        /*1430*/                   IMAD.MOV.U32 R18, RZ, RZ, R22 ;                        /* 0x000000ffff127224 */
                                                                                          /* 0x003fe200078e0016 */
        /*1440*/                   BSSY.RECONVERGENT B2, 0x1660 ;                         /* 0x0000021000027945 */
                                                                                          /* 0x000fe20003800200 */
        /*1450*/                   IMAD.MOV.U32 R19, RZ, RZ, R23 ;                        /* 0x000000ffff137224 */
                                                                                          /* 0x000fe200078e0017 */
        /*1460*/                   CS2R R22, SRZ ;                                        /* 0x0000000000167805 */
                                                                                          /* 0x000fca000001ff00 */
        /*1470*/                   DMUL R18, R18, 512 ;                                   /* 0x4080000012127828 */
                                                                                          /* 0x000e1e0000000000 */
        /*1480*/                   NOP ;                                                  /* 0x0000000000007918 */
                                                                                          /* 0x000fde0000000000 */
        /*1490*/                   NOP ;                                                  /* 0x0000000000007918 */
                                                                                          /* 0x000fde0000000000 */
        /*14a0*/                   NOP ;                                                  /* 0x0000000000007918 */
                                                                                          /* 0x000fde0000000000 */
        /*14b0*/                   NOP ;                                                  /* 0x0000000000007918 */
                                                                                          /* 0x000fc80000000000 */
        /*14c0*/                   DSETP.NEU.AND P0, PT, R18, RZ, PT ;                    /* 0x000000ff1200722a */
                                                                                          /* 0x001e240003f0d000 */
        /*14d0*/              @!P0 BRA 0x1650 ;                                           /* 0x00000000005c8947 */
                                                                                          /* 0x001fea0003800000 */
        /*14e0*/                   DSETP.NAN.AND P0, PT, |R18|, +INF , PT ;               /* 0x7ff000001200742a */
                                                                                          /* 0x000e1e0003f08200 */
        /*14f0*/                   NOP ;                                                  /* 0x0000000000007918 */
                                                                                          /* 0x000fde0000000000 */
        /*1500*/                   NOP ;                                                  /* 0x0000000000007918 */
                                                                                          /* 0x000fde0000000000 */
        /*1510*/                   NOP ;                                                  /* 0x0000000000007918 */
                                                                                          /* 0x000fde0000000000 */
        /*1520*/                   NOP ;                                                  /* 0x0000000000007918 */
                                                                                          /* 0x000fc80000000000 */
        /*1530*/               @P0 DADD R22, R18, +INF  ;                                 /* 0x7ff0000012160429 */
                                                                                          /* 0x0010620000000000 */
        /*1540*/               @P0 BRA 0x1650 ;                                           /* 0x0000000000400947 */
                                                                                          /* 0x000fea0003800000 */
        /*1550*/                   IADD3 R23, P2, PT, RZ, R18, RZ ;                       /* 0x00000012ff177210 */
                                                                                          /* 0x002fe40007f5e0ff */
        /*1560*/                   LOP3.LUT R22, R19, 0x7fffffff, RZ, 0xc0, !PT ;         /* 0x7fffffff13167812 */
                                                                                          /* 0x000fe400078ec0ff */
        /*1570*/                   ISETP.GT.U32.AND P0, PT, R18.reuse, -0x1, PT ;         /* 0xffffffff1200780c */
                                                                                          /* 0x040fe40003f04070 */
        /*1580*/                   ISETP.LT.U32.AND P1, PT, R23, RZ, PT ;                 /* 0x000000ff1700720c */
                                                                                          /* 0x000fe40003f21070 */
        /*1590*/                   IADD3 R23, P3, PT, R18, -0x1, RZ ;                     /* 0xffffffff12177810 */
                                                                                          /* 0x000fe40007f7e0ff */
        /*15a0*/                   IADD3.X R22, PT, PT, R22, -0x100000, RZ, P2, !PT ;     /* 0xfff0000016167810 */
                                                                                          /* 0x000fc400017fe4ff */
        /*15b0*/                   ISETP.GT.AND.EX P0, PT, R19, -0x1, PT, P0 ;            /* 0xffffffff1300780c */
                                                                                          /* 0x000fe40003f04300 */
        /*15c0*/                   ISETP.LT.U32.AND P2, PT, R23, -0x1, PT ;               /* 0xffffffff1700780c */
                                                                                          /* 0x000fe40003f41070 */
        /*15d0*/                   IADD3.X R23, PT, PT, R19, -0x1, RZ, P3, !PT ;          /* 0xffffffff13177810 */
                                                                                          /* 0x000fe40001ffe4ff */
        /*15e0*/                   ISETP.LT.U32.AND.EX P0, PT, R22, 0x7fe00000, P0, P1 ;  /* 0x7fe000001600780c */
                                                                                          /* 0x000fe20000701110 */
        /*15f0*/                   DSETP.GEU.AND P1, PT, R18, RZ, PT ;                    /* 0x000000ff1200722a */
                                                                                          /* 0x000e640003f2e000 */
        /*1600*/                   SEL R25, RZ, 0xffffffff, P1 ;                          /* 0xffffffffff197807 */
                                                                                          /* 0x002fe40000800000 */
        /*1610*/                   ISETP.LT.U32.OR.EX P0, PT, R23, 0xfffff, P0, P2 ;      /* 0x000fffff1700780c */
                                                                                          /* 0x000fc80000701520 */
        /*1620*/                   SEL R23, RZ, 0x1, !P0 ;                                /* 0x00000001ff177807 */
                                                                                          /* 0x000fc80004000000 */
        /*1630*/                   IADD3 R22, P0, P1, R23, R25, R18 ;                     /* 0x0000001917167210 */
                                                                                          /* 0x000fc8000791e012 */
        /*1640*/                   IADD3.X R23, PT, PT, RZ, R25, R19, P0, P1 ;            /* 0x00000019ff177210 */
                                                                                          /* 0x000fd200007e2413 */
        /*1650*/                   BSYNC.RECONVERGENT B2 ;                                /* 0x0000000000027941 */
                                                                                          /* 0x000fea0003800200 */
        /*1660*/                   IMAD.MOV.U32 R33, RZ, RZ, RZ ;                         /* 0x000000ffff217224 */
                                                                                          /* 0x003fce00078e00ff */
        /*1670*/                   IMAD.MOV.U32 R18, RZ, RZ, R22 ;                        /* 0x000000ffff127224 */
                                                                                          /* 0x003fe200078e0016 */
        /*1680*/                   BSSY.RECONVERGENT B2, 0x18a0 ;                         /* 0x0000021000027945 */
                                                                                          /* 0x000fe20003800200 */
        /*1690*/                   IMAD.MOV.U32 R19, RZ, RZ, R23 ;                        /* 0x000000ffff137224 */
                                                                                          /* 0x000fe200078e0017 */
        /*16a0*/                   CS2R R24, SRZ ;                                        /* 0x0000000000187805 */
                                                                                          /* 0x000fca000001ff00 */
        /*16b0*/                   DADD R22, R18, R26 ;                                   /* 0x0000000012167229 */
                                                                                          /* 0x000e1e000000001a */
        /*16c0*/                   NOP ;                                                  /* 0x0000000000007918 */
                                                                                          /* 0x000fde0000000000 */
        /*16d0*/                   NOP ;                                                  /* 0x0000000000007918 */
                                                                                          /* 0x000fde0000000000 */
        /*16e0*/                   NOP ;                                                  /* 0x0000000000007918 */
                                                                                          /* 0x000fde0000000000 */
        /*16f0*/                   NOP ;                                                  /* 0x0000000000007918 */
                                                                                          /* 0x000fc80000000000 */
        /*1700*/                   DSETP.NEU.AND P0, PT, R22, RZ, PT ;                    /* 0x000000ff1600722a */
                                                                                          /* 0x001e240003f0d000 */
        /*1710*/              @!P0 BRA 0x1890 ;                                           /* 0x00000000005c8947 */
                                                                                          /* 0x001fea0003800000 */
        /*1720*/                   DSETP.NAN.AND P0, PT, |R22|, +INF , PT ;               /* 0x7ff000001600742a */
                                                                                          /* 0x000e1e0003f08200 */
        /*1730*/                   NOP ;                                                  /* 0x0000000000007918 */
                                                                                          /* 0x000fde0000000000 */
        /*1740*/                   NOP ;                                                  /* 0x0000000000007918 */
                                                                                          /* 0x000fde0000000000 */
        /*1750*/                   NOP ;                                                  /* 0x0000000000007918 */
                                                                                          /* 0x000fde0000000000 */
        /*1760*/                   NOP ;                                                  /* 0x0000000000007918 */
                                                                                          /* 0x000fc80000000000 */
        /*1770*/               @P0 DADD R24, R22, +INF  ;                                 /* 0x7ff0000016180429 */
                                                                                          /* 0x0010620000000000 */
        /*1780*/               @P0 BRA 0x1890 ;                                           /* 0x0000000000400947 */
                                                                                          /* 0x000fea0003800000 */
        /*1790*/                   IADD3 R25, P2, PT, RZ, R22, RZ ;                       /* 0x00000016ff197210 */
                                                                                          /* 0x002fe40007f5e0ff */
        /*17a0*/                   LOP3.LUT R24, R23, 0x7fffffff, RZ, 0xc0, !PT ;         /* 0x7fffffff17187812 */
                                                                                          /* 0x000fe400078ec0ff */
        /*17b0*/                   ISETP.GT.U32.AND P0, PT, R22.reuse, -0x1, PT ;         /* 0xffffffff1600780c */
                                                                                          /* 0x040fe40003f04070 */
        /*17c0*/                   ISETP.LT.U32.AND P1, PT, R25, RZ, PT ;                 /* 0x000000ff1900720c */
                                                                                          /* 0x000fe40003f21070 */
        /*17d0*/                   IADD3 R25, P3, PT, R22, -0x1, RZ ;                     /* 0xffffffff16197810 */
                                                                                          /* 0x000fe40007f7e0ff */
        /*17e0*/                   IADD3.X R24, PT, PT, R24, -0x100000, RZ, P2, !PT ;     /* 0xfff0000018187810 */
                                                                                          /* 0x000fc400017fe4ff */
        /*17f0*/                   ISETP.GT.AND.EX P0, PT, R23, -0x1, PT, P0 ;            /* 0xffffffff1700780c */
                                                                                          /* 0x000fe40003f04300 */
        /*1800*/                   ISETP.LT.U32.AND P2, PT, R25, -0x1, PT ;               /* 0xffffffff1900780c */
                                                                                          /* 0x000fe40003f41070 */
        /*1810*/                   IADD3.X R25, PT, PT, R23, -0x1, RZ, P3, !PT ;          /* 0xffffffff17197810 */
                                                                                          /* 0x000fe40001ffe4ff */
        /*1820*/                   ISETP.LT.U32.AND.EX P0, PT, R24, 0x7fe00000, P0, P1 ;  /* 0x7fe000001800780c */
                                                                                          /* 0x000fe20000701110 */
        /*1830*/                   DSETP.GEU.AND P1, PT, R22, RZ, PT ;                    /* 0x000000ff1600722a */
                                                                                          /* 0x000e640003f2e000 */
        /*1840*/                   SEL R29, RZ, 0xffffffff, P1 ;                          /* 0xffffffffff1d7807 */
                                                                                          /* 0x002fe40000800000 */
        /*1850*/                   ISETP.LT.U32.OR.EX P0, PT, R25, 0xfffff, P0, P2 ;      /* 0x000fffff1900780c */
                                                                                          /* 0x000fc80000701520 */
        /*1860*/                   SEL R25, RZ, 0x1, !P0 ;                                /* 0x00000001ff197807 */
                                                                                          /* 0x000fc80004000000 */
        /*1870*/                   IADD3 R24, P0, P1, R25, R29, R22 ;                     /* 0x0000001d19187210 */
                                                                                          /* 0x000fc8000791e016 */
        /*1880*/                   IADD3.X R25, PT, PT, RZ, R29, R23, P0, P1 ;            /* 0x0000001dff197210 */
                                                                                          /* 0x000fd200007e2417 */
        /*1890*/                   BSYNC.RECONVERGENT B2 ;                                /* 0x0000000000027941 */
                                                                                          /* 0x000fea0003800200 */
        /*18a0*/                   SHF.R.U32.HI R22, RZ, 0x14, R25 ;                      /* 0x00000014ff167819 */
                                                                                          /* 0x003fe20000011619 */
        /*18b0*/                   DSETP.NEU.AND P0, PT, R24, RZ, PT ;                    /* 0x000000ff1800722a */
                                                                                          /* 0x000e220003f0d000 */
        /*18c0*/                   BSSY.RECONVERGENT B2, 0x1bb0 ;                         /* 0x000002e000027945 */
                                                                                          /* 0x000fe20003800200 */
        /*18d0*/                   CS2R R28, SRZ ;                                        /* 0x00000000001c7805 */
                                                                                          /* 0x000fe2000001ff00 */
        /*18e0*/                   LOP3.LUT R22, R22, 0x7ff, RZ, 0xc0, !PT ;              /* 0x000007ff16167812 */
                                                                                          /* 0x000fc800078ec0ff */
        /*18f0*/                   IADD3 R22, PT, PT, R22, -0x3ff, RZ ;                   /* 0xfffffc0116167810 */
                                                                                          /* 0x000fc80007ffe0ff */
        /*1900*/                   SEL R23, R22, 0xffffd8f0, P0 ;                         /* 0xffffd8f016177807 */
                                                                                          /* 0x001fe20000000000 */
        /*1910*/                   IMAD.MOV.U32 R22, RZ, RZ, RZ ;                         /* 0x000000ffff167224 */
                                                                                          /* 0x000fc600078e00ff */
        /*1920*/                   IMNMX R23, R32, R23, !PT ;                             /* 0x0000001720177217 */
                                                                                          /* 0x000fc80007ffe200 */
        /*1930*/                   IADD3 R23, PT, PT, R23, 0x3e6, RZ ;                    /* 0x000003e617177810 */
                                                                                          /* 0x000fca0007ffe0ff */
        /*1940*/                   IMAD.SHL.U32 R23, R23, 0x100000, RZ ;                  /* 0x0010000017177824 */
                                                                                          /* 0x000fde00078e00ff */
        /*1950*/                   NOP ;                                                  /* 0x0000000000007918 */
                                                                                          /* 0x000fde0000000000 */
        /*1960*/                   NOP ;                                                  /* 0x0000000000007918 */
                                                                                          /* 0x000fd40000000000 */
        /*1970*/                   DMUL R22, R22, 33 ;                                    /* 0x4040800016167828 */
                                                                                          /* 0x000e1e0000000000 */
        /*1980*/                   NOP ;                                                  /* 0x0000000000007918 */
                                                                                          /* 0x000fde0000000000 */
        /*1990*/                   NOP ;                                                  /* 0x0000000000007918 */
                                                                                          /* 0x000fde0000000000 */
        /*19a0*/                   NOP ;                                                  /* 0x0000000000007918 */
                                                                                          /* 0x000fde0000000000 */
        /*19b0*/                   NOP ;                                                  /* 0x0000000000007918 */
                                                                                          /* 0x000fc80000000000 */
        /*19c0*/                   DADD R24, R22, R24 ;                                   /* 0x0000000016187229 */
                                                                                          /* 0x001e1e0000000018 */
        /*19d0*/                   NOP ;                                                  /* 0x0000000000007918 */
                                                                                          /* 0x000fde0000000000 */
        /*19e0*/                   NOP ;                                                  /* 0x0000000000007918 */
                                                                                          /* 0x000fde0000000000 */
        /*19f0*/                   NOP ;                                                  /* 0x0000000000007918 */
                                                                                          /* 0x000fde0000000000 */
        /*1a00*/                   NOP ;                                                  /* 0x0000000000007918 */
                                                                                          /* 0x000fc80000000000 */
        /*1a10*/                   DSETP.NEU.AND P0, PT, R24, RZ, PT ;                    /* 0x000000ff1800722a */
                                                                                          /* 0x001e240003f0d000 */
        /*1a20*/              @!P0 BRA 0x1ba0 ;                                           /* 0x00000000005c8947 */
                                                                                          /* 0x001fea0003800000 */
        /*1a30*/                   DSETP.NAN.AND P0, PT, |R24|, +INF , PT ;               /* 0x7ff000001800742a */
                                                                                          /* 0x000e1e0003f08200 */
        /*1a40*/                   NOP ;                                                  /* 0x0000000000007918 */
                                                                                          /* 0x000fde0000000000 */
        /*1a50*/                   NOP ;                                                  /* 0x0000000000007918 */
                                                                                          /* 0x000fde0000000000 */
        /*1a60*/                   NOP ;                                                  /* 0x0000000000007918 */
                                                                                          /* 0x000fde0000000000 */
        /*1a70*/                   NOP ;                                                  /* 0x0000000000007918 */
                                                                                          /* 0x000fc80000000000 */
        /*1a80*/               @P0 DADD R28, R24, +INF  ;                                 /* 0x7ff00000181c0429 */
                                                                                          /* 0x0010620000000000 */
        /*1a90*/               @P0 BRA 0x1ba0 ;                                           /* 0x0000000000400947 */
                                                                                          /* 0x000fea0003800000 */
        /*1aa0*/                   ISETP.GT.U32.AND P0, PT, R24, -0x1, PT ;               /* 0xffffffff1800780c */
                                                                                          /* 0x000fe40003f04070 */
        /*1ab0*/                   IADD3 R29, P2, PT, RZ, R24, RZ ;                       /* 0x00000018ff1d7210 */
                                                                                          /* 0x002fe40007f5e0ff */
        /*1ac0*/                   LOP3.LUT R28, R25, 0x7fffffff, RZ, 0xc0, !PT ;         /* 0x7fffffff191c7812 */
                                                                                          /* 0x000fe400078ec0ff */
        /*1ad0*/                   ISETP.LT.U32.AND P1, PT, R29, RZ, PT ;                 /* 0x000000ff1d00720c */
                                                                                          /* 0x000fe40003f21070 */
        /*1ae0*/                   IADD3.X R28, PT, PT, R28, -0x100000, RZ, P2, !PT ;     /* 0xfff000001c1c7810 */
                                                                                          /* 0x000fe400017fe4ff */
        /*1af0*/                   ISETP.GT.AND.EX P0, PT, R25, -0x1, PT, P0 ;            /* 0xffffffff1900780c */
                                                                                          /* 0x000fc80003f04300 */
        /*1b00*/                   ISETP.LT.U32.AND.EX P0, PT, R28, 0x7fe00000, P0, P1 ;  /* 0x7fe000001c00780c */
                                                                                          /* 0x000fe40000701110 */
        /*1b10*/                   IADD3 R28, P2, PT, R24, -0x1, RZ ;                     /* 0xffffffff181c7810 */
                                                                                          /* 0x000fc80007f5e0ff */
        /*1b20*/                   ISETP.LT.U32.AND P1, PT, R28, -0x1, PT ;               /* 0xffffffff1c00780c */
                                                                                          /* 0x000fe40003f21070 */
        /*1b30*/                   IADD3.X R28, PT, PT, R25, -0x1, RZ, P2, !PT ;          /* 0xffffffff191c7810 */
                                                                                          /* 0x000fc800017fe4ff */
        /*1b40*/                   ISETP.LT.U32.OR.EX P0, PT, R28, 0xfffff, P0, P1 ;      /* 0x000fffff1c00780c */
                                                                                          /* 0x000fc80000701510 */
        /*1b50*/                   SEL R29, RZ, 0x1, !P0 ;                                /* 0x00000001ff1d7807 */
                                                                                          /* 0x000fe40004000000 */
        /*1b60*/                   DSETP.GEU.AND P1, PT, R24, RZ, PT ;                    /* 0x000000ff1800722a */
                                                                                          /* 0x000e640003f2e000 */
        /*1b70*/                   SEL R35, RZ, 0xffffffff, P1 ;                          /* 0xffffffffff237807 */
                                                                                          /* 0x002fc80000800000 */
        /*1b80*/                   IADD3 R28, P0, P1, R29, R35, R24 ;                     /* 0x000000231d1c7210 */
                                                                                          /* 0x000fc8000791e018 */
        /*1b90*/                   IADD3.X R29, PT, PT, RZ, R35, R25, P0, P1 ;            /* 0x00000023ff1d7210 */
                                                                                          /* 0x000fd200007e2419 */
        /*1ba0*/                   BSYNC.RECONVERGENT B2 ;                                /* 0x0000000000027941 */
                                                                                          /* 0x000fea0003800200 */
        /*1bb0*/                   IMAD.MOV.U32 R24, RZ, RZ, R28 ;                        /* 0x000000ffff187224 */
                                                                                          /* 0x003fe200078e001c */
        /*1bc0*/                   BSSY.RECONVERGENT B2, 0x1e80 ;                         /* 0x000002b000027945 */
                                                                                          /* 0x000fe20003800200 */
        /*1bd0*/                   IMAD.MOV.U32 R25, RZ, RZ, R29 ;                        /* 0x000000ffff197224 */
                                                                                          /* 0x000fcc00078e001d */
        /*1be0*/                   DSETP.NEU.AND P0, PT, R24, RZ, PT ;                    /* 0x000000ff1800722a */
                                                                                          /* 0x0000640003f0d000 */
        /*1bf0*/                   SHF.R.U32.HI R24, RZ, 0x14, R29 ;                      /* 0x00000014ff187819 */
                                                                                          /* 0x001fc8000001161d */
        /*1c00*/                   LOP3.LUT R24, R24, 0x7ff, RZ, 0xc0, !PT ;              /* 0x000007ff18187812 */
                                                                                          /* 0x000fc800078ec0ff */
        /*1c10*/                   IMNMX.U32 R24, R24, 0x381, !PT ;                       /* 0x0000038118187817 */
                                                                                          /* 0x000fc80007ffe000 */
        /*1c20*/                   IADD3 R24, PT, PT, R24, -0x17, RZ ;                    /* 0xffffffe918187810 */
                                                                                          /* 0x000fca0007ffe0ff */
        /*1c30*/                   IMAD.SHL.U32 R24, R24, 0x100000, RZ ;                  /* 0x0010000018187824 */
                                                                                          /* 0x000fca00078e00ff */
        /*1c40*/                   FSEL R25, R24, 4.76837158203125e-06, P0 ;              /* 0x36a0000018197808 */
                                                                                          /* 0x002fe20000000000 */
        /*1c50*/                   IMAD.MOV.U32 R24, RZ, RZ, RZ ;                         /* 0x000000ffff187224 */
                                                                                          /* 0x000fde00078e00ff */
        /*1c60*/                   NOP ;                                                  /* 0x0000000000007918 */
                                                                                          /* 0x000fde0000000000 */
        /*1c70*/                   NOP ;                                                  /* 0x0000000000007918 */
                                                                                          /* 0x000fd20000000000 */
        /*1c80*/                   DADD R22, R22, R24 ;                                   /* 0x0000000016167229 */
                                                                                          /* 0x0000640000000018 */
        /*1c90*/                   IMAD.MOV.U32 R25, RZ, RZ, RZ ;                         /* 0x000000ffff197224 */
                                                                                          /* 0x001fde00078e00ff */
        /*1ca0*/                   NOP ;                                                  /* 0x0000000000007918 */
                                                                                          /* 0x000fde0000000000 */
        /*1cb0*/                   NOP ;                                                  /* 0x0000000000007918 */
                                                                                          /* 0x000fde0000000000 */
        /*1cc0*/                   NOP ;                                                  /* 0x0000000000007918 */
                                                                                          /* 0x000fde0000000000 */
        /*1cd0*/                   NOP ;                                                  /* 0x0000000000007918 */
                                                                                          /* 0x000fc40000000000 */
        /*1ce0*/                   DSETP.NEU.AND P0, PT, R22, RZ, PT ;                    /* 0x000000ff1600722a */
                                                                                          /* 0x002e240003f0d000 */
        /*1cf0*/              @!P0 BRA 0x1e70 ;                                           /* 0x00000000005c8947 */
                                                                                          /* 0x001fea0003800000 */
        /*1d00*/                   DSETP.NAN.AND P0, PT, |R22|, +INF , PT ;               /* 0x7ff000001600742a */
                                                                                          /* 0x000e1e0003f08200 */
        /*1d10*/                   NOP ;                                                  /* 0x0000000000007918 */
                                                                                          /* 0x000fde0000000000 */
        /*1d20*/                   NOP ;                                                  /* 0x0000000000007918 */
                                                                                          /* 0x000fde0000000000 */
        /*1d30*/                   NOP ;                                                  /* 0x0000000000007918 */
                                                                                          /* 0x000fde0000000000 */
        /*1d40*/                   NOP ;                                                  /* 0x0000000000007918 */
                                                                                          /* 0x000fc80000000000 */
        /*1d50*/               @P0 DADD R24, R22, +INF  ;                                 /* 0x7ff0000016180429 */
                                                                                          /* 0x0010620000000000 */
        /*1d60*/               @P0 BRA 0x1e70 ;                                           /* 0x0000000000400947 */
                                                                                          /* 0x000fea0003800000 */
        /*1d70*/                   IADD3 R25, P2, PT, RZ, R22, RZ ;                       /* 0x00000016ff197210 */
                                                                                          /* 0x002fe40007f5e0ff */
        /*1d80*/                   LOP3.LUT R24, R23, 0x7fffffff, RZ, 0xc0, !PT ;         /* 0x7fffffff17187812 */
                                                                                          /* 0x000fe400078ec0ff */
        /*1d90*/                   ISETP.GT.U32.AND P0, PT, R22.reuse, -0x1, PT ;         /* 0xffffffff1600780c */
                                                                                          /* 0x040fe40003f04070 */
        /*1da0*/                   ISETP.LT.U32.AND P1, PT, R25, RZ, PT ;                 /* 0x000000ff1900720c */
                                                                                          /* 0x000fe40003f21070 */
        /*1db0*/                   IADD3 R25, P3, PT, R22, -0x1, RZ ;                     /* 0xffffffff16197810 */
                                                                                          /* 0x000fe40007f7e0ff */
        /*1dc0*/                   IADD3.X R24, PT, PT, R24, -0x100000, RZ, P2, !PT ;     /* 0xfff0000018187810 */
                                                                                          /* 0x000fc400017fe4ff */
        /*1dd0*/                   ISETP.GT.AND.EX P0, PT, R23, -0x1, PT, P0 ;            /* 0xffffffff1700780c */
                                                                                          /* 0x000fe40003f04300 */
        /*1de0*/                   ISETP.LT.U32.AND P2, PT, R25, -0x1, PT ;               /* 0xffffffff1900780c */
                                                                                          /* 0x000fe40003f41070 */
        /*1df0*/                   IADD3.X R25, PT, PT, R23, -0x1, RZ, P3, !PT ;          /* 0xffffffff17197810 */
                                                                                          /* 0x000fe40001ffe4ff */
        /*1e00*/                   ISETP.LT.U32.AND.EX P0, PT, R24, 0x7fe00000, P0, P1 ;  /* 0x7fe000001800780c */
                                                                                          /* 0x000fe20000701110 */
        /*1e10*/                   DSETP.GEU.AND P1, PT, R22, RZ, PT ;                    /* 0x000000ff1600722a */
                                                                                          /* 0x000e640003f2e000 */
        /*1e20*/                   SEL R29, RZ, 0xffffffff, P1 ;                          /* 0xffffffffff1d7807 */
                                                                                          /* 0x002fe40000800000 */
        /*1e30*/                   ISETP.LT.U32.OR.EX P0, PT, R25, 0xfffff, P0, P2 ;      /* 0x000fffff1900780c */
                                                                                          /* 0x000fc80000701520 */
        /*1e40*/                   SEL R25, RZ, 0x1, !P0 ;                                /* 0x00000001ff197807 */
                                                                                          /* 0x000fc80004000000 */
        /*1e50*/                   IADD3 R24, P0, P1, R25, R29, R22 ;                     /* 0x0000001d19187210 */
                                                                                          /* 0x000fc8000791e016 */
        /*1e60*/                   IADD3.X R25, PT, PT, RZ, R29, R23, P0, P1 ;            /* 0x0000001dff197210 */
                                                                                          /* 0x000fd200007e2417 */
        /*1e70*/                   BSYNC.RECONVERGENT B2 ;                                /* 0x0000000000027941 */
                                                                                          /* 0x000fea0003800200 */
        /*1e80*/                   DSETP.NE.AND P0, PT, |R18|, +INF , PT ;                /* 0x7ff000001200742a */
                                                                                          /* 0x000ea20003f05200 */
        /*1e90*/                   BSSY.RELIABLE B2, 0x2370 ;                             /* 0x000004d000027945 */
                                                                                          /* 0x000fe20003800100 */
        /*1ea0*/                   IMAD.MOV.U32 R22, RZ, RZ, R24 ;                        /* 0x000000ffff167224 */
                                                                                          /* 0x003fe400078e0018 */
        /*1eb0*/                   IMAD.MOV.U32 R23, RZ, RZ, R25 ;                        /* 0x000000ffff177224 */
                                                                                          /* 0x000fe200078e0019 */
        /*1ec0*/              @!P0 BRA 0x2360 ;                                           /* 0x0000000400248947 */
                                                                                          /* 0x004fec0003800000 */
        /*1ed0*/                   DMUL R22, R22, 128 ;                                   /* 0x4060000016167828 */
                                                                                          /* 0x000e220000000000 */
        /*1ee0*/                   BSSY.RECONVERGENT B3, 0x20e0 ;                         /* 0x000001f000037945 */
                                                                                          /* 0x000fe20003800200 */
        /*1ef0*/                   CS2R R24, SRZ ;                                        /* 0x0000000000187805 */
                                                                                          /* 0x000fde000001ff00 */
        /*1f00*/                   NOP ;                                                  /* 0x0000000000007918 */
                                                                                          /* 0x000fde0000000000 */
        /*1f10*/                   NOP ;                                                  /* 0x0000000000007918 */
                                                                                          /* 0x000fde0000000000 */
        /*1f20*/                   NOP ;                                                  /* 0x0000000000007918 */
                                                                                          /* 0x000fde0000000000 */
        /*1f30*/                   NOP ;                                                  /* 0x0000000000007918 */
                                                                                          /* 0x000fc40000000000 */
        /*1f40*/                   DSETP.NEU.AND P0, PT, R22, RZ, PT ;                    /* 0x000000ff1600722a */
                                                                                          /* 0x001e240003f0d000 */
        /*1f50*/              @!P0 BRA 0x20d0 ;                                           /* 0x00000000005c8947 */
                                                                                          /* 0x001fea0003800000 */
        /*1f60*/                   DSETP.NAN.AND P0, PT, |R22|, +INF , PT ;               /* 0x7ff000001600742a */
                                                                                          /* 0x000e1e0003f08200 */
        /*1f70*/                   NOP ;                                                  /* 0x0000000000007918 */
                                                                                          /* 0x000fde0000000000 */
        /*1f80*/                   NOP ;                                                  /* 0x0000000000007918 */
                                                                                          /* 0x000fde0000000000 */
        /*1f90*/                   NOP ;                                                  /* 0x0000000000007918 */
                                                                                          /* 0x000fde0000000000 */
        /*1fa0*/                   NOP ;                                                  /* 0x0000000000007918 */
                                                                                          /* 0x000fc80000000000 */
        /*1fb0*/               @P0 DADD R24, R22, +INF  ;                                 /* 0x7ff0000016180429 */
                                                                                          /* 0x0010620000000000 */
        /*1fc0*/               @P0 BRA 0x20d0 ;                                           /* 0x0000000000400947 */
                                                                                          /* 0x000fea0003800000 */
        /*1fd0*/                   IADD3 R25, P2, PT, RZ, R22, RZ ;                       /* 0x00000016ff197210 */
                                                                                          /* 0x002fe40007f5e0ff */
        /*1fe0*/                   LOP3.LUT R24, R23, 0x7fffffff, RZ, 0xc0, !PT ;         /* 0x7fffffff17187812 */
                                                                                          /* 0x000fe400078ec0ff */
        /*1ff0*/                   ISETP.GT.U32.AND P0, PT, R22.reuse, -0x1, PT ;         /* 0xffffffff1600780c */
                                                                                          /* 0x040fe40003f04070 */
        /*2000*/                   ISETP.LT.U32.AND P1, PT, R25, RZ, PT ;                 /* 0x000000ff1900720c */
                                                                                          /* 0x000fe40003f21070 */
        /*2010*/                   IADD3 R25, P3, PT, R22, -0x1, RZ ;                     /* 0xffffffff16197810 */
                                                                                          /* 0x000fe40007f7e0ff */
        /*2020*/                   IADD3.X R24, PT, PT, R24, -0x100000, RZ, P2, !PT ;     /* 0xfff0000018187810 */
                                                                                          /* 0x000fc400017fe4ff */
        /*2030*/                   ISETP.GT.AND.EX P0, PT, R23, -0x1, PT, P0 ;            /* 0xffffffff1700780c */
                                                                                          /* 0x000fe40003f04300 */
        /*2040*/                   ISETP.LT.U32.AND P2, PT, R25, -0x1, PT ;               /* 0xffffffff1900780c */
                                                                                          /* 0x000fe40003f41070 */
        /*2050*/                   IADD3.X R25, PT, PT, R23, -0x1, RZ, P3, !PT ;          /* 0xffffffff17197810 */
                                                                                          /* 0x000fe40001ffe4ff */
        /*2060*/                   ISETP.LT.U32.AND.EX P0, PT, R24, 0x7fe00000, P0, P1 ;  /* 0x7fe000001800780c */
                                                                                          /* 0x000fe20000701110 */
        /*2070*/                   DSETP.GEU.AND P1, PT, R22, RZ, PT ;                    /* 0x000000ff1600722a */
                                                                                          /* 0x000e640003f2e000 */
        /*2080*/                   SEL R29, RZ, 0xffffffff, P1 ;                          /* 0xffffffffff1d7807 */
                                                                                          /* 0x002fe40000800000 */
        /*2090*/                   ISETP.LT.U32.OR.EX P0, PT, R25, 0xfffff, P0, P2 ;      /* 0x000fffff1900780c */
                                                                                          /* 0x000fc80000701520 */
        /*20a0*/                   SEL R25, RZ, 0x1, !P0 ;                                /* 0x00000001ff197807 */
                                                                                          /* 0x000fc80004000000 */
        /*20b0*/                   IADD3 R24, P0, P1, R25, R29, R22 ;                     /* 0x0000001d19187210 */
                                                                                          /* 0x000fc8000791e016 */
        /*20c0*/                   IADD3.X R25, PT, PT, RZ, R29, R23, P0, P1 ;            /* 0x0000001dff197210 */
                                                                                          /* 0x000fd200007e2417 */
        /*20d0*/                   BSYNC.RECONVERGENT B3 ;                                /* 0x0000000000037941 */
                                                                                          /* 0x000fea0003800200 */
        /*20e0*/                   IMAD.MOV.U32 R22, RZ, RZ, R24 ;                        /* 0x000000ffff167224 */
                                                                                          /* 0x003fe200078e0018 */
        /*20f0*/                   BSSY.RECONVERGENT B3, 0x2310 ;                         /* 0x0000021000037945 */
                                                                                          /* 0x000fe20003800200 */
        /*2100*/                   IMAD.MOV.U32 R23, RZ, RZ, R25 ;                        /* 0x000000ffff177224 */
                                                                                          /* 0x000fe200078e0019 */
        /*2110*/                   CS2R R24, SRZ ;                                        /* 0x0000000000187805 */
                                                                                          /* 0x000fca000001ff00 */
        /*2120*/                   DADD R22, R22, R22 ;                                   /* 0x0000000016167229 */
                                                                                          /* 0x000e1e0000000016 */
        /*2130*/                   NOP ;                                                  /* 0x0000000000007918 */
                                                                                          /* 0x000fde0000000000 */
        /*2140*/                   NOP ;                                                  /* 0x0000000000007918 */
                                                                                          /* 0x000fde0000000000 */
        /*2150*/                   NOP ;                                                  /* 0x0000000000007918 */
                                                                                          /* 0x000fde0000000000 */
        /*2160*/                   NOP ;                                                  /* 0x0000000000007918 */
                                                                                          /* 0x000fc80000000000 */
        /*2170*/                   DSETP.NEU.AND P0, PT, R22, RZ, PT ;                    /* 0x000000ff1600722a */
                                                                                          /* 0x001e240003f0d000 */
        /*2180*/              @!P0 BRA 0x2300 ;                                           /* 0x00000000005c8947 */
                                                                                          /* 0x001fea0003800000 */
        /*2190*/                   DSETP.NAN.AND P0, PT, |R22|, +INF , PT ;               /* 0x7ff000001600742a */
                                                                                          /* 0x000e1e0003f08200 */
        /*21a0*/                   NOP ;                                                  /* 0x0000000000007918 */
                                                                                          /* 0x000fde0000000000 */
        /*21b0*/                   NOP ;                                                  /* 0x0000000000007918 */
                                                                                          /* 0x000fde0000000000 */
        /*21c0*/                   NOP ;                                                  /* 0x0000000000007918 */
                                                                                          /* 0x000fde0000000000 */
        /*21d0*/                   NOP ;                                                  /* 0x0000000000007918 */
                                                                                          /* 0x000fc80000000000 */
        /*21e0*/               @P0 DADD R24, R22, +INF  ;                                 /* 0x7ff0000016180429 */
                                                                                          /* 0x0010620000000000 */
        /*21f0*/               @P0 BRA 0x2300 ;                                           /* 0x0000000000400947 */
                                                                                          /* 0x000fea0003800000 */
        /*2200*/                   IADD3 R25, P2, PT, RZ, R22, RZ ;                       /* 0x00000016ff197210 */
                                                                                          /* 0x002fe40007f5e0ff */
        /*2210*/                   LOP3.LUT R24, R23, 0x7fffffff, RZ, 0xc0, !PT ;         /* 0x7fffffff17187812 */
                                                                                          /* 0x000fe400078ec0ff */
        /*2220*/                   ISETP.GT.U32.AND P0, PT, R22.reuse, -0x1, PT ;         /* 0xffffffff1600780c */
                                                                                          /* 0x040fe40003f04070 */
        /*2230*/                   ISETP.LT.U32.AND P1, PT, R25, RZ, PT ;                 /* 0x000000ff1900720c */
                                                                                          /* 0x000fe40003f21070 */
        /*2240*/                   IADD3 R25, P3, PT, R22, -0x1, RZ ;                     /* 0xffffffff16197810 */
                                                                                          /* 0x000fe40007f7e0ff */
        /*2250*/                   IADD3.X R24, PT, PT, R24, -0x100000, RZ, P2, !PT ;     /* 0xfff0000018187810 */
                                                                                          /* 0x000fc400017fe4ff */
        /*2260*/                   ISETP.GT.AND.EX P0, PT, R23, -0x1, PT, P0 ;            /* 0xffffffff1700780c */
                                                                                          /* 0x000fe40003f04300 */
        /*2270*/                   ISETP.LT.U32.AND P2, PT, R25, -0x1, PT ;               /* 0xffffffff1900780c */
                                                                                          /* 0x000fe40003f41070 */
        /*2280*/                   IADD3.X R25, PT, PT, R23, -0x1, RZ, P3, !PT ;          /* 0xffffffff17197810 */
                                                                                          /* 0x000fe40001ffe4ff */
        /*2290*/                   ISETP.LT.U32.AND.EX P0, PT, R24, 0x7fe00000, P0, P1 ;  /* 0x7fe000001800780c */
                                                                                          /* 0x000fe20000701110 */
        /*22a0*/                   DSETP.GEU.AND P1, PT, R22, RZ, PT ;                    /* 0x000000ff1600722a */
                                                                                          /* 0x000e640003f2e000 */
        /*22b0*/                   SEL R29, RZ, 0xffffffff, P1 ;                          /* 0xffffffffff1d7807 */
                                                                                          /* 0x002fe40000800000 */
        /*22c0*/                   ISETP.LT.U32.OR.EX P0, PT, R25, 0xfffff, P0, P2 ;      /* 0x000fffff1900780c */
                                                                                          /* 0x000fc80000701520 */
        /*22d0*/                   SEL R25, RZ, 0x1, !P0 ;                                /* 0x00000001ff197807 */
                                                                                          /* 0x000fc80004000000 */
        /*22e0*/                   IADD3 R24, P0, P1, R25, R29, R22 ;                     /* 0x0000001d19187210 */
                                                                                          /* 0x000fc8000791e016 */
        /*22f0*/                   IADD3.X R25, PT, PT, RZ, R29, R23, P0, P1 ;            /* 0x0000001dff197210 */
                                                                                          /* 0x000fd200007e2417 */
        /*2300*/                   BSYNC.RECONVERGENT B3 ;                                /* 0x0000000000037941 */
                                                                                          /* 0x000fea0003800200 */
        /*2310*/                   IMAD.MOV.U32 R22, RZ, RZ, R24 ;                        /* 0x000000ffff167224 */
                                                                                          /* 0x003fe400078e0018 */
        /*2320*/                   IMAD.MOV.U32 R23, RZ, RZ, R25 ;                        /* 0x000000ffff177224 */
                                                                                          /* 0x000fcc00078e0019 */
        /*2330*/                   DSETP.GE.AND P0, PT, R18, R22, PT ;                    /* 0x000000161200722a */
                                                                                          /* 0x000e240003f06000 */
        /*2340*/               @P0 BREAK.RELIABLE B2 ;                                    /* 0x0000000000020942 */
                                                                                          /* 0x001fea0003800100 */
        /*2350*/               @P0 BRA 0x25d0 ;                                           /* 0x00000000009c0947 */
                                                                                          /* 0x000fea0003800000 */
        /*2360*/                   BSYNC.RELIABLE B2 ;                                    /* 0x0000000000027941 */
                                                                                          /* 0x000fea0003800100 */
        /*2370*/                   DADD R18, R18, R18 ;                                   /* 0x0000000012127229 */
                                                                                          /* 0x000e220000000012 */
        /*2380*/                   BSSY.RECONVERGENT B2, 0x2580 ;                         /* 0x000001f000027945 */
                                                                                          /* 0x000fe20003800200 */
        /*2390*/                   CS2R R22, SRZ ;                                        /* 0x0000000000167805 */
                                                                                          /* 0x000fde000001ff00 */
        /*23a0*/                   NOP ;                                                  /* 0x0000000000007918 */
                                                                                          /* 0x000fde0000000000 */
        /*23b0*/                   NOP ;                                                  /* 0x0000000000007918 */
                                                                                          /* 0x000fde0000000000 */
        /*23c0*/                   NOP ;                                                  /* 0x0000000000007918 */
                                                                                          /* 0x000fde0000000000 */
        /*23d0*/                   NOP ;                                                  /* 0x0000000000007918 */
                                                                                          /* 0x000fc40000000000 */
        /*23e0*/                   DSETP.NEU.AND P0, PT, R18, RZ, PT ;                    /* 0x000000ff1200722a */
                                                                                          /* 0x001e240003f0d000 */
        /*23f0*/              @!P0 BRA 0x2570 ;                                           /* 0x00000000005c8947 */
                                                                                          /* 0x001fea0003800000 */
        /*2400*/                   DSETP.NAN.AND P0, PT, |R18|, +INF , PT ;               /* 0x7ff000001200742a */
                                                                                          /* 0x000e1e0003f08200 */
        /*2410*/                   NOP ;                                                  /* 0x0000000000007918 */
                                                                                          /* 0x000fde0000000000 */
        /*2420*/                   NOP ;                                                  /* 0x0000000000007918 */
                                                                                          /* 0x000fde0000000000 */
        /*2430*/                   NOP ;                                                  /* 0x0000000000007918 */
                                                                                          /* 0x000fde0000000000 */
        /*2440*/                   NOP ;                                                  /* 0x0000000000007918 */
                                                                                          /* 0x000fc80000000000 */
        /*2450*/               @P0 DADD R22, R18, +INF  ;                                 /* 0x7ff0000012160429 */
                                                                                          /* 0x0010620000000000 */
        /*2460*/               @P0 BRA 0x2570 ;                                           /* 0x0000000000400947 */
                                                                                          /* 0x000fea0003800000 */
        /*2470*/                   IADD3 R23, P2, PT, RZ, R18, RZ ;                       /* 0x00000012ff177210 */
                                                                                          /* 0x002fe40007f5e0ff */
        /*2480*/                   LOP3.LUT R22, R19, 0x7fffffff, RZ, 0xc0, !PT ;         /* 0x7fffffff13167812 */
                                                                                          /* 0x000fe400078ec0ff */
        /*2490*/                   ISETP.GT.U32.AND P0, PT, R18.reuse, -0x1, PT ;         /* 0xffffffff1200780c */
                                                                                          /* 0x040fe40003f04070 */
        /*24a0*/                   ISETP.LT.U32.AND P1, PT, R23, RZ, PT ;                 /* 0x000000ff1700720c */
                                                                                          /* 0x000fe40003f21070 */
        /*24b0*/                   IADD3 R23, P3, PT, R18, -0x1, RZ ;                     /* 0xffffffff12177810 */
                                                                                          /* 0x000fe40007f7e0ff */
        /*24c0*/                   IADD3.X R22, PT, PT, R22, -0x100000, RZ, P2, !PT ;     /* 0xfff0000016167810 */
                                                                                          /* 0x000fc400017fe4ff */
        /*24d0*/                   ISETP.GT.AND.EX P0, PT, R19, -0x1, PT, P0 ;            /* 0xffffffff1300780c */
                                                                                          /* 0x000fe40003f04300 */
        /*24e0*/                   ISETP.LT.U32.AND P2, PT, R23, -0x1, PT ;               /* 0xffffffff1700780c */
                                                                                          /* 0x000fe40003f41070 */
        /*24f0*/                   IADD3.X R23, PT, PT, R19, -0x1, RZ, P3, !PT ;          /* 0xffffffff13177810 */
                                                                                          /* 0x000fe40001ffe4ff */
        /*2500*/                   ISETP.LT.U32.AND.EX P0, PT, R22, 0x7fe00000, P0, P1 ;  /* 0x7fe000001600780c */
                                                                                          /* 0x000fe20000701110 */
        /*2510*/                   DSETP.GEU.AND P1, PT, R18, RZ, PT ;                    /* 0x000000ff1200722a */
                                                                                          /* 0x000e640003f2e000 */
        /*2520*/                   SEL R25, RZ, 0xffffffff, P1 ;                          /* 0xffffffffff197807 */
                                                                                          /* 0x002fe40000800000 */
        /*2530*/                   ISETP.LT.U32.OR.EX P0, PT, R23, 0xfffff, P0, P2 ;      /* 0x000fffff1700780c */
                                                                                          /* 0x000fc80000701520 */
        /*2540*/                   SEL R23, RZ, 0x1, !P0 ;                                /* 0x00000001ff177807 */
                                                                                          /* 0x000fc80004000000 */
        /*2550*/                   IADD3 R22, P0, P1, R23, R25, R18 ;                     /* 0x0000001917167210 */
                                                                                          /* 0x000fc8000791e012 */
        /*2560*/                   IADD3.X R23, PT, PT, RZ, R25, R19, P0, P1 ;            /* 0x00000019ff177210 */
                                                                                          /* 0x000fd200007e2413 */
        /*2570*/                   BSYNC.RECONVERGENT B2 ;                                /* 0x0000000000027941 */
                                                                                          /* 0x000fea0003800200 */
        /*2580*/                   IADD3 R33, PT, PT, R33, 0x1, RZ ;                      /* 0x0000000121217810 */
                                                                                          /* 0x000fc80007ffe0ff */
        /*2590*/                   ISETP.NE.U32.AND P0, PT, R33, 0x8, PT ;                /* 0x000000082100780c */
                                                                                          /* 0x000fda0003f05070 */
        /*25a0*/               @P0 BRA 0x1670 ;                                           /* 0xfffffff000300947 */
                                                                                          /* 0x000fea000383ffff */
        /*25b0*/                   IMAD.MOV.U32 R18, RZ, RZ, 0x0 ;                        /* 0x00000000ff127424 */
                                                                                          /* 0x001fe400078e00ff */
        /*25c0*/                   IMAD.MOV.U32 R19, RZ, RZ, 0x7ff00000 ;                 /* 0x7ff00000ff137424 */
                                                                                          /* 0x000fce00078e00ff */
        /*25d0*/                   BSYNC.RECONVERGENT B1 ;                                /* 0x0000000000017941 */
                                                                                          /* 0x000fea0003800200 */
        /*25e0*/                   LDG.E.64 R26, desc[UR4][R10.64+0x18] ;                 /* 0x000018040a1a7981 */
                                                                                          /* 0x000ee8000c1e1b00 */
        /*25f0*/                   LDG.E.64 R24, desc[UR4][R12.64+0x18] ;                 /* 0x000018040c187981 */
                                                                                          /* 0x000f22000c1e1b00 */
        /*2600*/                   DSETP.NEU.AND P0, PT, R20, RZ, PT ;                    /* 0x000000ff1400722a */
                                                                                          /* 0x000e220003f0d000 */
        /*2610*/                   BSSY.RECONVERGENT B1, 0x3ff0 ;                         /* 0x000019d000017945 */
                                                                                          /* 0x000fe20003800200 */
        /*2620*/                   CS2R R22, SRZ ;                                        /* 0x0000000000167805 */
                                                                                          /* 0x006fde000001ff00 */
        /*2630*/                   NOP ;                                                  /* 0x0000000000007918 */
                                                                                          /* 0x000fde0000000000 */
        /*2640*/                   NOP ;                                                  /* 0x0000000000007918 */
                                                                                          /* 0x000fde0000000000 */
        /*2650*/                   NOP ;                                                  /* 0x0000000000007918 */
                                                                                          /* 0x000fde0000000000 */
        /*2660*/                   NOP ;                                                  /* 0x0000000000007918 */
                                                                                          /* 0x000fc40000000000 */
        /*2670*/                   F2I.F64.TRUNC R26, R26 ;                               /* 0x0000001a001a7311 */
                                                                                          /* 0x008fde000030d100 */
        /*2680*/                   NOP ;                                                  /* 0x0000000000007918 */
                                                                                          /* 0x000fde0000000000 */
        /*2690*/                   NOP ;                                                  /* 0x0000000000007918 */
                                                                                          /* 0x000fde0000000000 */
        /*26a0*/                   NOP ;                                                  /* 0x0000000000007918 */
                                                                                          /* 0x000fde0000000000 */
        /*26b0*/                   NOP ;                                                  /* 0x0000000000007918 */
                                                                                          /* 0x000fc80000000000 */
        /*26c0*/                   F2I.F64.TRUNC R25, R24 ;                               /* 0x0000001800197311 */
                                                                                          /* 0x010e64000030d100 */
        /*26d0*/                   IMAD.IADD R32, R26, 0x1, R25 ;                         /* 0x000000011a207824 */
                                                                                          /* 0x002fe200078e0219 */
        /*26e0*/              @!P0 BRA 0x3fe0 ;                                           /* 0x00000018003c8947 */
                                                                                          /* 0x001fec0003800000 */
        /*26f0*/                   DSETP.NE.AND P0, PT, |R20|, +INF , PT ;                /* 0x7ff000001400742a */
                                                                                          /* 0x000e220003f05200 */
        /*2700*/                   IMAD.MOV.U32 R22, RZ, RZ, 0x0 ;                        /* 0x00000000ff167424 */
                                                                                          /* 0x000fe400078e00ff */
        /*2710*/                   IMAD.MOV.U32 R23, RZ, RZ, 0x7ff00000 ;                 /* 0x7ff00000ff177424 */
                                                                                          /* 0x000fde00078e00ff */
        /*2720*/                   NOP ;                                                  /* 0x0000000000007918 */
                                                                                          /* 0x000fde0000000000 */
        /*2730*/                   NOP ;                                                  /* 0x0000000000007918 */
                                                                                          /* 0x000fde0000000000 */
        /*2740*/                   NOP ;                                                  /* 0x0000000000007918 */
                                                                                          /* 0x000fde0000000000 */
        /*2750*/                   NOP ;                                                  /* 0x0000000000007918 */
                                                                                          /* 0x000fc20000000000 */
        /*2760*/                   DSETP.LT.OR P0, PT, R20, RZ, !P0 ;                     /* 0x000000ff1400722a */
                                                                                          /* 0x001e240004701400 */
        /*2770*/               @P0 BRA 0x3fe0 ;                                           /* 0x0000001800180947 */
                                                                                          /* 0x001fea0003800000 */
        /*2780*/                   IADD3 R23, P2, PT, RZ, R20, RZ ;                       /* 0x00000014ff177210 */
                                                                                          /* 0x000fe20007f5e0ff */
        /*2790*/                   BSSY.RECONVERGENT B2, 0x2b70 ;                         /* 0x000003d000027945 */
                                                                                          /* 0x000fe20003800200 */
        /*27a0*/                   LOP3.LUT R22, R21, 0x7fffffff, RZ, 0xc0, !PT ;         /* 0x7fffffff15167812 */
                                                                                          /* 0x000fe200078ec0ff */
        /*27b0*/                   CS2R R26, SRZ ;                                        /* 0x00000000001a7805 */
                                                                                          /* 0x000fe2000001ff00 */
        /*27c0*/                   ISETP.GT.U32.AND P0, PT, R20.reuse, -0x1, PT ;         /* 0xffffffff1400780c */
                                                                                          /* 0x040fe40003f04070 */
        /*27d0*/                   ISETP.LT.U32.AND P1, PT, R23, RZ, PT ;                 /* 0x000000ff1700720c */
                                                                                          /* 0x000fe40003f21070 */
        /*27e0*/                   IADD3 R23, P3, PT, R20, -0x1, RZ ;                     /* 0xffffffff14177810 */
                                                                                          /* 0x000fe40007f7e0ff */
        /*27f0*/                   IADD3.X R22, PT, PT, R22, -0x100000, RZ, P2, !PT ;     /* 0xfff0000016167810 */
                                                                                          /* 0x000fc400017fe4ff */
        /*2800*/                   ISETP.GT.AND.EX P0, PT, R21, -0x1, PT, P0 ;            /* 0xffffffff1500780c */
                                                                                          /* 0x000fe40003f04300 */
        /*2810*/                   ISETP.LT.U32.AND P2, PT, R23, -0x1, PT ;               /* 0xffffffff1700780c */
                                                                                          /* 0x000fe40003f41070 */
        /*2820*/                   IADD3.X R23, PT, PT, R21, -0x1, RZ, P3, !PT ;          /* 0xffffffff15177810 */
                                                                                          /* 0x000fe40001ffe4ff */
        /*2830*/                   ISETP.LT.U32.AND.EX P0, PT, R22, 0x7fe00000, P0, P1 ;  /* 0x7fe000001600780c */
                                                                                          /* 0x000fc80000701110 */
        /*2840*/                   ISETP.LT.U32.OR.EX P0, PT, R23, 0xfffff, P0, P2 ;      /* 0x000fffff1700780c */
                                                                                          /* 0x000fc80000701520 */
        /*2850*/                   SEL R23, RZ, 0x1, !P0 ;                                /* 0x00000001ff177807 */
                                                                                          /* 0x000fc80004000000 */
        /*2860*/                   IADD3 R22, P0, PT, R20, R23, RZ ;                      /* 0x0000001714167210 */
                                                                                          /* 0x000fca0007f1e0ff */
        /*2870*/                   IMAD.X R23, RZ, RZ, R21, P0 ;                          /* 0x000000ffff177224 */
                                                                                          /* 0x000fca00000e0615 */
        /*2880*/                   SHF.R.U32.HI R24, RZ, 0x14, R23 ;                      /* 0x00000014ff187819 */
                                                                                          /* 0x000fe40000011617 */
        /*2890*/                   DSETP.NEU.AND P0, PT, R22, RZ, PT ;                    /* 0x000000ff1600722a */
                                                                                          /* 0x000e240003f0d000 */
        /*28a0*/                   LOP3.LUT R24, R24, 0x7ff, RZ, 0xc0, !PT ;              /* 0x000007ff18187812 */
                                                                                          /* 0x000fc800078ec0ff */
        /*28b0*/                   IADD3 R24, PT, PT, R24, -0x3ff, RZ ;                   /* 0xfffffc0118187810 */
                                                                                          /* 0x000fc80007ffe0ff */
        /*28c0*/                   SEL R25, R24, 0xffffd8f0, P0 ;                         /* 0xffffd8f018197807 */
                                                                                          /* 0x001fe20000000000 */
        /*28d0*/                   IMAD.MOV.U32 R24, RZ, RZ, RZ ;                         /* 0x000000ffff187224 */
                                                                                          /* 0x000fc600078e00ff */
        /*28e0*/                   IMNMX R25, R32, R25, !PT ;                             /* 0x0000001920197217 */
                                                                                          /* 0x000fc80007ffe200 */
        /*28f0*/                   IADD3 R25, PT, PT, R25, 0x3e6, RZ ;                    /* 0x000003e619197810 */
                                                                                          /* 0x000fca0007ffe0ff */
        /*2900*/                   IMAD.SHL.U32 R25, R25, 0x100000, RZ ;                  /* 0x0010000019197824 */
                                                                                          /* 0x000fde00078e00ff */
        /*2910*/                   NOP ;                                                  /* 0x0000000000007918 */
                                                                                          /* 0x000fde0000000000 */
        /*2920*/                   NOP ;                                                  /* 0x0000000000007918 */
                                                                                          /* 0x000fd60000000000 */
        /*2930*/                   DMUL R24, R24, 17 ;                                    /* 0x4031000018187828 */
                                                                                          /* 0x000e1e0000000000 */
        /*2940*/                   NOP ;                                                  /* 0x0000000000007918 */
                                                                                          /* 0x000fde0000000000 */
        /*2950*/                   NOP ;                                                  /* 0x0000000000007918 */
                                                                                          /* 0x000fde0000000000 */
        /*2960*/                   NOP ;                                                  /* 0x0000000000007918 */
                                                                                          /* 0x000fde0000000000 */
        /*2970*/                   NOP ;                                                  /* 0x0000000000007918 */
                                                                                          /* 0x000fc80000000000 */
        /*2980*/                   DADD R22, R24, R22 ;                                   /* 0x0000000018167229 */
                                                                                          /* 0x001e1e0000000016 */
        /*2990*/                   NOP ;                                                  /* 0x0000000000007918 */
                                                                                          /* 0x000fde0000000000 */
        /*29a0*/                   NOP ;                                                  /* 0x0000000000007918 */
                                                                                          /* 0x000fde0000000000 */
        /*29b0*/                   NOP ;                                                  /* 0x0000000000007918 */
                                                                                          /* 0x000fde0000000000 */
        /*29c0*/                   NOP ;                                                  /* 0x0000000000007918 */
                                                                                          /* 0x000fc80000000000 */
        /*29d0*/                   DSETP.NEU.AND P0, PT, R22, RZ, PT ;                    /* 0x000000ff1600722a */
                                                                                          /* 0x001e240003f0d000 */
        /*29e0*/              @!P0 BRA 0x2b60 ;                                           /* 0x00000000005c8947 */
                                                                                          /* 0x001fea0003800000 */
        /*29f0*/                   DSETP.NAN.AND P0, PT, |R22|, +INF , PT ;               /* 0x7ff000001600742a */
                                                                                          /* 0x000e1e0003f08200 */
        /*2a00*/                   NOP ;                                                  /* 0x0000000000007918 */
                                                                                          /* 0x000fde0000000000 */
        /*2a10*/                   NOP ;                                                  /* 0x0000000000007918 */
                                                                                          /* 0x000fde0000000000 */
        /*2a20*/                   NOP ;                                                  /* 0x0000000000007918 */
                                                                                          /* 0x000fde0000000000 */
        /*2a30*/                   NOP ;                                                  /* 0x0000000000007918 */
                                                                                          /* 0x000fc80000000000 */
        /*2a40*/               @P0 DADD R26, R22, +INF  ;                                 /* 0x7ff00000161a0429 */
                                                                                          /* 0x0010620000000000 */
        /*2a50*/               @P0 BRA 0x2b60 ;                                           /* 0x0000000000400947 */
                                                                                          /* 0x000fea0003800000 */
        /*2a60*/                   IADD3 R27, P2, PT, RZ, R22, RZ ;                       /* 0x00000016ff1b7210 */
                                                                                          /* 0x002fe40007f5e0ff */
        /*2a70*/                   LOP3.LUT R26, R23, 0x7fffffff, RZ, 0xc0, !PT ;         /* 0x7fffffff171a7812 */
                                                                                          /* 0x000fe400078ec0ff */
        /*2a80*/                   ISETP.GT.U32.AND P0, PT, R22.reuse, -0x1, PT ;         /* 0xffffffff1600780c */
                                                                                          /* 0x040fe40003f04070 */
        /*2a90*/                   ISETP.LT.U32.AND P1, PT, R27, RZ, PT ;                 /* 0x000000ff1b00720c */
                                                                                          /* 0x000fe40003f21070 */
        /*2aa0*/                   IADD3 R27, P3, PT, R22, -0x1, RZ ;                     /* 0xffffffff161b7810 */
                                                                                          /* 0x000fe40007f7e0ff */
        /*2ab0*/                   IADD3.X R26, PT, PT, R26, -0x100000, RZ, P2, !PT ;     /* 0xfff000001a1a7810 */
                                                                                          /* 0x000fc400017fe4ff */
        /*2ac0*/                   ISETP.GT.AND.EX P0, PT, R23, -0x1, PT, P0 ;            /* 0xffffffff1700780c */
                                                                                          /* 0x000fe40003f04300 */
        /*2ad0*/                   ISETP.LT.U32.AND P2, PT, R27, -0x1, PT ;               /* 0xffffffff1b00780c */
                                                                                          /* 0x000fe40003f41070 */
        /*2ae0*/                   IADD3.X R27, PT, PT, R23, -0x1, RZ, P3, !PT ;          /* 0xffffffff171b7810 */
                                                                                          /* 0x000fe40001ffe4ff */
        /*2af0*/                   ISETP.LT.U32.AND.EX P0, PT, R26, 0x7fe00000, P0, P1 ;  /* 0x7fe000001a00780c */
                                                                                          /* 0x000fe20000701110 */
        /*2b00*/                   DSETP.GEU.AND P1, PT, R22, RZ, PT ;                    /* 0x000000ff1600722a */
                                                                                          /* 0x000e640003f2e000 */
        /*2b10*/                   SEL R29, RZ, 0xffffffff, P1 ;                          /* 0xffffffffff1d7807 */
                                                                                          /* 0x002fe40000800000 */
        /*2b20*/                   ISETP.LT.U32.OR.EX P0, PT, R27, 0xfffff, P0, P2 ;      /* 0x000fffff1b00780c */
                                                                                          /* 0x000fc80000701520 */
        /*2b30*/                   SEL R27, RZ, 0x1, !P0 ;                                /* 0x00000001ff1b7807 */
                                                                                          /* 0x000fc80004000000 */
        /*2b40*/                   IADD3 R26, P0, P1, R27, R29, R22 ;                     /* 0x0000001d1b1a7210 */
                                                                                          /* 0x000fc8000791e016 */
        /*2b50*/                   IADD3.X R27, PT, PT, RZ, R29, R23, P0, P1 ;            /* 0x0000001dff1b7210 */
                                                                                          /* 0x000fd200007e2417 */
        /*2b60*/                   BSYNC.RECONVERGENT B2 ;                                /* 0x0000000000027941 */
                                                                                          /* 0x000fea0003800200 */
        /*2b70*/                   IMAD.MOV.U32 R22, RZ, RZ, R26 ;                        /* 0x000000ffff167224 */
                                                                                          /* 0x003fe200078e001a */
        /*2b80*/                   BSSY.RECONVERGENT B2, 0x2e40 ;                         /* 0x000002b000027945 */
                                                                                          /* 0x000fe20003800200 */
        /*2b90*/                   IMAD.MOV.U32 R23, RZ, RZ, R27 ;                        /* 0x000000ffff177224 */
                                                                                          /* 0x000fcc00078e001b */
        /*2ba0*/                   DSETP.NEU.AND P0, PT, R22, RZ, PT ;                    /* 0x000000ff1600722a */
                                                                                          /* 0x0000640003f0d000 */
        /*2bb0*/                   SHF.R.U32.HI R22, RZ, 0x14, R27 ;                      /* 0x00000014ff167819 */
                                                                                          /* 0x001fc8000001161b */
        /*2bc0*/                   LOP3.LUT R22, R22, 0x7ff, RZ, 0xc0, !PT ;              /* 0x000007ff16167812 */
                                                                                          /* 0x000fc800078ec0ff */
        /*2bd0*/                   IMNMX.U32 R22, R22, 0x381, !PT ;                       /* 0x0000038116167817 */
                                                                                          /* 0x000fc80007ffe000 */
        /*2be0*/                   IADD3 R22, PT, PT, R22, -0x17, RZ ;                    /* 0xffffffe916167810 */
                                                                                          /* 0x000fca0007ffe0ff */
        /*2bf0*/                   IMAD.SHL.U32 R22, R22, 0x100000, RZ ;                  /* 0x0010000016167824 */
                                                                                          /* 0x000fca00078e00ff */
        /*2c00*/                   FSEL R23, R22, 4.76837158203125e-06, P0 ;              /* 0x36a0000016177808 */
                                                                                          /* 0x002fe20000000000 */
        /*2c10*/                   IMAD.MOV.U32 R22, RZ, RZ, RZ ;                         /* 0x000000ffff167224 */
                                                                                          /* 0x000fde00078e00ff */
        /*2c20*/                   NOP ;                                                  /* 0x0000000000007918 */
                                                                                          /* 0x000fde0000000000 */
        /*2c30*/                   NOP ;                                                  /* 0x0000000000007918 */
                                                                                          /* 0x000fd20000000000 */
        /*2c40*/                   DADD R22, R24, R22 ;                                   /* 0x0000000018167229 */
                                                                                          /* 0x0000640000000016 */
        /*2c50*/                   CS2R R24, SRZ ;                                        /* 0x0000000000187805 */
                                                                                          /* 0x001fde000001ff00 */
        /*2c60*/                   NOP ;                                                  /* 0x0000000000007918 */
                                                                                          /* 0x000fde0000000000 */
        /*2c70*/                   NOP ;                                                  /* 0x0000000000007918 */
                                                                                          /* 0x000fde0000000000 */
        /*2c80*/                   NOP ;                                                  /* 0x0000000000007918 */
                                                                                          /* 0x000fde0000000000 */
        /*2c90*/                   NOP ;                                                  /* 0x0000000000007918 */
                                                                                          /* 0x000fc40000000000 */
        /*2ca0*/                   DSETP.NEU.AND P0, PT, R22, RZ, PT ;                    /* 0x000000ff1600722a */
                                                                                          /* 0x002e240003f0d000 */
        /*2cb0*/              @!P0 BRA 0x2e30 ;                                           /* 0x00000000005c8947 */
                                                                                          /* 0x001fea0003800000 */
        /*2cc0*/                   DSETP.NAN.AND P0, PT, |R22|, +INF , PT ;               /* 0x7ff000001600742a */
                                                                                          /* 0x000e1e0003f08200 */
        /*2cd0*/                   NOP ;                                                  /* 0x0000000000007918 */
                                                                                          /* 0x000fde0000000000 */
        /*2ce0*/                   NOP ;                                                  /* 0x0000000000007918 */
                                                                                          /* 0x000fde0000000000 */
        /*2cf0*/                   NOP ;                                                  /* 0x0000000000007918 */
                                                                                          /* 0x000fde0000000000 */
        /*2d00*/                   NOP ;                                                  /* 0x0000000000007918 */
                                                                                          /* 0x000fc80000000000 */
        /*2d10*/               @P0 DADD R24, R22, +INF  ;                                 /* 0x7ff0000016180429 */
                                                                                          /* 0x0010620000000000 */
        /*2d20*/               @P0 BRA 0x2e30 ;                                           /* 0x0000000000400947 */
                                                                                          /* 0x000fea0003800000 */
        /*2d30*/                   IADD3 R25, P2, PT, RZ, R22, RZ ;                       /* 0x00000016ff197210 */
                                                                                          /* 0x002fe40007f5e0ff */
        /*2d40*/                   LOP3.LUT R24, R23, 0x7fffffff, RZ, 0xc0, !PT ;         /* 0x7fffffff17187812 */
                                                                                          /* 0x000fe400078ec0ff */
        /*2d50*/                   ISETP.GT.U32.AND P0, PT, R22.reuse, -0x1, PT ;         /* 0xffffffff1600780c */
                                                                                          /* 0x040fe40003f04070 */
        /*2d60*/                   ISETP.LT.U32.AND P1, PT, R25, RZ, PT ;                 /* 0x000000ff1900720c */
                                                                                          /* 0x000fe40003f21070 */
        /*2d70*/                   IADD3 R25, P3, PT, R22, -0x1, RZ ;                     /* 0xffffffff16197810 */
                                                                                          /* 0x000fe40007f7e0ff */
        /*2d80*/                   IADD3.X R24, PT, PT, R24, -0x100000, RZ, P2, !PT ;     /* 0xfff0000018187810 */
                                                                                          /* 0x000fc400017fe4ff */
        /*2d90*/                   ISETP.GT.AND.EX P0, PT, R23, -0x1, PT, P0 ;            /* 0xffffffff1700780c */
                                                                                          /* 0x000fe40003f04300 */
        /*2da0*/                   ISETP.LT.U32.AND P2, PT, R25, -0x1, PT ;               /* 0xffffffff1900780c */
                                                                                          /* 0x000fe40003f41070 */
        /*2db0*/                   IADD3.X R25, PT, PT, R23, -0x1, RZ, P3, !PT ;          /* 0xffffffff17197810 */
                                                                                          /* 0x000fe40001ffe4ff */
        /*2dc0*/                   ISETP.LT.U32.AND.EX P0, PT, R24, 0x7fe00000, P0, P1 ;  /* 0x7fe000001800780c */
                                                                                          /* 0x000fe20000701110 */
        /*2dd0*/                   DSETP.GEU.AND P1, PT, R22, RZ, PT ;                    /* 0x000000ff1600722a */
                                                                                          /* 0x000e640003f2e000 */
        /*2de0*/                   SEL R27, RZ, 0xffffffff, P1 ;                          /* 0xffffffffff1b7807 */
                                                                                          /* 0x002fe40000800000 */
        /*2df0*/                   ISETP.LT.U32.OR.EX P0, PT, R25, 0xfffff, P0, P2 ;      /* 0x000fffff1900780c */
                                                                                          /* 0x000fc80000701520 */
        /*2e00*/                   SEL R25, RZ, 0x1, !P0 ;                                /* 0x00000001ff197807 */
                                                                                          /* 0x000fc80004000000 */
        /*2e10*/                   IADD3 R24, P0, P1, R25, R27, R22 ;                     /* 0x0000001b19187210 */
                                                                                          /* 0x000fc8000791e016 */
        /*2e20*/                   IADD3.X R25, PT, PT, RZ, R27, R23, P0, P1 ;            /* 0x0000001bff197210 */
                                                                                          /* 0x000fd200007e2417 */
        /*2e30*/                   BSYNC.RECONVERGENT B2 ;                                /* 0x0000000000027941 */
                                                                                          /* 0x000fea0003800200 */
        /*2e40*/                   IMAD.MOV.U32 R22, RZ, RZ, R24 ;                        /* 0x000000ffff167224 */
                                                                                          /* 0x003fe200078e0018 */
        /*2e50*/                   BSSY.RECONVERGENT B2, 0x3070 ;                         /* 0x0000021000027945 */
                                                                                          /* 0x000fe20003800200 */
        /*2e60*/                   IMAD.MOV.U32 R23, RZ, RZ, R25 ;                        /* 0x000000ffff177224 */
                                                                                          /* 0x000fe200078e0019 */
        /*2e70*/                   CS2R R24, SRZ ;                                        /* 0x0000000000187805 */
                                                                                          /* 0x000fca000001ff00 */
        /*2e80*/                   DMUL R22, R22, 256 ;                                   /* 0x4070000016167828 */
                                                                                          /* 0x000e1e0000000000 */
        /*2e90*/                   NOP ;                                                  /* 0x0000000000007918 */
                                                                                          /* 0x000fde0000000000 */
        /*2ea0*/                   NOP ;                                                  /* 0x0000000000007918 */
                                                                                          /* 0x000fde0000000000 */
        /*2eb0*/                   NOP ;                                                  /* 0x0000000000007918 */
                                                                                          /* 0x000fde0000000000 */
        /*2ec0*/                   NOP ;                                                  /* 0x0000000000007918 */
                                                                                          /* 0x000fc80000000000 */
        /*2ed0*/                   DSETP.NEU.AND P0, PT, R22, RZ, PT ;                    /* 0x000000ff1600722a */
                                                                                          /* 0x001e240003f0d000 */
        /*2ee0*/              @!P0 BRA 0x3060 ;                                           /* 0x00000000005c8947 */
                                                                                          /* 0x001fea0003800000 */
        /*2ef0*/                   DSETP.NAN.AND P0, PT, |R22|, +INF , PT ;               /* 0x7ff000001600742a */
                                                                                          /* 0x000e1e0003f08200 */
        /*2f00*/                   NOP ;                                                  /* 0x0000000000007918 */
                                                                                          /* 0x000fde0000000000 */
        /*2f10*/                   NOP ;                                                  /* 0x0000000000007918 */
                                                                                          /* 0x000fde0000000000 */
        /*2f20*/                   NOP ;                                                  /* 0x0000000000007918 */
                                                                                          /* 0x000fde0000000000 */
        /*2f30*/                   NOP ;                                                  /* 0x0000000000007918 */
                                                                                          /* 0x000fc80000000000 */
        /*2f40*/               @P0 DADD R24, R22, +INF  ;                                 /* 0x7ff0000016180429 */
                                                                                          /* 0x0010620000000000 */
        /*2f50*/               @P0 BRA 0x3060 ;                                           /* 0x0000000000400947 */
                                                                                          /* 0x000fea0003800000 */
        /*2f60*/                   IADD3 R25, P2, PT, RZ, R22, RZ ;                       /* 0x00000016ff197210 */
                                                                                          /* 0x002fe40007f5e0ff */
        /*2f70*/                   LOP3.LUT R24, R23, 0x7fffffff, RZ, 0xc0, !PT ;         /* 0x7fffffff17187812 */
                                                                                          /* 0x000fe400078ec0ff */
        /*2f80*/                   ISETP.GT.U32.AND P0, PT, R22.reuse, -0x1, PT ;         /* 0xffffffff1600780c */
                                                                                          /* 0x040fe40003f04070 */
        /*2f90*/                   ISETP.LT.U32.AND P1, PT, R25, RZ, PT ;                 /* 0x000000ff1900720c */
                                                                                          /* 0x000fe40003f21070 */
        /*2fa0*/                   IADD3 R25, P3, PT, R22, -0x1, RZ ;                     /* 0xffffffff16197810 */
                                                                                          /* 0x000fe40007f7e0ff */
        /*2fb0*/                   IADD3.X R24, PT, PT, R24, -0x100000, RZ, P2, !PT ;     /* 0xfff0000018187810 */
                                                                                          /* 0x000fc400017fe4ff */
        /*2fc0*/                   ISETP.GT.AND.EX P0, PT, R23, -0x1, PT, P0 ;            /* 0xffffffff1700780c */
                                                                                          /* 0x000fe40003f04300 */
        /*2fd0*/                   ISETP.LT.U32.AND P2, PT, R25, -0x1, PT ;               /* 0xffffffff1900780c */
                                                                                          /* 0x000fe40003f41070 */
        /*2fe0*/                   IADD3.X R25, PT, PT, R23, -0x1, RZ, P3, !PT ;          /* 0xffffffff17197810 */
                                                                                          /* 0x000fe40001ffe4ff */
        /*2ff0*/                   ISETP.LT.U32.AND.EX P0, PT, R24, 0x7fe00000, P0, P1 ;  /* 0x7fe000001800780c */
                                                                                          /* 0x000fe20000701110 */
        /*3000*/                   DSETP.GEU.AND P1, PT, R22, RZ, PT ;                    /* 0x000000ff1600722a */
                                                                                          /* 0x000e640003f2e000 */
        /*3010*/                   SEL R27, RZ, 0xffffffff, P1 ;                          /* 0xffffffffff1b7807 */
                                                                                          /* 0x002fe40000800000 */
        /*3020*/                   ISETP.LT.U32.OR.EX P0, PT, R25, 0xfffff, P0, P2 ;      /* 0x000fffff1900780c */
                                                                                          /* 0x000fc80000701520 */
        /*3030*/                   SEL R25, RZ, 0x1, !P0 ;                                /* 0x00000001ff197807 */
                                                                                          /* 0x000fc80004000000 */
        /*3040*/                   IADD3 R24, P0, P1, R25, R27, R22 ;                     /* 0x0000001b19187210 */
                                                                                          /* 0x000fc8000791e016 */
        /*3050*/                   IADD3.X R25, PT, PT, RZ, R27, R23, P0, P1 ;            /* 0x0000001bff197210 */
                                                                                          /* 0x000fd200007e2417 */
        /*3060*/                   BSYNC.RECONVERGENT B2 ;                                /* 0x0000000000027941 */
                                                                                          /* 0x000fea0003800200 */
        /*3070*/                   IMAD.MOV.U32 R33, RZ, RZ, RZ ;                         /* 0x000000ffff217224 */
                                                                                          /* 0x003fce00078e00ff */
        /*3080*/                   IMAD.MOV.U32 R22, RZ, RZ, R24 ;                        /* 0x000000ffff167224 */
                                                                                          /* 0x003fe200078e0018 */
        /*3090*/                   BSSY.RECONVERGENT B2, 0x32b0 ;                         /* 0x0000021000027945 */
                                                                                          /* 0x000fe20003800200 */
        /*30a0*/                   IMAD.MOV.U32 R23, RZ, RZ, R25 ;                        /* 0x000000ffff177224 */
                                                                                          /* 0x000fe200078e0019 */
        /*30b0*/                   CS2R R26, SRZ ;                                        /* 0x00000000001a7805 */
                                                                                          /* 0x000fca000001ff00 */
        /*30c0*/                   DADD R24, R22, R20 ;                                   /* 0x0000000016187229 */
                                                                                          /* 0x000e1e0000000014 */
        /*30d0*/                   NOP ;                                                  /* 0x0000000000007918 */
                                                                                          /* 0x000fde0000000000 */
        /*30e0*/                   NOP ;                                                  /* 0x0000000000007918 */
                                                                                          /* 0x000fde0000000000 */
        /*30f0*/                   NOP ;                                                  /* 0x0000000000007918 */
                                                                                          /* 0x000fde0000000000 */
        /*3100*/                   NOP ;                                                  /* 0x0000000000007918 */
                                                                                          /* 0x000fc80000000000 */
        /*3110*/                   DSETP.NEU.AND P0, PT, R24, RZ, PT ;                    /* 0x000000ff1800722a */
                                                                                          /* 0x001e240003f0d000 */
        /*3120*/              @!P0 BRA 0x32a0 ;                                           /* 0x00000000005c8947 */
                                                                                          /* 0x001fea0003800000 */
        /*3130*/                   DSETP.NAN.AND P0, PT, |R24|, +INF , PT ;               /* 0x7ff000001800742a */
                                                                                          /* 0x000e1e0003f08200 */
        /*3140*/                   NOP ;                                                  /* 0x0000000000007918 */
                                                                                          /* 0x000fde0000000000 */
        /*3150*/                   NOP ;                                                  /* 0x0000000000007918 */
                                                                                          /* 0x000fde0000000000 */
        /*3160*/                   NOP ;                                                  /* 0x0000000000007918 */
                                                                                          /* 0x000fde0000000000 */
        /*3170*/                   NOP ;                                                  /* 0x0000000000007918 */
                                                                                          /* 0x000fc80000000000 */
        /*3180*/               @P0 DADD R26, R24, +INF  ;                                 /* 0x7ff00000181a0429 */
                                                                                          /* 0x0010620000000000 */
        /*3190*/               @P0 BRA 0x32a0 ;                                           /* 0x0000000000400947 */
                                                                                          /* 0x000fea0003800000 */
        /*31a0*/                   IADD3 R27, P2, PT, RZ, R24, RZ ;                       /* 0x00000018ff1b7210 */
                                                                                          /* 0x002fe40007f5e0ff */
        /*31b0*/                   LOP3.LUT R26, R25, 0x7fffffff, RZ, 0xc0, !PT ;         /* 0x7fffffff191a7812 */
                                                                                          /* 0x000fe400078ec0ff */
        /*31c0*/                   ISETP.GT.U32.AND P0, PT, R24.reuse, -0x1, PT ;         /* 0xffffffff1800780c */
                                                                                          /* 0x040fe40003f04070 */
        /*31d0*/                   ISETP.LT.U32.AND P1, PT, R27, RZ, PT ;                 /* 0x000000ff1b00720c */
                                                                                          /* 0x000fe40003f21070 */
        /*31e0*/                   IADD3 R27, P3, PT, R24, -0x1, RZ ;                     /* 0xffffffff181b7810 */
                                                                                          /* 0x000fe40007f7e0ff */
        /*31f0*/                   IADD3.X R26, PT, PT, R26, -0x100000, RZ, P2, !PT ;     /* 0xfff000001a1a7810 */
                                                                                          /* 0x000fc400017fe4ff */
        /*3200*/                   ISETP.GT.AND.EX P0, PT, R25, -0x1, PT, P0 ;            /* 0xffffffff1900780c */
                                                                                          /* 0x000fe40003f04300 */
        /*3210*/                   ISETP.LT.U32.AND P2, PT, R27, -0x1, PT ;               /* 0xffffffff1b00780c */
                                                                                          /* 0x000fe40003f41070 */
        /*3220*/                   IADD3.X R27, PT, PT, R25, -0x1, RZ, P3, !PT ;          /* 0xffffffff191b7810 */
                                                                                          /* 0x000fe40001ffe4ff */
        /*3230*/                   ISETP.LT.U32.AND.EX P0, PT, R26, 0x7fe00000, P0, P1 ;  /* 0x7fe000001a00780c */
                                                                                          /* 0x000fe20000701110 */
        /*3240*/                   DSETP.GEU.AND P1, PT, R24, RZ, PT ;                    /* 0x000000ff1800722a */
                                                                                          /* 0x000e640003f2e000 */
        /*3250*/                   SEL R29, RZ, 0xffffffff, P1 ;                          /* 0xffffffffff1d7807 */
                                                                                          /* 0x002fe40000800000 */
        /*3260*/                   ISETP.LT.U32.OR.EX P0, PT, R27, 0xfffff, P0, P2 ;      /* 0x000fffff1b00780c */
                                                                                          /* 0x000fc80000701520 */
        /*3270*/                   SEL R27, RZ, 0x1, !P0 ;                                /* 0x00000001ff1b7807 */
                                                                                          /* 0x000fc80004000000 */
        /*3280*/                   IADD3 R26, P0, P1, R27, R29, R24 ;                     /* 0x0000001d1b1a7210 */
                                                                                          /* 0x000fc8000791e018 */
        /*3290*/                   IADD3.X R27, PT, PT, RZ, R29, R25, P0, P1 ;            /* 0x0000001dff1b7210 */
                                                                                          /* 0x000fd200007e2419 */
        /*32a0*/                   BSYNC.RECONVERGENT B2 ;                                /* 0x0000000000027941 */
                                                                                          /* 0x000fea0003800200 */
        /*32b0*/                   SHF.R.U32.HI R24, RZ, 0x14, R27 ;                      /* 0x00000014ff187819 */
                                                                                          /* 0x003fe2000001161b */
        /*32c0*/                   DSETP.NEU.AND P0, PT, R26, RZ, PT ;                    /* 0x000000ff1a00722a */
                                                                                          /* 0x000e220003f0d000 */
        /*32d0*/                   BSSY.RECONVERGENT B2, 0x35c0 ;                         /* 0x000002e000027945 */
                                                                                          /* 0x000fe20003800200 */
        /*32e0*/                   CS2R R28, SRZ ;                                        /* 0x00000000001c7805 */
                                                                                          /* 0x000fe2000001ff00 */
        /*32f0*/                   LOP3.LUT R24, R24, 0x7ff, RZ, 0xc0, !PT ;              /* 0x000007ff18187812 */
                                                                                          /* 0x000fc800078ec0ff */
        /*3300*/                   IADD3 R24, PT, PT, R24, -0x3ff, RZ ;                   /* 0xfffffc0118187810 */
                                                                                          /* 0x000fc80007ffe0ff */
        /*3310*/                   SEL R25, R24, 0xffffd8f0, P0 ;                         /* 0xffffd8f018197807 */
                                                                                          /* 0x001fe20000000000 */
        /*3320*/                   IMAD.MOV.U32 R24, RZ, RZ, RZ ;                         /* 0x000000ffff187224 */
                                                                                          /* 0x000fc600078e00ff */
        /*3330*/                   IMNMX R25, R32, R25, !PT ;                             /* 0x0000001920197217 */
                                                                                          /* 0x000fc80007ffe200 */
        /*3340*/                   IADD3 R25, PT, PT, R25, 0x3e6, RZ ;                    /* 0x000003e619197810 */
                                                                                          /* 0x000fca0007ffe0ff */
        /*3350*/                   IMAD.SHL.U32 R25, R25, 0x100000, RZ ;                  /* 0x0010000019197824 */
                                                                                          /* 0x000fde00078e00ff */
        /*3360*/                   NOP ;                                                  /* 0x0000000000007918 */
                                                                                          /* 0x000fde0000000000 */
        /*3370*/                   NOP ;                                                  /* 0x0000000000007918 */
                                                                                          /* 0x000fd40000000000 */
        /*3380*/                   DMUL R24, R24, 17 ;                                    /* 0x4031000018187828 */
                                                                                          /* 0x000e1e0000000000 */
        /*3390*/                   NOP ;                                                  /* 0x0000000000007918 */
                                                                                          /* 0x000fde0000000000 */
        /*33a0*/                   NOP ;                                                  /* 0x0000000000007918 */
                                                                                          /* 0x000fde0000000000 */
        /*33b0*/                   NOP ;                                                  /* 0x0000000000007918 */
                                                                                          /* 0x000fde0000000000 */
        /*33c0*/                   NOP ;                                                  /* 0x0000000000007918 */
                                                                                          /* 0x000fc80000000000 */
        /*33d0*/                   DADD R26, R24, R26 ;                                   /* 0x00000000181a7229 */
                                                                                          /* 0x001e1e000000001a */
        /*33e0*/                   NOP ;                                                  /* 0x0000000000007918 */
                                                                                          /* 0x000fde0000000000 */
        /*33f0*/                   NOP ;                                                  /* 0x0000000000007918 */
                                                                                          /* 0x000fde0000000000 */
        /*3400*/                   NOP ;                                                  /* 0x0000000000007918 */
                                                                                          /* 0x000fde0000000000 */
        /*3410*/                   NOP ;                                                  /* 0x0000000000007918 */
                                                                                          /* 0x000fc80000000000 */
        /*3420*/                   DSETP.NEU.AND P0, PT, R26, RZ, PT ;                    /* 0x000000ff1a00722a */
                                                                                          /* 0x001e240003f0d000 */
        /*3430*/              @!P0 BRA 0x35b0 ;                                           /* 0x00000000005c8947 */
                                                                                          /* 0x001fea0003800000 */
        /*3440*/                   DSETP.NAN.AND P0, PT, |R26|, +INF , PT ;               /* 0x7ff000001a00742a */
                                                                                          /* 0x000e1e0003f08200 */
        /*3450*/                   NOP ;                                                  /* 0x0000000000007918 */
                                                                                          /* 0x000fde0000000000 */
        /*3460*/                   NOP ;                                                  /* 0x0000000000007918 */
                                                                                          /* 0x000fde0000000000 */
        /*3470*/                   NOP ;                                                  /* 0x0000000000007918 */
                                                                                          /* 0x000fde0000000000 */
        /*3480*/                   NOP ;                                                  /* 0x0000000000007918 */
                                                                                          /* 0x000fc80000000000 */
        /*3490*/               @P0 DADD R28, R26, +INF  ;                                 /* 0x7ff000001a1c0429 */
                                                                                          /* 0x0010620000000000 */
        /*34a0*/               @P0 BRA 0x35b0 ;                                           /* 0x0000000000400947 */
                                                                                          /* 0x000fea0003800000 */
        /*34b0*/                   ISETP.GT.U32.AND P0, PT, R26, -0x1, PT ;               /* 0xffffffff1a00780c */
                                                                                          /* 0x000fe40003f04070 */
        /*34c0*/                   IADD3 R29, P2, PT, RZ, R26, RZ ;                       /* 0x0000001aff1d7210 */
                                                                                          /* 0x002fe40007f5e0ff */
        /*34d0*/                   LOP3.LUT R28, R27, 0x7fffffff, RZ, 0xc0, !PT ;         /* 0x7fffffff1b1c7812 */
                                                                                          /* 0x000fe400078ec0ff */
        /*34e0*/                   ISETP.LT.U32.AND P1, PT, R29, RZ, PT ;                 /* 0x000000ff1d00720c */
                                                                                          /* 0x000fe40003f21070 */
        /*34f0*/                   IADD3.X R28, PT, PT, R28, -0x100000, RZ, P2, !PT ;     /* 0xfff000001c1c7810 */
                                                                                          /* 0x000fe400017fe4ff */
        /*3500*/                   ISETP.GT.AND.EX P0, PT, R27, -0x1, PT, P0 ;            /* 0xffffffff1b00780c */
                                                                                          /* 0x000fc80003f04300 */
        /*3510*/                   ISETP.LT.U32.AND.EX P0, PT, R28, 0x7fe00000, P0, P1 ;  /* 0x7fe000001c00780c */
                                                                                          /* 0x000fe40000701110 */
        /*3520*/                   IADD3 R28, P2, PT, R26, -0x1, RZ ;                     /* 0xffffffff1a1c7810 */
                                                                                          /* 0x000fc80007f5e0ff */
        /*3530*/                   ISETP.LT.U32.AND P1, PT, R28, -0x1, PT ;               /* 0xffffffff1c00780c */
                                                                                          /* 0x000fe40003f21070 */
        /*3540*/                   IADD3.X R28, PT, PT, R27, -0x1, RZ, P2, !PT ;          /* 0xffffffff1b1c7810 */
                                                                                          /* 0x000fc800017fe4ff */
        /*3550*/                   ISETP.LT.U32.OR.EX P0, PT, R28, 0xfffff, P0, P1 ;      /* 0x000fffff1c00780c */
                                                                                          /* 0x000fc80000701510 */
        /*3560*/                   SEL R29, RZ, 0x1, !P0 ;                                /* 0x00000001ff1d7807 */
                                                                                          /* 0x000fe40004000000 */
        /*3570*/                   DSETP.GEU.AND P1, PT, R26, RZ, PT ;                    /* 0x000000ff1a00722a */
                                                                                          /* 0x000e640003f2e000 */
        /*3580*/                   SEL R35, RZ, 0xffffffff, P1 ;                          /* 0xffffffffff237807 */
                                                                                          /* 0x002fc80000800000 */
        /*3590*/                   IADD3 R28, P0, P1, R29, R35, R26 ;                     /* 0x000000231d1c7210 */
                                                                                          /* 0x000fc8000791e01a */
        /*35a0*/                   IADD3.X R29, PT, PT, RZ, R35, R27, P0, P1 ;            /* 0x00000023ff1d7210 */
                                                                                          /* 0x000fd200007e241b */
        /*35b0*/                   BSYNC.RECONVERGENT B2 ;                                /* 0x0000000000027941 */
                                                                                          /* 0x000fea0003800200 */
        /*35c0*/                   IMAD.MOV.U32 R26, RZ, RZ, R28 ;                        /* 0x000000ffff1a7224 */
                                                                                          /* 0x003fe200078e001c */
        /*35d0*/                   BSSY.RECONVERGENT B2, 0x3890 ;                         /* 0x000002b000027945 */
                                                                                          /* 0x000fe20003800200 */
        /*35e0*/                   IMAD.MOV.U32 R27, RZ, RZ, R29 ;                        /* 0x000000ffff1b7224 */
                                                                                          /* 0x000fcc00078e001d */
        /*35f0*/                   DSETP.NEU.AND P0, PT, R26, RZ, PT ;                    /* 0x000000ff1a00722a */
                                                                                          /* 0x0000640003f0d000 */
        /*3600*/                   SHF.R.U32.HI R26, RZ, 0x14, R29 ;                      /* 0x00000014ff1a7819 */
                                                                                          /* 0x001fc8000001161d */
        /*3610*/                   LOP3.LUT R26, R26, 0x7ff, RZ, 0xc0, !PT ;              /* 0x000007ff1a1a7812 */
                                                                                          /* 0x000fc800078ec0ff */
        /*3620*/                   IMNMX.U32 R26, R26, 0x381, !PT ;                       /* 0x000003811a1a7817 */
                                                                                          /* 0x000fc80007ffe000 */
        /*3630*/                   IADD3 R26, PT, PT, R26, -0x17, RZ ;                    /* 0xffffffe91a1a7810 */
                                                                                          /* 0x000fca0007ffe0ff */
        /*3640*/                   IMAD.SHL.U32 R26, R26, 0x100000, RZ ;                  /* 0x001000001a1a7824 */
                                                                                          /* 0x000fca00078e00ff */
        /*3650*/                   FSEL R27, R26, 4.76837158203125e-06, P0 ;              /* 0x36a000001a1b7808 */
                                                                                          /* 0x002fe20000000000 */
        /*3660*/                   IMAD.MOV.U32 R26, RZ, RZ, RZ ;                         /* 0x000000ffff1a7224 */
                                                                                          /* 0x000fde00078e00ff */
        /*3670*/                   NOP ;                                                  /* 0x0000000000007918 */
                                                                                          /* 0x000fde0000000000 */
        /*3680*/                   NOP ;                                                  /* 0x0000000000007918 */
                                                                                          /* 0x000fd20000000000 */
        /*3690*/                   DADD R24, R24, R26 ;                                   /* 0x0000000018187229 */
                                                                                          /* 0x000064000000001a */
        /*36a0*/                   IMAD.MOV.U32 R27, RZ, RZ, RZ ;                         /* 0x000000ffff1b7224 */
                                                                                          /* 0x001fde00078e00ff */
        /*36b0*/                   NOP ;                                                  /* 0x0000000000007918 */
                                                                                          /* 0x000fde0000000000 */
        /*36c0*/                   NOP ;                                                  /* 0x0000000000007918 */
                                                                                          /* 0x000fde0000000000 */
        /*36d0*/                   NOP ;                                                  /* 0x0000000000007918 */
                                                                                          /* 0x000fde0000000000 */
        /*36e0*/                   NOP ;                                                  /* 0x0000000000007918 */
                                                                                          /* 0x000fc40000000000 */
        /*36f0*/                   DSETP.NEU.AND P0, PT, R24, RZ, PT ;                    /* 0x000000ff1800722a */
                                                                                          /* 0x002e240003f0d000 */
        /*3700*/              @!P0 BRA 0x3880 ;                                           /* 0x00000000005c8947 */
                                                                                          /* 0x001fea0003800000 */
        /*3710*/                   DSETP.NAN.AND P0, PT, |R24|, +INF , PT ;               /* 0x7ff000001800742a */
                                                                                          /* 0x000e1e0003f08200 */
        /*3720*/                   NOP ;                                                  /* 0x0000000000007918 */
                                                                                          /* 0x000fde0000000000 */
        /*3730*/                   NOP ;                                                  /* 0x0000000000007918 */
                                                                                          /* 0x000fde0000000000 */
        /*3740*/                   NOP ;                                                  /* 0x0000000000007918 */
                                                                                          /* 0x000fde0000000000 */
        /*3750*/                   NOP ;                                                  /* 0x0000000000007918 */
                                                                                          /* 0x000fc80000000000 */
        /*3760*/               @P0 DADD R26, R24, +INF  ;                                 /* 0x7ff00000181a0429 */
                                                                                          /* 0x0010620000000000 */
        /*3770*/               @P0 BRA 0x3880 ;                                           /* 0x0000000000400947 */
                                                                                          /* 0x000fea0003800000 */
        /*3780*/                   IADD3 R27, P2, PT, RZ, R24, RZ ;                       /* 0x00000018ff1b7210 */
                                                                                          /* 0x002fe40007f5e0ff */
        /*3790*/                   LOP3.LUT R26, R25, 0x7fffffff, RZ, 0xc0, !PT ;         /* 0x7fffffff191a7812 */
                                                                                          /* 0x000fe400078ec0ff */
        /*37a0*/                   ISETP.GT.U32.AND P0, PT, R24.reuse, -0x1, PT ;         /* 0xffffffff1800780c */
                                                                                          /* 0x040fe40003f04070 */
        /*37b0*/                   ISETP.LT.U32.AND P1, PT, R27, RZ, PT ;                 /* 0x000000ff1b00720c */
                                                                                          /* 0x000fe40003f21070 */
        /*37c0*/                   IADD3 R27, P3, PT, R24, -0x1, RZ ;                     /* 0xffffffff181b7810 */
                                                                                          /* 0x000fe40007f7e0ff */
        /*37d0*/                   IADD3.X R26, PT, PT, R26, -0x100000, RZ, P2, !PT ;     /* 0xfff000001a1a7810 */
                                                                                          /* 0x000fc400017fe4ff */
        /*37e0*/                   ISETP.GT.AND.EX P0, PT, R25, -0x1, PT, P0 ;            /* 0xffffffff1900780c */
                                                                                          /* 0x000fe40003f04300 */
        /*37f0*/                   ISETP.LT.U32.AND P2, PT, R27, -0x1, PT ;               /* 0xffffffff1b00780c */
                                                                                          /* 0x000fe40003f41070 */
        /*3800*/                   IADD3.X R27, PT, PT, R25, -0x1, RZ, P3, !PT ;          /* 0xffffffff191b7810 */
                                                                                          /* 0x000fe40001ffe4ff */
        /*3810*/                   ISETP.LT.U32.AND.EX P0, PT, R26, 0x7fe00000, P0, P1 ;  /* 0x7fe000001a00780c */
                                                                                          /* 0x000fe20000701110 */
        /*3820*/                   DSETP.GEU.AND P1, PT, R24, RZ, PT ;                    /* 0x000000ff1800722a */
                                                                                          /* 0x000e640003f2e000 */
        /*3830*/                   SEL R29, RZ, 0xffffffff, P1 ;                          /* 0xffffffffff1d7807 */
                                                                                          /* 0x002fe40000800000 */
        /*3840*/                   ISETP.LT.U32.OR.EX P0, PT, R27, 0xfffff, P0, P2 ;      /* 0x000fffff1b00780c */
                                                                                          /* 0x000fc80000701520 */
        /*3850*/                   SEL R27, RZ, 0x1, !P0 ;                                /* 0x00000001ff1b7807 */
                                                                                          /* 0x000fc80004000000 */
        /*3860*/                   IADD3 R26, P0, P1, R27, R29, R24 ;                     /* 0x0000001d1b1a7210 */
                                                                                          /* 0x000fc8000791e018 */
        /*3870*/                   IADD3.X R27, PT, PT, RZ, R29, R25, P0, P1 ;            /* 0x0000001dff1b7210 */
                                                                                          /* 0x000fd200007e2419 */
        /*3880*/                   BSYNC.RECONVERGENT B2 ;                                /* 0x0000000000027941 */
                                                                                          /* 0x000fea0003800200 */
        /*3890*/                   DSETP.NE.AND P0, PT, |R22|, +INF , PT ;                /* 0x7ff000001600742a */
                                                                                          /* 0x000ea20003f05200 */
        /*38a0*/                   BSSY.RELIABLE B2, 0x3d80 ;                             /* 0x000004d000027945 */
                                                                                          /* 0x000fe20003800100 */
        /*38b0*/                   IMAD.MOV.U32 R24, RZ, RZ, R26 ;                        /* 0x000000ffff187224 */
                                                                                          /* 0x003fe400078e001a */
        /*38c0*/                   IMAD.MOV.U32 R25, RZ, RZ, R27 ;                        /* 0x000000ffff197224 */
                                                                                          /* 0x000fe200078e001b */
        /*38d0*/              @!P0 BRA 0x3d70 ;                                           /* 0x0000000400248947 */
                                                                                          /* 0x004fec0003800000 */
        /*38e0*/                   DMUL R24, R24, 64 ;                                    /* 0x4050000018187828 */
                                                                                          /* 0x000e220000000000 */
        /*38f0*/                   BSSY.RECONVERGENT B3, 0x3af0 ;                         /* 0x000001f000037945 */
                                                                                          /* 0x000fe20003800200 */
        /*3900*/                   CS2R R26, SRZ ;                                        /* 0x00000000001a7805 */
                                                                                          /* 0x000fde000001ff00 */
        /*3910*/                   NOP ;                                                  /* 0x0000000000007918 */
                                                                                          /* 0x000fde0000000000 */
        /*3920*/                   NOP ;                                                  /* 0x0000000000007918 */
                                                                                          /* 0x000fde0000000000 */
        /*3930*/                   NOP ;                                                  /* 0x0000000000007918 */
                                                                                          /* 0x000fde0000000000 */
        /*3940*/                   NOP ;                                                  /* 0x0000000000007918 */
                                                                                          /* 0x000fc40000000000 */
        /*3950*/                   DSETP.NEU.AND P0, PT, R24, RZ, PT ;                    /* 0x000000ff1800722a */
                                                                                          /* 0x001e240003f0d000 */
        /*3960*/              @!P0 BRA 0x3ae0 ;                                           /* 0x00000000005c8947 */
                                                                                          /* 0x001fea0003800000 */
        /*3970*/                   DSETP.NAN.AND P0, PT, |R24|, +INF , PT ;               /* 0x7ff000001800742a */
                                                                                          /* 0x000e1e0003f08200 */
        /*3980*/                   NOP ;                                                  /* 0x0000000000007918 */
                                                                                          /* 0x000fde0000000000 */
        /*3990*/                   NOP ;                                                  /* 0x0000000000007918 */
                                                                                          /* 0x000fde0000000000 */
        /*39a0*/                   NOP ;                                                  /* 0x0000000000007918 */
                                                                                          /* 0x000fde0000000000 */
        /*39b0*/                   NOP ;                                                  /* 0x0000000000007918 */
                                                                                          /* 0x000fc80000000000 */
        /*39c0*/               @P0 DADD R26, R24, +INF  ;                                 /* 0x7ff00000181a0429 */
                                                                                          /* 0x0010620000000000 */
        /*39d0*/               @P0 BRA 0x3ae0 ;                                           /* 0x0000000000400947 */
                                                                                          /* 0x000fea0003800000 */
        /*39e0*/                   IADD3 R27, P2, PT, RZ, R24, RZ ;                       /* 0x00000018ff1b7210 */
                                                                                          /* 0x002fe40007f5e0ff */
        /*39f0*/                   LOP3.LUT R26, R25, 0x7fffffff, RZ, 0xc0, !PT ;         /* 0x7fffffff191a7812 */
                                                                                          /* 0x000fe400078ec0ff */
        /*3a00*/                   ISETP.GT.U32.AND P0, PT, R24.reuse, -0x1, PT ;         /* 0xffffffff1800780c */
                                                                                          /* 0x040fe40003f04070 */
        /*3a10*/                   ISETP.LT.U32.AND P1, PT, R27, RZ, PT ;                 /* 0x000000ff1b00720c */
                                                                                          /* 0x000fe40003f21070 */
        /*3a20*/                   IADD3 R27, P3, PT, R24, -0x1, RZ ;                     /* 0xffffffff181b7810 */
                                                                                          /* 0x000fe40007f7e0ff */
        /*3a30*/                   IADD3.X R26, PT, PT, R26, -0x100000, RZ, P2, !PT ;     /* 0xfff000001a1a7810 */
                                                                                          /* 0x000fc400017fe4ff */
        /*3a40*/                   ISETP.GT.AND.EX P0, PT, R25, -0x1, PT, P0 ;            /* 0xffffffff1900780c */
                                                                                          /* 0x000fe40003f04300 */
        /*3a50*/                   ISETP.LT.U32.AND P2, PT, R27, -0x1, PT ;               /* 0xffffffff1b00780c */
                                                                                          /* 0x000fe40003f41070 */
        /*3a60*/                   IADD3.X R27, PT, PT, R25, -0x1, RZ, P3, !PT ;          /* 0xffffffff191b7810 */
                                                                                          /* 0x000fe40001ffe4ff */
        /*3a70*/                   ISETP.LT.U32.AND.EX P0, PT, R26, 0x7fe00000, P0, P1 ;  /* 0x7fe000001a00780c */
                                                                                          /* 0x000fe20000701110 */
        /*3a80*/                   DSETP.GEU.AND P1, PT, R24, RZ, PT ;                    /* 0x000000ff1800722a */
                                                                                          /* 0x000e640003f2e000 */
        /*3a90*/                   SEL R29, RZ, 0xffffffff, P1 ;                          /* 0xffffffffff1d7807 */
                                                                                          /* 0x002fe40000800000 */
        /*3aa0*/                   ISETP.LT.U32.OR.EX P0, PT, R27, 0xfffff, P0, P2 ;      /* 0x000fffff1b00780c */
                                                                                          /* 0x000fc80000701520 */
        /*3ab0*/                   SEL R27, RZ, 0x1, !P0 ;                                /* 0x00000001ff1b7807 */
                                                                                          /* 0x000fc80004000000 */
        /*3ac0*/                   IADD3 R26, P0, P1, R27, R29, R24 ;                     /* 0x0000001d1b1a7210 */
                                                                                          /* 0x000fc8000791e018 */
        /*3ad0*/                   IADD3.X R27, PT, PT, RZ, R29, R25, P0, P1 ;            /* 0x0000001dff1b7210 */
                                                                                          /* 0x000fd200007e2419 */
        /*3ae0*/                   BSYNC.RECONVERGENT B3 ;                                /* 0x0000000000037941 */
                                                                                          /* 0x000fea0003800200 */
        /*3af0*/                   IMAD.MOV.U32 R24, RZ, RZ, R26 ;                        /* 0x000000ffff187224 */
                                                                                          /* 0x003fe200078e001a */
        /*3b00*/                   BSSY.RECONVERGENT B3, 0x3d20 ;                         /* 0x0000021000037945 */
                                                                                          /* 0x000fe20003800200 */
        /*3b10*/                   IMAD.MOV.U32 R25, RZ, RZ, R27 ;                        /* 0x000000ffff197224 */
                                                                                          /* 0x000fe200078e001b */
        /*3b20*/                   CS2R R26, SRZ ;                                        /* 0x00000000001a7805 */
                                                                                          /* 0x000fca000001ff00 */
        /*3b30*/                   DADD R24, R24, R24 ;                                   /* 0x0000000018187229 */
                                                                                          /* 0x000e1e0000000018 */
        /*3b40*/                   NOP ;                                                  /* 0x0000000000007918 */
                                                                                          /* 0x000fde0000000000 */
        /*3b50*/                   NOP ;                                                  /* 0x0000000000007918 */
                                                                                          /* 0x000fde0000000000 */
        /*3b60*/                   NOP ;                                                  /* 0x0000000000007918 */
                                                                                          /* 0x000fde0000000000 */
        /*3b70*/                   NOP ;                                                  /* 0x0000000000007918 */
                                                                                          /* 0x000fc80000000000 */
        /*3b80*/                   DSETP.NEU.AND P0, PT, R24, RZ, PT ;                    /* 0x000000ff1800722a */
                                                                                          /* 0x001e240003f0d000 */
        /*3b90*/              @!P0 BRA 0x3d10 ;                                           /* 0x00000000005c8947 */
                                                                                          /* 0x001fea0003800000 */
        /*3ba0*/                   DSETP.NAN.AND P0, PT, |R24|, +INF , PT ;               /* 0x7ff000001800742a */
                                                                                          /* 0x000e1e0003f08200 */
        /*3bb0*/                   NOP ;                                                  /* 0x0000000000007918 */
                                                                                          /* 0x000fde0000000000 */
        /*3bc0*/                   NOP ;                                                  /* 0x0000000000007918 */
                                                                                          /* 0x000fde0000000000 */
        /*3bd0*/                   NOP ;                                                  /* 0x0000000000007918 */
                                                                                          /* 0x000fde0000000000 */
        /*3be0*/                   NOP ;                                                  /* 0x0000000000007918 */
                                                                                          /* 0x000fc80000000000 */
        /*3bf0*/               @P0 DADD R26, R24, +INF  ;                                 /* 0x7ff00000181a0429 */
                                                                                          /* 0x0010620000000000 */
        /*3c00*/               @P0 BRA 0x3d10 ;                                           /* 0x0000000000400947 */
                                                                                          /* 0x000fea0003800000 */
        /*3c10*/                   IADD3 R27, P2, PT, RZ, R24, RZ ;                       /* 0x00000018ff1b7210 */
                                                                                          /* 0x002fe40007f5e0ff */
        /*3c20*/                   LOP3.LUT R26, R25, 0x7fffffff, RZ, 0xc0, !PT ;         /* 0x7fffffff191a7812 */
                                                                                          /* 0x000fe400078ec0ff */
        /*3c30*/                   ISETP.GT.U32.AND P0, PT, R24.reuse, -0x1, PT ;         /* 0xffffffff1800780c */
                                                                                          /* 0x040fe40003f04070 */
        /*3c40*/                   ISETP.LT.U32.AND P1, PT, R27, RZ, PT ;                 /* 0x000000ff1b00720c */
                                                                                          /* 0x000fe40003f21070 */
        /*3c50*/                   IADD3 R27, P3, PT, R24, -0x1, RZ ;                     /* 0xffffffff181b7810 */
                                                                                          /* 0x000fe40007f7e0ff */
        /*3c60*/                   IADD3.X R26, PT, PT, R26, -0x100000, RZ, P2, !PT ;     /* 0xfff000001a1a7810 */
                                                                                          /* 0x000fc400017fe4ff */
        /*3c70*/                   ISETP.GT.AND.EX P0, PT, R25, -0x1, PT, P0 ;            /* 0xffffffff1900780c */
                                                                                          /* 0x000fe40003f04300 */
        /*3c80*/                   ISETP.LT.U32.AND P2, PT, R27, -0x1, PT ;               /* 0xffffffff1b00780c */
                                                                                          /* 0x000fe40003f41070 */
        /*3c90*/                   IADD3.X R27, PT, PT, R25, -0x1, RZ, P3, !PT ;          /* 0xffffffff191b7810 */
                                                                                          /* 0x000fe40001ffe4ff */
        /*3ca0*/                   ISETP.LT.U32.AND.EX P0, PT, R26, 0x7fe00000, P0, P1 ;  /* 0x7fe000001a00780c */
                                                                                          /* 0x000fe20000701110 */
        /*3cb0*/                   DSETP.GEU.AND P1, PT, R24, RZ, PT ;                    /* 0x000000ff1800722a */
                                                                                          /* 0x000e640003f2e000 */
        /*3cc0*/                   SEL R29, RZ, 0xffffffff, P1 ;                          /* 0xffffffffff1d7807 */
                                                                                          /* 0x002fe40000800000 */
        /*3cd0*/                   ISETP.LT.U32.OR.EX P0, PT, R27, 0xfffff, P0, P2 ;      /* 0x000fffff1b00780c */
                                                                                          /* 0x000fc80000701520 */
        /*3ce0*/                   SEL R27, RZ, 0x1, !P0 ;                                /* 0x00000001ff1b7807 */
                                                                                          /* 0x000fc80004000000 */
        /*3cf0*/                   IADD3 R26, P0, P1, R27, R29, R24 ;                     /* 0x0000001d1b1a7210 */
                                                                                          /* 0x000fc8000791e018 */
        /*3d00*/                   IADD3.X R27, PT, PT, RZ, R29, R25, P0, P1 ;            /* 0x0000001dff1b7210 */
                                                                                          /* 0x000fd200007e2419 */
        /*3d10*/                   BSYNC.RECONVERGENT B3 ;                                /* 0x0000000000037941 */
                                                                                          /* 0x000fea0003800200 */
        /*3d20*/                   IMAD.MOV.U32 R24, RZ, RZ, R26 ;                        /* 0x000000ffff187224 */
                                                                                          /* 0x003fe400078e001a */
        /*3d30*/                   IMAD.MOV.U32 R25, RZ, RZ, R27 ;                        /* 0x000000ffff197224 */
                                                                                          /* 0x000fcc00078e001b */
        /*3d40*/                   DSETP.GE.AND P0, PT, R22, R24, PT ;                    /* 0x000000181600722a */
                                                                                          /* 0x000e240003f06000 */
        /*3d50*/               @P0 BREAK.RELIABLE B2 ;                                    /* 0x0000000000020942 */
                                                                                          /* 0x001fea0003800100 */
        /*3d60*/               @P0 BRA 0x3fe0 ;                                           /* 0x00000000009c0947 */
                                                                                          /* 0x000fea0003800000 */
        /*3d70*/                   BSYNC.RELIABLE B2 ;                                    /* 0x0000000000027941 */
                                                                                          /* 0x000fea0003800100 */
        /*3d80*/                   DADD R22, R22, R22 ;                                   /* 0x0000000016167229 */
                                                                                          /* 0x000e220000000016 */
        /*3d90*/                   BSSY.RECONVERGENT B2, 0x3f90 ;                         /* 0x000001f000027945 */
                                                                                          /* 0x000fe20003800200 */
        /*3da0*/                   CS2R R24, SRZ ;                                        /* 0x0000000000187805 */
                                                                                          /* 0x000fde000001ff00 */
        /*3db0*/                   NOP ;                                                  /* 0x0000000000007918 */
                                                                                          /* 0x000fde0000000000 */
        /*3dc0*/                   NOP ;                                                  /* 0x0000000000007918 */
                                                                                          /* 0x000fde0000000000 */
        /*3dd0*/                   NOP ;                                                  /* 0x0000000000007918 */
                                                                                          /* 0x000fde0000000000 */
        /*3de0*/                   NOP ;                                                  /* 0x0000000000007918 */
                                                                                          /* 0x000fc40000000000 */
        /*3df0*/                   DSETP.NEU.AND P0, PT, R22, RZ, PT ;                    /* 0x000000ff1600722a */
                                                                                          /* 0x001e240003f0d000 */
        /*3e00*/              @!P0 BRA 0x3f80 ;                                           /* 0x00000000005c8947 */
                                                                                          /* 0x001fea0003800000 */
        /*3e10*/                   DSETP.NAN.AND P0, PT, |R22|, +INF , PT ;               /* 0x7ff000001600742a */
                                                                                          /* 0x000e1e0003f08200 */
        /*3e20*/                   NOP ;                                                  /* 0x0000000000007918 */
                                                                                          /* 0x000fde0000000000 */
        /*3e30*/                   NOP ;                                                  /* 0x0000000000007918 */
                                                                                          /* 0x000fde0000000000 */
        /*3e40*/                   NOP ;                                                  /* 0x0000000000007918 */
                                                                                          /* 0x000fde0000000000 */
        /*3e50*/                   NOP ;                                                  /* 0x0000000000007918 */
                                                                                          /* 0x000fc80000000000 */
        /*3e60*/               @P0 DADD R24, R22, +INF  ;                                 /* 0x7ff0000016180429 */
                                                                                          /* 0x0010620000000000 */
        /*3e70*/               @P0 BRA 0x3f80 ;                                           /* 0x0000000000400947 */
                                                                                          /* 0x000fea0003800000 */
        /*3e80*/                   IADD3 R25, P2, PT, RZ, R22, RZ ;                       /* 0x00000016ff197210 */
                                                                                          /* 0x002fe40007f5e0ff */
        /*3e90*/                   LOP3.LUT R24, R23, 0x7fffffff, RZ, 0xc0, !PT ;         /* 0x7fffffff17187812 */
                                                                                          /* 0x000fe400078ec0ff */
        /*3ea0*/                   ISETP.GT.U32.AND P0, PT, R22.reuse, -0x1, PT ;         /* 0xffffffff1600780c */
                                                                                          /* 0x040fe40003f04070 */
        /*3eb0*/                   ISETP.LT.U32.AND P1, PT, R25, RZ, PT ;                 /* 0x000000ff1900720c */
                                                                                          /* 0x000fe40003f21070 */
        /*3ec0*/                   IADD3 R25, P3, PT, R22, -0x1, RZ ;                     /* 0xffffffff16197810 */
                                                                                          /* 0x000fe40007f7e0ff */
        /*3ed0*/                   IADD3.X R24, PT, PT, R24, -0x100000, RZ, P2, !PT ;     /* 0xfff0000018187810 */
                                                                                          /* 0x000fc400017fe4ff */
        /*3ee0*/                   ISETP.GT.AND.EX P0, PT, R23, -0x1, PT, P0 ;            /* 0xffffffff1700780c */
                                                                                          /* 0x000fe40003f04300 */
        /*3ef0*/                   ISETP.LT.U32.AND P2, PT, R25, -0x1, PT ;               /* 0xffffffff1900780c */
                                                                                          /* 0x000fe40003f41070 */
        /*3f00*/                   IADD3.X R25, PT, PT, R23, -0x1, RZ, P3, !PT ;          /* 0xffffffff17197810 */
                                                                                          /* 0x000fe40001ffe4ff */
        /*3f10*/                   ISETP.LT.U32.AND.EX P0, PT, R24, 0x7fe00000, P0, P1 ;  /* 0x7fe000001800780c */
                                                                                          /* 0x000fe20000701110 */
        /*3f20*/                   DSETP.GEU.AND P1, PT, R22, RZ, PT ;                    /* 0x000000ff1600722a */
                                                                                          /* 0x000e640003f2e000 */
        /*3f30*/                   SEL R27, RZ, 0xffffffff, P1 ;                          /* 0xffffffffff1b7807 */
                                                                                          /* 0x002fe40000800000 */
        /*3f40*/                   ISETP.LT.U32.OR.EX P0, PT, R25, 0xfffff, P0, P2 ;      /* 0x000fffff1900780c */
                                                                                          /* 0x000fc80000701520 */
        /*3f50*/                   SEL R25, RZ, 0x1, !P0 ;                                /* 0x00000001ff197807 */
                                                                                          /* 0x000fc80004000000 */
        /*3f60*/                   IADD3 R24, P0, P1, R25, R27, R22 ;                     /* 0x0000001b19187210 */
                                                                                          /* 0x000fc8000791e016 */
        /*3f70*/                   IADD3.X R25, PT, PT, RZ, R27, R23, P0, P1 ;            /* 0x0000001bff197210 */
                                                                                          /* 0x000fd200007e2417 */
        /*3f80*/                   BSYNC.RECONVERGENT B2 ;                                /* 0x0000000000027941 */
                                                                                          /* 0x000fea0003800200 */
        /*3f90*/                   IADD3 R33, PT, PT, R33, 0x1, RZ ;                      /* 0x0000000121217810 */
                                                                                          /* 0x000fc80007ffe0ff */
        /*3fa0*/                   ISETP.NE.U32.AND P0, PT, R33, 0x8, PT ;                /* 0x000000082100780c */
                                                                                          /* 0x000fda0003f05070 */
        /*3fb0*/               @P0 BRA 0x3080 ;                                           /* 0xfffffff000300947 */
                                                                                          /* 0x000fea000383ffff */
        /*3fc0*/                   IMAD.MOV.U32 R22, RZ, RZ, 0x0 ;                        /* 0x00000000ff167424 */
                                                                                          /* 0x001fe400078e00ff */
        /*3fd0*/                   IMAD.MOV.U32 R23, RZ, RZ, 0x7ff00000 ;                 /* 0x7ff00000ff177424 */
                                                                                          /* 0x000fce00078e00ff */
        /*3fe0*/                   BSYNC.RECONVERGENT B1 ;                                /* 0x0000000000017941 */
                                                                                          /* 0x000fea0003800200 */
        /*3ff0*/                   LDG.E.64 R10, desc[UR4][R10.64+0x10] ;                 /* 0x000010040a0a7981 */
                                                                                          /* 0x000ea8000c1e1b00 */
        /*4000*/                   LDG.E.64 R12, desc[UR4][R12.64+0x10] ;                 /* 0x000010040c0c7981 */
                                                                                          /* 0x000ee2000c1e1b00 */
        /*4010*/                   DADD R18, R22, R18 ;                                   /* 0x0000000016127229 */
                                                                                          /* 0x0001220000000012 */
        /*4020*/                   BSSY.RECONVERGENT B1, 0x4420 ;                         /* 0x000003f000017945 */
                                                                                          /* 0x000fe20003800200 */
        /*4030*/                   CS2R R22, SRZ ;                                        /* 0x0000000000167805 */
                                                                                          /* 0x001fde000001ff00 */
        /*4040*/                   NOP ;                                                  /* 0x0000000000007918 */
                                                                                          /* 0x000fde0000000000 */
        /*4050*/                   NOP ;                                                  /* 0x0000000000007918 */
                                                                                          /* 0x000fde0000000000 */
        /*4060*/                   NOP ;                                                  /* 0x0000000000007918 */
                                                                                          /* 0x000fde0000000000 */
        /*4070*/                   NOP ;                                                  /* 0x0000000000007918 */
                                                                                          /* 0x000fc40000000000 */
        /*4080*/                   DSETP.NEU.AND P3, PT, R18, RZ, PT ;                    /* 0x000000ff1200722a */
                                                                                          /* 0x010fde0003f6d000 */
        /*4090*/                   NOP ;                                                  /* 0x0000000000007918 */
                                                                                          /* 0x000fde0000000000 */
        /*40a0*/                   NOP ;                                                  /* 0x0000000000007918 */
                                                                                          /* 0x000fde0000000000 */
        /*40b0*/                   NOP ;                                                  /* 0x0000000000007918 */
                                                                                          /* 0x000fde0000000000 */
        /*40c0*/                   NOP ;                                                  /* 0x0000000000007918 */
                                                                                          /* 0x000fc80000000000 */
        /*40d0*/                   DMUL R20, R16, R10 ;                                   /* 0x0000000a10147228 */
                                                                                          /* 0x004e1e0000000000 */
        /*40e0*/                   NOP ;                                                  /* 0x0000000000007918 */
                                                                                          /* 0x000fde0000000000 */
        /*40f0*/                   NOP ;                                                  /* 0x0000000000007918 */
                                                                                          /* 0x000fde0000000000 */
        /*4100*/                   NOP ;                                                  /* 0x0000000000007918 */
                                                                                          /* 0x000fde0000000000 */
        /*4110*/                   NOP ;                                                  /* 0x0000000000007918 */
                                                                                          /* 0x000fc80000000000 */
        /*4120*/                   DMUL R16, R14, R12 ;                                   /* 0x0000000c0e107228 */
                                                                                          /* 0x008e9e0000000000 */
        /*4130*/                   NOP ;                                                  /* 0x0000000000007918 */
                                                                                          /* 0x000fde0000000000 */
        /*4140*/                   NOP ;                                                  /* 0x0000000000007918 */
                                                                                          /* 0x000fde0000000000 */
        /*4150*/                   NOP ;                                                  /* 0x0000000000007918 */
                                                                                          /* 0x000fde0000000000 */
        /*4160*/                   NOP ;                                                  /* 0x0000000000007918 */
                                                                                          /* 0x000fc80000000000 */
        /*4170*/                   DSETP.NEU.AND P0, PT, R20, RZ, PT ;                    /* 0x000000ff1400722a */
                                                                                          /* 0x001fde0003f0d000 */
        /*4180*/                   NOP ;                                                  /* 0x0000000000007918 */
                                                                                          /* 0x000fde0000000000 */
        /*4190*/                   NOP ;                                                  /* 0x0000000000007918 */
                                                                                          /* 0x000fde0000000000 */
        /*41a0*/                   NOP ;                                                  /* 0x0000000000007918 */
                                                                                          /* 0x000fde0000000000 */
        /*41b0*/                   NOP ;                                                  /* 0x0000000000007918 */
                                                                                          /* 0x000fc80000000000 */
        /*41c0*/                   DMUL R14, R10, R12 ;                                   /* 0x0000000c0a0e7228 */
                                                                                          /* 0x000e1e0000000000 */
        /*41d0*/                   NOP ;                                                  /* 0x0000000000007918 */
                                                                                          /* 0x000fde0000000000 */
        /*41e0*/                   NOP ;                                                  /* 0x0000000000007918 */
                                                                                          /* 0x000fde0000000000 */
        /*41f0*/                   NOP ;                                                  /* 0x0000000000007918 */
                                                                                          /* 0x000fde0000000000 */
        /*4200*/                   NOP ;                                                  /* 0x0000000000007918 */
                                                                                          /* 0x000fc80000000000 */
        /*4210*/                   DSETP.NEU.AND P5, PT, R16, RZ, PT ;                    /* 0x000000ff1000722a */
                                                                                          /* 0x0044de0003fad000 */
        /*4220*/                   NOP ;                                                  /* 0x0000000000007918 */
                                                                                          /* 0x000fde0000000000 */
        /*4230*/                   NOP ;                                                  /* 0x0000000000007918 */
                                                                                          /* 0x000fde0000000000 */
        /*4240*/                   NOP ;                                                  /* 0x0000000000007918 */
                                                                                          /* 0x000fde0000000000 */
        /*4250*/                   NOP ;                                                  /* 0x0000000000007918 */
                                                                                          /* 0x000fc80000000000 */
        /*4260*/                   DSETP.NEU.AND P4, PT, R14, RZ, PT ;                    /* 0x000000ff0e00722a */
                                                                                          /* 0x0014220003f8d000 */
        /*4270*/              @!P0 BRA 0x4410 ;                                           /* 0x0000000000648947 */
                                                                                          /* 0x000fea0003800000 */
        /*4280*/                   DSETP.NAN.AND P0, PT, |R20|, +INF , PT ;               /* 0x7ff000001400742a */
                                                                                          /* 0x000f1e0003f08200 */
        /*4290*/                   NOP ;                                                  /* 0x0000000000007918 */
                                                                                          /* 0x000fde0000000000 */
        /*42a0*/                   NOP ;                                                  /* 0x0000000000007918 */
                                                                                          /* 0x000fde0000000000 */
        /*42b0*/                   NOP ;                                                  /* 0x0000000000007918 */
                                                                                          /* 0x000fde0000000000 */
        /*42c0*/                   NOP ;                                                  /* 0x0000000000007918 */
                                                                                          /* 0x000fc80000000000 */
        /*42d0*/               @P0 DADD R10, R20, +INF  ;                                 /* 0x7ff00000140a0429 */
                                                                                          /* 0x010f240000000000 */
        /*42e0*/               @P0 IMAD.MOV.U32 R22, RZ, RZ, R10 ;                        /* 0x000000ffff160224 */
                                                                                          /* 0x010fe400078e000a */
        /*42f0*/               @P0 IMAD.MOV.U32 R23, RZ, RZ, R11 ;                        /* 0x000000ffff170224 */
                                                                                          /* 0x000fe200078e000b */
        /*4300*/               @P0 BRA 0x4410 ;                                           /* 0x0000000000400947 */
                                                                                          /* 0x000fec0003800000 */
        /*4310*/                   IADD3 R11, P0, PT, RZ, R20, RZ ;                       /* 0x00000014ff0b7210 */
                                                                                          /* 0x000fe40007f1e0ff */
        /*4320*/                   LOP3.LUT R10, R21, 0x7fffffff, RZ, 0xc0, !PT ;         /* 0x7fffffff150a7812 */
                                                                                          /* 0x000fe400078ec0ff */
        /*4330*/                   ISETP.GT.U32.AND P2, PT, R20, -0x1, PT ;               /* 0xffffffff1400780c */
                                                                                          /* 0x000fe40003f44070 */
        /*4340*/                   ISETP.LT.U32.AND P1, PT, R11, RZ, PT ;                 /* 0x000000ff0b00720c */
                                                                                          /* 0x000fe40003f21070 */
        /*4350*/                   IADD3.X R10, PT, PT, R10, -0x100000, RZ, P0, !PT ;     /* 0xfff000000a0a7810 */
                                                                                          /* 0x000fe400007fe4ff */
        /*4360*/                   ISETP.GT.AND.EX P2, PT, R21, -0x1, PT, P2 ;            /* 0xffffffff1500780c */
                                                                                          /* 0x000fc40003f44320 */
        /*4370*/                   IADD3 R11, P6, PT, R20, -0x1, RZ ;                     /* 0xffffffff140b7810 */
                                                                                          /* 0x000fe40007fde0ff */
        /*4380*/                   ISETP.LT.U32.AND.EX P1, PT, R10, 0x7fe00000, P2, P1 ;  /* 0x7fe000000a00780c */
                                                                                          /* 0x000fe40001721110 */
        /*4390*/                   ISETP.LT.U32.AND P0, PT, R11, -0x1, PT ;               /* 0xffffffff0b00780c */
                                                                                          /* 0x000fe40003f01070 */
        /*43a0*/                   IADD3.X R11, PT, PT, R21, -0x1, RZ, P6, !PT ;          /* 0xffffffff150b7810 */
                                                                                          /* 0x000fc800037fe4ff */
        /*43b0*/                   ISETP.LT.U32.OR.EX P0, PT, R11, 0xfffff, P1, P0 ;      /* 0x000fffff0b00780c */
                                                                                          /* 0x000fc80000f01500 */
        /*43c0*/                   DSETP.GEU.AND P1, PT, R20, RZ, PT ;                    /* 0x000000ff1400722a */
                                                                                          /* 0x000f220003f2e000 */
        /*43d0*/                   SEL R11, RZ, 0x1, !P0 ;                                /* 0x00000001ff0b7807 */
                                                                                          /* 0x000fe40004000000 */
        /*43e0*/                   SEL R13, RZ, 0xffffffff, P1 ;                          /* 0xffffffffff0d7807 */
                                                                                          /* 0x010fc80000800000 */
        /*43f0*/                   IADD3 R22, P0, P1, R11, R13, R20 ;                     /* 0x0000000d0b167210 */
                                                                                          /* 0x000fc8000791e014 */
        /*4400*/                   IADD3.X R23, PT, PT, RZ, R13, R21, P0, P1 ;            /* 0x0000000dff177210 */
                                                                                          /* 0x000fd200007e2415 */
        /*4410*/                   BSYNC.RECONVERGENT B1 ;                                /* 0x0000000000017941 */
                                                                                          /* 0x000fea0003800200 */
        /*4420*/                   BSSY.RECONVERGENT B1, 0x45f0 ;                         /* 0x000001c000017945 */
                                                                                          /* 0x000fe20003800200 */
        /*4430*/                   CS2R R12, SRZ ;                                        /* 0x00000000000c7805 */
                                                                                          /* 0x000fc6000001ff00 */
        /*4440*/              @!P5 BRA 0x45e0 ;                                           /* 0x000000000064d947 */
                                                                                          /* 0x008fea0003800000 */
        /*4450*/                   DSETP.NAN.AND P0, PT, |R16|, +INF , PT ;               /* 0x7ff000001000742a */
                                                                                          /* 0x000ede0003f08200 */
        /*4460*/                   NOP ;                                                  /* 0x0000000000007918 */
                                                                                          /* 0x000fde0000000000 */
        /*4470*/                   NOP ;                                                  /* 0x0000000000007918 */
                                                                                          /* 0x000fde0000000000 */
        /*4480*/                   NOP ;                                                  /* 0x0000000000007918 */
                                                                                          /* 0x000fde0000000000 */
        /*4490*/                   NOP ;                                                  /* 0x0000000000007918 */
                                                                                          /* 0x000fc80000000000 */
        /*44a0*/               @P0 DADD R10, R16, +INF  ;                                 /* 0x7ff00000100a0429 */
                                                                                          /* 0x008ee40000000000 */
        /*44b0*/               @P0 IMAD.MOV.U32 R12, RZ, RZ, R10 ;                        /* 0x000000ffff0c0224 */
                                                                                          /* 0x008fe400078e000a */
        /*44c0*/               @P0 IMAD.MOV.U32 R13, RZ, RZ, R11 ;                        /* 0x000000ffff0d0224 */
                                                                                          /* 0x000fe200078e000b */
        /*44d0*/               @P0 BRA 0x45e0 ;                                           /* 0x0000000000400947 */
                                                                                          /* 0x000fec0003800000 */
        /*44e0*/                   IADD3 R11, P2, PT, RZ, R16, RZ ;                       /* 0x00000010ff0b7210 */
                                                                                          /* 0x000fe40007f5e0ff */
        /*44f0*/                   ISETP.GT.U32.AND P1, PT, R16.reuse, -0x1, PT ;         /* 0xffffffff1000780c */
                                                                                          /* 0x040fe40003f24070 */
        /*4500*/                   LOP3.LUT R10, R17, 0x7fffffff, RZ, 0xc0, !PT ;         /* 0x7fffffff110a7812 */
                                                                                          /* 0x000fe400078ec0ff */
        /*4510*/                   ISETP.LT.U32.AND P0, PT, R11, RZ, PT ;                 /* 0x000000ff0b00720c */
                                                                                          /* 0x000fe40003f01070 */
        /*4520*/                   ISETP.GT.AND.EX P1, PT, R17, -0x1, PT, P1 ;            /* 0xffffffff1100780c */
                                                                                          /* 0x000fe40003f24310 */
        /*4530*/                   IADD3 R11, P5, PT, R16, -0x1, RZ ;                     /* 0xffffffff100b7810 */
                                                                                          /* 0x000fc40007fbe0ff */
        /*4540*/                   IADD3.X R10, PT, PT, R10, -0x100000, RZ, P2, !PT ;     /* 0xfff000000a0a7810 */
                                                                                          /* 0x000fe400017fe4ff */
        /*4550*/                   ISETP.LT.U32.AND P2, PT, R11, -0x1, PT ;               /* 0xffffffff0b00780c */
                                                                                          /* 0x000fe40003f41070 */
        /*4560*/                   IADD3.X R11, PT, PT, R17, -0x1, RZ, P5, !PT ;          /* 0xffffffff110b7810 */
                                                                                          /* 0x000fe40002ffe4ff */
        /*4570*/                   ISETP.LT.U32.AND.EX P0, PT, R10, 0x7fe00000, P1, P0 ;  /* 0x7fe000000a00780c */
                                                                                          /* 0x000fe40000f01100 */
        /*4580*/                   DSETP.GEU.AND P1, PT, R16, RZ, PT ;                    /* 0x000000ff1000722a */
                                                                                          /* 0x000ee40003f2e000 */
        /*4590*/                   ISETP.LT.U32.OR.EX P0, PT, R11, 0xfffff, P0, P2 ;      /* 0x000fffff0b00780c */
                                                                                          /* 0x000fc40000701520 */
        /*45a0*/                   SEL R13, RZ, 0xffffffff, P1 ;                          /* 0xffffffffff0d7807 */
                                                                                          /* 0x008fe40000800000 */
        /*45b0*/                   SEL R11, RZ, 0x1, !P0 ;                                /* 0x00000001ff0b7807 */
                                                                                          /* 0x000fc80004000000 */
        /*45c0*/                   IADD3 R12, P0, P1, R11, R13, R16 ;                     /* 0x0000000d0b0c7210 */
                                                                                          /* 0x000fc8000791e010 */
        /*45d0*/                   IADD3.X R13, PT, PT, RZ, R13, R17, P0, P1 ;            /* 0x0000000dff0d7210 */
                                                                                          /* 0x000fd200007e2411 */
        /*45e0*/                   BSYNC.RECONVERGENT B1 ;                                /* 0x0000000000017941 */
                                                                                          /* 0x000fea0003800200 */
        /*45f0*/                   IMAD.MOV.U32 R10, RZ, RZ, R22 ;                        /* 0x000000ffff0a7224 */
                                                                                          /* 0x000fe200078e0016 */
        /*4600*/                   BSSY.RECONVERGENT B1, 0x4840 ;                         /* 0x0000023000017945 */
                                                                                          /* 0x000fe20003800200 */
        /*4610*/                   IMAD.MOV.U32 R11, RZ, RZ, R23 ;                        /* 0x000000ffff0b7224 */
                                                                                          /* 0x000fe200078e0017 */
        /*4620*/                   CS2R R16, SRZ ;                                        /* 0x0000000000107805 */
                                                                                          /* 0x004fca000001ff00 */
        /*4630*/                   DADD R10, R12, R10 ;                                   /* 0x000000000c0a7229 */
                                                                                          /* 0x000e9e000000000a */
        /*4640*/                   NOP ;                                                  /* 0x0000000000007918 */
                                                                                          /* 0x000fde0000000000 */
        /*4650*/                   NOP ;                                                  /* 0x0000000000007918 */
                                                                                          /* 0x000fde0000000000 */
        /*4660*/                   NOP ;                                                  /* 0x0000000000007918 */
                                                                                          /* 0x000fde0000000000 */
        /*4670*/                   NOP ;                                                  /* 0x0000000000007918 */
                                                                                          /* 0x000fc80000000000 */
        /*4680*/                   DSETP.NEU.AND P0, PT, R10, RZ, PT ;                    /* 0x000000ff0a00722a */
                                                                                          /* 0x004ea40003f0d000 */
        /*4690*/              @!P0 BRA 0x4830 ;                                           /* 0x0000000000648947 */
                                                                                          /* 0x004fea0003800000 */
        /*46a0*/                   DSETP.NAN.AND P0, PT, |R10|, +INF , PT ;               /* 0x7ff000000a00742a */
                                                                                          /* 0x000e9e0003f08200 */
        /*46b0*/                   NOP ;                                                  /* 0x0000000000007918 */
                                                                                          /* 0x000fde0000000000 */
        /*46c0*/                   NOP ;                                                  /* 0x0000000000007918 */
                                                                                          /* 0x000fde0000000000 */
        /*46d0*/                   NOP ;                                                  /* 0x0000000000007918 */
                                                                                          /* 0x000fde0000000000 */
        /*46e0*/                   NOP ;                                                  /* 0x0000000000007918 */
                                                                                          /* 0x000fc80000000000 */
        /*46f0*/               @P0 DADD R12, R10, +INF  ;                                 /* 0x7ff000000a0c0429 */
                                                                                          /* 0x004ea40000000000 */
        /*4700*/               @P0 IMAD.MOV.U32 R16, RZ, RZ, R12 ;                        /* 0x000000ffff100224 */
                                                                                          /* 0x004fe400078e000c */
        /*4710*/               @P0 IMAD.MOV.U32 R17, RZ, RZ, R13 ;                        /* 0x000000ffff110224 */
                                                                                          /* 0x000fe200078e000d */
        /*4720*/               @P0 BRA 0x4830 ;                                           /* 0x0000000000400947 */
                                                                                          /* 0x000fec0003800000 */
        /*4730*/                   IADD3 R13, P2, PT, RZ, R10, RZ ;                       /* 0x0000000aff0d7210 */
                                                                                          /* 0x000fe40007f5e0ff */
        /*4740*/                   ISETP.GT.U32.AND P1, PT, R10.reuse, -0x1, PT ;         /* 0xffffffff0a00780c */
                                                                                          /* 0x040fe40003f24070 */
        /*4750*/                   LOP3.LUT R12, R11, 0x7fffffff, RZ, 0xc0, !PT ;         /* 0x7fffffff0b0c7812 */
                                                                                          /* 0x000fe400078ec0ff */
        /*4760*/                   ISETP.LT.U32.AND P0, PT, R13, RZ, PT ;                 /* 0x000000ff0d00720c */
                                                                                          /* 0x000fe40003f01070 */
        /*4770*/                   ISETP.GT.AND.EX P1, PT, R11, -0x1, PT, P1 ;            /* 0xffffffff0b00780c */
                                                                                          /* 0x000fe40003f24310 */
        /*4780*/                   IADD3 R13, P5, PT, R10, -0x1, RZ ;                     /* 0xffffffff0a0d7810 */
                                                                                          /* 0x000fc40007fbe0ff */
        /*4790*/                   IADD3.X R12, PT, PT, R12, -0x100000, RZ, P2, !PT ;     /* 0xfff000000c0c7810 */
                                                                                          /* 0x000fe400017fe4ff */
        /*47a0*/                   ISETP.LT.U32.AND P2, PT, R13, -0x1, PT ;               /* 0xffffffff0d00780c */
                                                                                          /* 0x000fe40003f41070 */
        /*47b0*/                   IADD3.X R13, PT, PT, R11, -0x1, RZ, P5, !PT ;          /* 0xffffffff0b0d7810 */
                                                                                          /* 0x000fe40002ffe4ff */
        /*47c0*/                   ISETP.LT.U32.AND.EX P0, PT, R12, 0x7fe00000, P1, P0 ;  /* 0x7fe000000c00780c */
                                                                                          /* 0x000fe40000f01100 */
        /*47d0*/                   DSETP.GEU.AND P1, PT, R10, RZ, PT ;                    /* 0x000000ff0a00722a */
                                                                                          /* 0x000ea40003f2e000 */
        /*47e0*/                   ISETP.LT.U32.OR.EX P0, PT, R13, 0xfffff, P0, P2 ;      /* 0x000fffff0d00780c */
                                                                                          /* 0x000fc40000701520 */
        /*47f0*/                   SEL R17, RZ, 0xffffffff, P1 ;                          /* 0xffffffffff117807 */
                                                                                          /* 0x004fe40000800000 */
        /*4800*/                   SEL R13, RZ, 0x1, !P0 ;                                /* 0x00000001ff0d7807 */
                                                                                          /* 0x000fc80004000000 */
        /*4810*/                   IADD3 R16, P0, P1, R13, R17, R10 ;                     /* 0x000000110d107210 */
                                                                                          /* 0x000fc8000791e00a */
        /*4820*/                   IADD3.X R17, PT, PT, RZ, R17, R11, P0, P1 ;            /* 0x00000011ff117210 */
                                                                                          /* 0x000fd200007e240b */
        /*4830*/                   BSYNC.RECONVERGENT B1 ;                                /* 0x0000000000017941 */
                                                                                          /* 0x000fea0003800200 */
        /*4840*/                   BSSY.RECONVERGENT B1, 0x4a10 ;                         /* 0x000001c000017945 */
                                                                                          /* 0x000fe20003800200 */
        /*4850*/                   CS2R R12, SRZ ;                                        /* 0x00000000000c7805 */
                                                                                          /* 0x000fe2000001ff00 */
        /*4860*/                   IMAD.MOV.U32 R10, RZ, RZ, R16 ;                        /* 0x000000ffff0a7224 */
                                                                                          /* 0x000fe400078e0010 */
        /*4870*/                   IMAD.MOV.U32 R11, RZ, RZ, R17 ;                        /* 0x000000ffff0b7224 */
                                                                                          /* 0x000fe200078e0011 */
        /*4880*/              @!P4 BRA 0x4a00 ;                                           /* 0x00000000005cc947 */
                                                                                          /* 0x001fec0003800000 */
        /*4890*/                   DSETP.NAN.AND P0, PT, |R14|, +INF , PT ;               /* 0x7ff000000e00742a */
                                                                                          /* 0x000e1e0003f08200 */
        /*48a0*/                   NOP ;                                                  /* 0x0000000000007918 */
                                                                                          /* 0x000fde0000000000 */
        /*48b0*/                   NOP ;                                                  /* 0x0000000000007918 */
                                                                                          /* 0x000fde0000000000 */
        /*48c0*/                   NOP ;                                                  /* 0x0000000000007918 */
                                                                                          /* 0x000fde0000000000 */
        /*48d0*/                   NOP ;                                                  /* 0x0000000000007918 */
                                                                                          /* 0x000fc80000000000 */
        /*48e0*/               @P0 DADD R12, R14, +INF  ;                                 /* 0x7ff000000e0c0429 */
                                                                                          /* 0x0010a20000000000 */
        /*48f0*/               @P0 BRA 0x4a00 ;                                           /* 0x0000000000400947 */
                                                                                          /* 0x000fea0003800000 */
        /*4900*/                   IADD3 R13, P2, PT, RZ, R14, RZ ;                       /* 0x0000000eff0d7210 */
                                                                                          /* 0x004fe40007f5e0ff */
        /*4910*/                   LOP3.LUT R12, R15, 0x7fffffff, RZ, 0xc0, !PT ;         /* 0x7fffffff0f0c7812 */
                                                                                          /* 0x000fe400078ec0ff */
        /*4920*/                   ISETP.GT.U32.AND P0, PT, R14.reuse, -0x1, PT ;         /* 0xffffffff0e00780c */
                                                                                          /* 0x040fe40003f04070 */
        /*4930*/                   ISETP.LT.U32.AND P1, PT, R13, RZ, PT ;                 /* 0x000000ff0d00720c */
                                                                                          /* 0x000fe40003f21070 */
        /*4940*/                   IADD3 R13, P4, PT, R14, -0x1, RZ ;                     /* 0xffffffff0e0d7810 */
                                                                                          /* 0x000fe40007f9e0ff */
        /*4950*/                   IADD3.X R12, PT, PT, R12, -0x100000, RZ, P2, !PT ;     /* 0xfff000000c0c7810 */
                                                                                          /* 0x000fc400017fe4ff */
        /*4960*/                   ISETP.GT.AND.EX P0, PT, R15, -0x1, PT, P0 ;            /* 0xffffffff0f00780c */
                                                                                          /* 0x000fe40003f04300 */
        /*4970*/                   ISETP.LT.U32.AND P2, PT, R13, -0x1, PT ;               /* 0xffffffff0d00780c */
                                                                                          /* 0x000fe40003f41070 */
        /*4980*/                   IADD3.X R13, PT, PT, R15, -0x1, RZ, P4, !PT ;          /* 0xffffffff0f0d7810 */
                                                                                          /* 0x000fe400027fe4ff */
        /*4990*/                   ISETP.LT.U32.AND.EX P0, PT, R12, 0x7fe00000, P0, P1 ;  /* 0x7fe000000c00780c */
                                                                                          /* 0x000fe20000701110 */
        /*49a0*/                   DSETP.GEU.AND P1, PT, R14, RZ, PT ;                    /* 0x000000ff0e00722a */
                                                                                          /* 0x000ea40003f2e000 */
        /*49b0*/                   SEL R17, RZ, 0xffffffff, P1 ;                          /* 0xffffffffff117807 */
                                                                                          /* 0x004fe40000800000 */
        /*49c0*/                   ISETP.LT.U32.OR.EX P0, PT, R13, 0xfffff, P0, P2 ;      /* 0x000fffff0d00780c */
                                                                                          /* 0x000fc80000701520 */
        /*49d0*/                   SEL R13, RZ, 0x1, !P0 ;                                /* 0x00000001ff0d7807 */
                                                                                          /* 0x000fc80004000000 */
        /*49e0*/                   IADD3 R12, P0, P1, R13, R17, R14 ;                     /* 0x000000110d0c7210 */
                                                                                          /* 0x000fc8000791e00e */
        /*49f0*/                   IADD3.X R13, PT, PT, RZ, R17, R15, P0, P1 ;            /* 0x00000011ff0d7210 */
                                                                                          /* 0x000fd200007e240f */
        /*4a00*/                   BSYNC.RECONVERGENT B1 ;                                /* 0x0000000000017941 */
                                                                                          /* 0x000fea0003800200 */
        /*4a10*/                   DADD R10, R12, R10 ;                                   /* 0x000000000c0a7229 */
                                                                                          /* 0x0044e2000000000a */
        /*4a20*/                   BSSY.RECONVERGENT B1, 0x4c40 ;                         /* 0x0000021000017945 */
                                                                                          /* 0x000fe20003800200 */
        /*4a30*/                   IMAD.MOV.U32 R12, RZ, RZ, RZ ;                         /* 0x000000ffff0c7224 */
                                                                                          /* 0x004fe200078e00ff */
        /*4a40*/                   CS2R R14, SRZ ;                                        /* 0x00000000000e7805 */
                                                                                          /* 0x001fde000001ff00 */
        /*4a50*/                   NOP ;                                                  /* 0x0000000000007918 */
                                                                                          /* 0x000fde0000000000 */
        /*4a60*/                   NOP ;                                                  /* 0x0000000000007918 */
                                                                                          /* 0x000fde0000000000 */
        /*4a70*/                   NOP ;                                                  /* 0x0000000000007918 */
                                                                                          /* 0x000fde0000000000 */
        /*4a80*/                   NOP ;                                                  /* 0x0000000000007918 */
                                                                                          /* 0x000fc20000000000 */
        /*4a90*/                   DSETP.NEU.AND P0, PT, R10, RZ, PT ;                    /* 0x000000ff0a00722a */
                                                                                          /* 0x008e240003f0d000 */
        /*4aa0*/              @!P0 BRA 0x4c30 ;                                           /* 0x0000000000608947 */
                                                                                          /* 0x001fea0003800000 */
        /*4ab0*/                   DSETP.NAN.AND P0, PT, |R10|, +INF , PT ;               /* 0x7ff000000a00742a */
                                                                                          /* 0x000e1e0003f08200 */
        /*4ac0*/                   NOP ;                                                  /* 0x0000000000007918 */
                                                                                          /* 0x000fde0000000000 */
        /*4ad0*/                   NOP ;                                                  /* 0x0000000000007918 */
                                                                                          /* 0x000fde0000000000 */
        /*4ae0*/                   NOP ;                                                  /* 0x0000000000007918 */
                                                                                          /* 0x000fde0000000000 */
        /*4af0*/                   NOP ;                                                  /* 0x0000000000007918 */
                                                                                          /* 0x000fc80000000000 */
        /*4b00*/               @P0 DADD R12, R10, +INF  ;                                 /* 0x7ff000000a0c0429 */
                                                                                          /* 0x001e240000000000 */
        /*4b10*/               @P0 IMAD.MOV.U32 R15, RZ, RZ, R13 ;                        /* 0x000000ffff0f0224 */
                                                                                          /* 0x001fe200078e000d */
        /*4b20*/               @P0 BRA 0x4c30 ;                                           /* 0x0000000000400947 */
                                                                                          /* 0x000fec0003800000 */
        /*4b30*/                   IADD3 R13, P2, PT, RZ, R10, RZ ;                       /* 0x0000000aff0d7210 */
                                                                                          /* 0x000fe40007f5e0ff */
        /*4b40*/                   LOP3.LUT R12, R11, 0x7fffffff, RZ, 0xc0, !PT ;         /* 0x7fffffff0b0c7812 */
                                                                                          /* 0x000fe400078ec0ff */
        /*4b50*/                   ISETP.GT.U32.AND P0, PT, R10.reuse, -0x1, PT ;         /* 0xffffffff0a00780c */
                                                                                          /* 0x040fe40003f04070 */
        /*4b60*/                   ISETP.LT.U32.AND P1, PT, R13, RZ, PT ;                 /* 0x000000ff0d00720c */
                                                                                          /* 0x000fe40003f21070 */
        /*4b70*/                   IADD3 R13, P4, PT, R10, -0x1, RZ ;                     /* 0xffffffff0a0d7810 */
                                                                                          /* 0x000fe40007f9e0ff */
        /*4b80*/                   IADD3.X R12, PT, PT, R12, -0x100000, RZ, P2, !PT ;     /* 0xfff000000c0c7810 */
                                                                                          /* 0x000fc400017fe4ff */
        /*4b90*/                   ISETP.GT.AND.EX P0, PT, R11, -0x1, PT, P0 ;            /* 0xffffffff0b00780c */
                                                                                          /* 0x000fe40003f04300 */
        /*4ba0*/                   ISETP.LT.U32.AND P2, PT, R13, -0x1, PT ;               /* 0xffffffff0d00780c */
                                                                                          /* 0x000fe40003f41070 */
        /*4bb0*/                   IADD3.X R13, PT, PT, R11, -0x1, RZ, P4, !PT ;          /* 0xffffffff0b0d7810 */
                                                                                          /* 0x000fe400027fe4ff */
        /*4bc0*/                   ISETP.LT.U32.AND.EX P0, PT, R12, 0x7fe00000, P0, P1 ;  /* 0x7fe000000c00780c */
                                                                                          /* 0x000fe20000701110 */
        /*4bd0*/                   DSETP.GEU.AND P1, PT, R10, RZ, PT ;                    /* 0x000000ff0a00722a */
                                                                                          /* 0x000e240003f2e000 */
        /*4be0*/                   SEL R15, RZ, 0xffffffff, P1 ;                          /* 0xffffffffff0f7807 */
                                                                                          /* 0x001fe40000800000 */
        /*4bf0*/                   ISETP.LT.U32.OR.EX P0, PT, R13, 0xfffff, P0, P2 ;      /* 0x000fffff0d00780c */
                                                                                          /* 0x000fc80000701520 */
        /*4c00*/                   SEL R13, RZ, 0x1, !P0 ;                                /* 0x00000001ff0d7807 */
                                                                                          /* 0x000fc80004000000 */
        /*4c10*/                   IADD3 R12, P0, P1, R13, R15, R10 ;                     /* 0x0000000f0d0c7210 */
                                                                                          /* 0x000fc8000791e00a */
        /*4c20*/                   IADD3.X R15, PT, PT, RZ, R15, R11, P0, P1 ;            /* 0x0000000fff0f7210 */
                                                                                          /* 0x000fd200007e240b */
        /*4c30*/                   BSYNC.RECONVERGENT B1 ;                                /* 0x0000000000017941 */
                                                                                          /* 0x000fea0003800200 */
        /*4c40*/                   BSSY.RECONVERGENT B1, 0x4e20 ;                         /* 0x000001d000017945 */
                                                                                          /* 0x000fe20003800200 */
        /*4c50*/                   IMAD.MOV.U32 R13, RZ, RZ, RZ ;                         /* 0x000000ffff0d7224 */
                                                                                          /* 0x000fe400078e00ff */
        /*4c60*/                   IMAD.MOV.U32 R10, RZ, RZ, R12 ;                        /* 0x000000ffff0a7224 */
                                                                                          /* 0x000fe400078e000c */
        /*4c70*/                   IMAD.MOV.U32 R11, RZ, RZ, R15 ;                        /* 0x000000ffff0b7224 */
                                                                                          /* 0x000fe200078e000f */
        /*4c80*/              @!P3 BRA 0x4e10 ;                                           /* 0x000000000060b947 */
                                                                                          /* 0x000fec0003800000 */
        /*4c90*/                   DSETP.NAN.AND P0, PT, |R18|, +INF , PT ;               /* 0x7ff000001200742a */
                                                                                          /* 0x000e1e0003f08200 */
        /*4ca0*/                   NOP ;                                                  /* 0x0000000000007918 */
                                                                                          /* 0x000fde0000000000 */
        /*4cb0*/                   NOP ;                                                  /* 0x0000000000007918 */
                                                                                          /* 0x000fde0000000000 */
        /*4cc0*/                   NOP ;                                                  /* 0x0000000000007918 */
                                                                                          /* 0x000fde0000000000 */
        /*4cd0*/                   NOP ;                                                  /* 0x0000000000007918 */
                                                                                          /* 0x000fc80000000000 */
        /*4ce0*/               @P0 DADD R12, R18, +INF  ;                                 /* 0x7ff00000120c0429 */
                                                                                          /* 0x001e240000000000 */
        /*4cf0*/               @P0 IMAD.MOV.U32 R14, RZ, RZ, R12 ;                        /* 0x000000ffff0e0224 */
                                                                                          /* 0x001fe200078e000c */
        /*4d00*/               @P0 BRA 0x4e10 ;                                           /* 0x0000000000400947 */
                                                                                          /* 0x000fec0003800000 */
        /*4d10*/                   IADD3 R13, P2, PT, RZ, R18, RZ ;                       /* 0x00000012ff0d7210 */
                                                                                          /* 0x000fe40007f5e0ff */
        /*4d20*/                   LOP3.LUT R12, R19, 0x7fffffff, RZ, 0xc0, !PT ;         /* 0x7fffffff130c7812 */
                                                                                          /* 0x000fe400078ec0ff */
        /*4d30*/                   ISETP.GT.U32.AND P0, PT, R18.reuse, -0x1, PT ;         /* 0xffffffff1200780c */
                                                                                          /* 0x040fe40003f04070 */
        /*4d40*/                   ISETP.LT.U32.AND P1, PT, R13, RZ, PT ;                 /* 0x000000ff0d00720c */
                                                                                          /* 0x000fe40003f21070 */
        /*4d50*/                   IADD3 R13, P3, PT, R18, -0x1, RZ ;                     /* 0xffffffff120d7810 */
                                                                                          /* 0x000fe40007f7e0ff */
        /*4d60*/                   IADD3.X R12, PT, PT, R12, -0x100000, RZ, P2, !PT ;     /* 0xfff000000c0c7810 */
                                                                                          /* 0x000fc400017fe4ff */
        /*4d70*/                   ISETP.GT.AND.EX P0, PT, R19, -0x1, PT, P0 ;            /* 0xffffffff1300780c */
                                                                                          /* 0x000fe40003f04300 */
        /*4d80*/                   ISETP.LT.U32.AND P2, PT, R13, -0x1, PT ;               /* 0xffffffff0d00780c */
                                                                                          /* 0x000fe40003f41070 */
        /*4d90*/                   IADD3.X R13, PT, PT, R19, -0x1, RZ, P3, !PT ;          /* 0xffffffff130d7810 */
                                                                                          /* 0x000fe40001ffe4ff */
        /*4da0*/                   ISETP.LT.U32.AND.EX P0, PT, R12, 0x7fe00000, P0, P1 ;  /* 0x7fe000000c00780c */
                                                                                          /* 0x000fe20000701110 */
        /*4db0*/                   DSETP.GEU.AND P1, PT, R18, RZ, PT ;                    /* 0x000000ff1200722a */
                                                                                          /* 0x000e240003f2e000 */
        /*4dc0*/                   SEL R15, RZ, 0xffffffff, P1 ;                          /* 0xffffffffff0f7807 */
                                                                                          /* 0x001fe40000800000 */
        /*4dd0*/                   ISETP.LT.U32.OR.EX P0, PT, R13, 0xfffff, P0, P2 ;      /* 0x000fffff0d00780c */
                                                                                          /* 0x000fc80000701520 */
        /*4de0*/                   SEL R13, RZ, 0x1, !P0 ;                                /* 0x00000001ff0d7807 */
                                                                                          /* 0x000fc80004000000 */
        /*4df0*/                   IADD3 R14, P0, P1, R13, R15, R18 ;                     /* 0x0000000f0d0e7210 */
                                                                                          /* 0x000fc8000791e012 */
        /*4e00*/                   IADD3.X R13, PT, PT, RZ, R15, R19, P0, P1 ;            /* 0x0000000fff0d7210 */
                                                                                          /* 0x000fd200007e2413 */
        /*4e10*/                   BSYNC.RECONVERGENT B1 ;                                /* 0x0000000000017941 */
                                                                                          /* 0x000fea0003800200 */
        /*4e20*/                   IMAD.MOV.U32 R12, RZ, RZ, R14 ;                        /* 0x000000ffff0c7224 */
                                                                                          /* 0x000fe200078e000e */
        /*4e30*/                   BSSY.RECONVERGENT B1, 0x5070 ;                         /* 0x0000023000017945 */
                                                                                          /* 0x000fe20003800200 */
        /*4e40*/                   PLOP3.LUT P0, PT, PT, PT, PT, 0x80, 0x8 ;              /* 0x000000000008781c */
                                                                                          /* 0x000fe20003f0f070 */
        /*4e50*/                   CS2R R16, SRZ ;                                        /* 0x0000000000107805 */
                                                                                          /* 0x000fc6000001ff00 */
        /*4e60*/                   DADD R10, R12, R10 ;                                   /* 0x000000000c0a7229 */
                                                                                          /* 0x000e1e000000000a */
        /*4e70*/                   NOP ;                                                  /* 0x0000000000007918 */
                                                                                          /* 0x000fde0000000000 */
        /*4e80*/                   NOP ;                                                  /* 0x0000000000007918 */
                                                                                          /* 0x000fde0000000000 */
        /*4e90*/                   NOP ;                                                  /* 0x0000000000007918 */
                                                                                          /* 0x000fde0000000000 */
        /*4ea0*/                   NOP ;                                                  /* 0x0000000000007918 */
                                                                                          /* 0x000fc80000000000 */
        /*4eb0*/                   DSETP.NEU.AND P1, PT, R10, RZ, PT ;                    /* 0x000000ff0a00722a */
                                                                                          /* 0x001e240003f2d000 */
        /*4ec0*/              @!P1 BRA 0x5060 ;                                           /* 0x0000000000649947 */
                                                                                          /* 0x001fea0003800000 */
        /*4ed0*/                   DSETP.NAN.AND P1, PT, |R10|, +INF , PT ;               /* 0x7ff000000a00742a */
                                                                                          /* 0x000e1e0003f28200 */
        /*4ee0*/                   NOP ;                                                  /* 0x0000000000007918 */
                                                                                          /* 0x000fde0000000000 */
        /*4ef0*/                   NOP ;                                                  /* 0x0000000000007918 */
                                                                                          /* 0x000fde0000000000 */
        /*4f00*/                   NOP ;                                                  /* 0x0000000000007918 */
                                                                                          /* 0x000fde0000000000 */
        /*4f10*/                   NOP ;                                                  /* 0x0000000000007918 */
                                                                                          /* 0x000fc80000000000 */
        /*4f20*/               @P1 DADD R12, R10, +INF  ;                                 /* 0x7ff000000a0c1429 */
                                                                                          /* 0x001e240000000000 */
        /*4f30*/               @P1 IMAD.MOV.U32 R16, RZ, RZ, R12 ;                        /* 0x000000ffff101224 */
                                                                                          /* 0x001fe400078e000c */
        /*4f40*/               @P1 IMAD.MOV.U32 R17, RZ, RZ, R13 ;                        /* 0x000000ffff111224 */
                                                                                          /* 0x000fe200078e000d */
        /*4f50*/               @P1 BRA 0x5060 ;                                           /* 0x0000000000401947 */
                                                                                          /* 0x000fec0003800000 */
        /*4f60*/                   IADD3 R13, P3, PT, RZ, R10, RZ ;                       /* 0x0000000aff0d7210 */
                                                                                          /* 0x000fe40007f7e0ff */
        /*4f70*/                   LOP3.LUT R12, R11, 0x7fffffff, RZ, 0xc0, !PT ;         /* 0x7fffffff0b0c7812 */
                                                                                          /* 0x000fe400078ec0ff */
        /*4f80*/                   ISETP.GT.U32.AND P1, PT, R10.reuse, -0x1, PT ;         /* 0xffffffff0a00780c */
                                                                                          /* 0x040fe40003f24070 */
        /*4f90*/                   ISETP.LT.U32.AND P2, PT, R13, RZ, PT ;                 /* 0x000000ff0d00720c */
                                                                                          /* 0x000fe40003f41070 */
        /*4fa0*/                   IADD3 R13, P4, PT, R10, -0x1, RZ ;                     /* 0xffffffff0a0d7810 */
                                                                                          /* 0x000fe40007f9e0ff */
        /*4fb0*/                   IADD3.X R12, PT, PT, R12, -0x100000, RZ, P3, !PT ;     /* 0xfff000000c0c7810 */
                                                                                          /* 0x000fc40001ffe4ff */
        /*4fc0*/                   ISETP.GT.AND.EX P1, PT, R11, -0x1, PT, P1 ;            /* 0xffffffff0b00780c */
                                                                                          /* 0x000fe40003f24310 */
        /*4fd0*/                   ISETP.LT.U32.AND P3, PT, R13, -0x1, PT ;               /* 0xffffffff0d00780c */
                                                                                          /* 0x000fe40003f61070 */
        /*4fe0*/                   IADD3.X R13, PT, PT, R11, -0x1, RZ, P4, !PT ;          /* 0xffffffff0b0d7810 */
                                                                                          /* 0x000fe400027fe4ff */
        /*4ff0*/                   ISETP.LT.U32.AND.EX P1, PT, R12, 0x7fe00000, P1, P2 ;  /* 0x7fe000000c00780c */
                                                                                          /* 0x000fe20000f21120 */
        /*5000*/                   DSETP.GEU.AND P2, PT, R10, RZ, PT ;                    /* 0x000000ff0a00722a */
                                                                                          /* 0x000e240003f4e000 */
        /*5010*/                   SEL R15, RZ, 0xffffffff, P2 ;                          /* 0xffffffffff0f7807 */
                                                                                          /* 0x001fe40001000000 */
        /*5020*/                   ISETP.LT.U32.OR.EX P1, PT, R13, 0xfffff, P1, P3 ;      /* 0x000fffff0d00780c */
                                                                                          /* 0x000fc80000f21530 */
        /*5030*/                   SEL R13, RZ, 0x1, !P1 ;                                /* 0x00000001ff0d7807 */
                                                                                          /* 0x000fc80004800000 */
        /*5040*/                   IADD3 R16, P1, P2, R13, R15, R10 ;                     /* 0x0000000f0d107210 */
                                                                                          /* 0x000fc80007a3e00a */
        /*5050*/                   IADD3.X R17, PT, PT, RZ, R15, R11, P1, P2 ;            /* 0x0000000fff117210 */
                                                                                          /* 0x000fd20000fe440b */
        /*5060*/                   BSYNC.RECONVERGENT B1 ;                                /* 0x0000000000017941 */
                                                                                          /* 0x000fea0003800200 */
        /*5070*/                   DSETP.NE.AND P1, PT, |R16|, +INF , PT ;                /* 0x7ff000001000742a */
                                                                                          /* 0x000e240003f25200 */
        /*5080*/              @!P1 BRA 0x55c0 ;                                           /* 0x00000004004c9947 */
                                                                                          /* 0x001fea0003800000 */
        /*5090*/                   F2F.F64.F32 R10, R31 ;                                 /* 0x0000001f000a7310 */
                                                                                          /* 0x000e220000201800 */
        /*50a0*/                   BSSY.RECONVERGENT B1, 0x53d0 ;                         /* 0x0000032000017945 */
                                                                                          /* 0x000fde0003800200 */
        /*50b0*/                   NOP ;                                                  /* 0x0000000000007918 */
                                                                                          /* 0x000fde0000000000 */
        /*50c0*/                   NOP ;                                                  /* 0x0000000000007918 */
                                                                                          /* 0x000fde0000000000 */
        /*50d0*/                   NOP ;                                                  /* 0x0000000000007918 */
                                                                                          /* 0x000fde0000000000 */
        /*50e0*/                   NOP ;                                                  /* 0x0000000000007918 */
                                                                                          /* 0x000fc60000000000 */
        /*50f0*/                   DADD.RM R12, R10, -R16 ;                               /* 0x000000000a0c7229 */
                                                                                          /* 0x001e1e0000004810 */
        /*5100*/                   NOP ;                                                  /* 0x0000000000007918 */
                                                                                          /* 0x000fde0000000000 */
        /*5110*/                   NOP ;                                                  /* 0x0000000000007918 */
                                                                                          /* 0x000fde0000000000 */
        /*5120*/                   NOP ;                                                  /* 0x0000000000007918 */
                                                                                          /* 0x000fde0000000000 */
        /*5130*/                   NOP ;                                                  /* 0x0000000000007918 */
                                                                                          /* 0x000fc80000000000 */
        /*5140*/                   F2F.F32.F64 R18, R12 ;                                 /* 0x0000000c00127310 */
                                                                                          /* 0x001e1e0000301000 */
        /*5150*/                   NOP ;                                                  /* 0x0000000000007918 */
                                                                                          /* 0x000fde0000000000 */
        /*5160*/                   NOP ;                                                  /* 0x0000000000007918 */
                                                                                          /* 0x000fde0000000000 */
        /*5170*/                   NOP ;                                                  /* 0x0000000000007918 */
                                                                                          /* 0x000fde0000000000 */
        /*5180*/                   NOP ;                                                  /* 0x0000000000007918 */
                                                                                          /* 0x000fc80000000000 */
        /*5190*/                   DADD.RP R10, R10, R16 ;                                /* 0x000000000a0a7229 */
                                                                                          /* 0x0000a40000008010 */
        /*51a0*/                   IMAD.MOV.U32 R16, RZ, RZ, R18 ;                        /* 0x000000ffff107224 */
                                                                                          /* 0x001fde00078e0012 */
        /*51b0*/                   NOP ;                                                  /* 0x0000000000007918 */
                                                                                          /* 0x000fde0000000000 */
        /*51c0*/                   NOP ;                                                  /* 0x0000000000007918 */
                                                                                          /* 0x000fde0000000000 */
        /*51d0*/                   NOP ;                                                  /* 0x0000000000007918 */
                                                                                          /* 0x000fde0000000000 */
        /*51e0*/                   NOP ;                                                  /* 0x0000000000007918 */
                                                                                          /* 0x000fc40000000000 */
        /*51f0*/                   F2F.F32.F64 R17, R10 ;                                 /* 0x0000000a00117310 */
                                                                                          /* 0x004fde0000301000 */
        /*5200*/                   NOP ;                                                  /* 0x0000000000007918 */
                                                                                          /* 0x000fde0000000000 */
        /*5210*/                   NOP ;                                                  /* 0x0000000000007918 */
                                                                                          /* 0x000fde0000000000 */
        /*5220*/                   NOP ;                                                  /* 0x0000000000007918 */
                                                                                          /* 0x000fde0000000000 */
        /*5230*/                   NOP ;                                                  /* 0x0000000000007918 */
                                                                                          /* 0x000fc80000000000 */
        /*5240*/                   F2F.F64.F32 R14, R18 ;                                 /* 0x00000012000e7310 */
                                                                                          /* 0x000e1e0000201800 */
        /*5250*/                   NOP ;                                                  /* 0x0000000000007918 */
                                                                                          /* 0x000fde0000000000 */
        /*5260*/                   NOP ;                                                  /* 0x0000000000007918 */
                                                                                          /* 0x000fde0000000000 */
        /*5270*/                   NOP ;                                                  /* 0x0000000000007918 */
                                                                                          /* 0x000fde0000000000 */
        /*5280*/                   NOP ;                                                  /* 0x0000000000007918 */
                                                                                          /* 0x000fc80000000000 */
        /*5290*/                   DSETP.GEU.AND P1, PT, R12, R14, PT ;                   /* 0x0000000e0c00722a */
                                                                                          /* 0x001e240003f2e000 */
        /*52a0*/               @P1 BRA 0x53c0 ;                                           /* 0x0000000000441947 */
                                                                                          /* 0x001fea0003800000 */
        /*52b0*/                   FSETP.NAN.AND P1, PT, |R18|, +INF , PT ;               /* 0x7f8000001200780b */
                                                                                          /* 0x000fda0003f28200 */
        /*52c0*/               @P1 FADD R16, R18, -INF  ;                                 /* 0xff80000012101421 */
                                                                                          /* 0x000fe20000000000 */
        /*52d0*/               @P1 BRA 0x53c0 ;                                           /* 0x0000000000381947 */
                                                                                          /* 0x000fec0003800000 */
        /*52e0*/                   FSETP.NEU.AND P1, PT, R18, RZ, PT ;                    /* 0x000000ff1200720b */
                                                                                          /* 0x000fe20003f2d000 */
        /*52f0*/                   IMAD.MOV.U32 R16, RZ, RZ, -0x7fffffff ;                /* 0x80000001ff107424 */
                                                                                          /* 0x000fd800078e00ff */
        /*5300*/              @!P1 BRA 0x53c0 ;                                           /* 0x00000000002c9947 */
                                                                                          /* 0x000fea0003800000 */
        /*5310*/                   LOP3.LUT R12, R18.reuse, 0x7fffffff, RZ, 0xc0, !PT ;   /* 0x7fffffff120c7812 */
                                                                                          /* 0x040fe400078ec0ff */
        /*5320*/                   FSETP.GT.AND P2, PT, R18, RZ, PT ;                     /* 0x000000ff1200720b */
                                                                                          /* 0x000fe40003f44000 */
        /*5330*/                   IADD3 R13, PT, PT, R12.reuse, -0x800000, RZ ;          /* 0xff8000000c0d7810 */
                                                                                          /* 0x040fe40007ffe0ff */
        /*5340*/                   IADD3 R12, PT, PT, R12, -0x1, RZ ;                     /* 0xffffffff0c0c7810 */
                                                                                          /* 0x000fe40007ffe0ff */
        /*5350*/                   ISETP.GE.U32.AND P1, PT, R13, 0x7f000000, PT ;         /* 0x7f0000000d00780c */
                                                                                          /* 0x000fc80003f26070 */
        /*5360*/                   ISETP.LT.U32.OR P1, PT, R12, 0x7fffff, !P1 ;           /* 0x007fffff0c00780c */
                                                                                          /* 0x000fe40004f21470 */
        /*5370*/                   IADD3 R12, PT, PT, R18.reuse, 0x1, RZ ;                /* 0x00000001120c7810 */
                                                                                          /* 0x040fe40007ffe0ff */
        /*5380*/                   ISETP.LT.AND P1, PT, R18, RZ, P1 ;                     /* 0x000000ff1200720c */
                                                                                          /* 0x000fda0000f21270 */
        /*5390*/              @!P1 IMAD.MOV R12, RZ, RZ, R18 ;                            /* 0x000000ffff0c9224 */
                                                                                          /* 0x000fca00078e0212 */
        /*53a0*/                   IADD3 R16, PT, PT, R12, -0x1, RZ ;                     /* 0xffffffff0c107810 */
                                                                                          /* 0x000fe20007ffe0ff */
        /*53b0*/              @!P2 IMAD.MOV R16, RZ, RZ, R12 ;                            /* 0x000000ffff10a224 */
                                                                                          /* 0x000fce00078e020c */
        /*53c0*/                   BSYNC.RECONVERGENT B1 ;                                /* 0x0000000000017941 */
                                                                                          /* 0x000fea0003800200 */
        /*53d0*/                   F2F.F64.F32 R12, R17 ;                                 /* 0x00000011000c7310 */
                                                                                          /* 0x000e220000201800 */
        /*53e0*/                   BSSY.RECONVERGENT B1, 0x5580 ;                         /* 0x0000019000017945 */
                                                                                          /* 0x000fde0003800200 */
        /*53f0*/                   NOP ;                                                  /* 0x0000000000007918 */
                                                                                          /* 0x000fde0000000000 */
        /*5400*/                   NOP ;                                                  /* 0x0000000000007918 */
                                                                                          /* 0x000fde0000000000 */
        /*5410*/                   NOP ;                                                  /* 0x0000000000007918 */
                                                                                          /* 0x000fde0000000000 */
        /*5420*/                   NOP ;                                                  /* 0x0000000000007918 */
                                                                                          /* 0x000fc60000000000 */
        /*5430*/                   DSETP.GT.AND P1, PT, R10, R12, PT ;                    /* 0x0000000c0a00722a */
                                                                                          /* 0x001e220003f24000 */
        /*5440*/                   IMAD.MOV.U32 R14, RZ, RZ, R17 ;                        /* 0x000000ffff0e7224 */
                                                                                          /* 0x000fe200078e0011 */
        /*5450*/              @!P1 BRA 0x5570 ;                                           /* 0x0000000000449947 */
                                                                                          /* 0x001fec0003800000 */
        /*5460*/                   FSETP.NAN.AND P1, PT, |R17|, +INF , PT ;               /* 0x7f8000001100780b */
                                                                                          /* 0x000fda0003f28200 */
        /*5470*/               @P1 FADD R14, R17, +INF  ;                                 /* 0x7f800000110e1421 */
                                                                                          /* 0x000fe20000000000 */
        /*5480*/               @P1 BRA 0x5570 ;                                           /* 0x0000000000381947 */
                                                                                          /* 0x000fec0003800000 */
        /*5490*/                   FSETP.NEU.AND P1, PT, R17, RZ, PT ;                    /* 0x000000ff1100720b */
                                                                                          /* 0x000fe20003f2d000 */
        /*54a0*/                   IMAD.MOV.U32 R14, RZ, RZ, 0x1 ;                        /* 0x00000001ff0e7424 */
                                                                                          /* 0x000fd800078e00ff */
        /*54b0*/              @!P1 BRA 0x5570 ;                                           /* 0x00000000002c9947 */
                                                                                          /* 0x000fea0003800000 */
        /*54c0*/                   LOP3.LUT R10, R17.reuse, 0x7fffffff, RZ, 0xc0, !PT ;   /* 0x7fffffff110a7812 */
                                                                                          /* 0x040fe400078ec0ff */
        /*54d0*/                   ISETP.GT.AND P1, PT, R17.reuse, -0x1, PT ;             /* 0xffffffff1100780c */
                                                                                          /* 0x040fe40003f24270 */
        /*54e0*/                   IADD3 R10, PT, PT, R10, -0x800000, RZ ;                /* 0xff8000000a0a7810 */
                                                                                          /* 0x000fe40007ffe0ff */
        /*54f0*/                   FSETP.GEU.AND P2, PT, R17.reuse, RZ, PT ;              /* 0x000000ff1100720b */
                                                                                          /* 0x040fe40003f4e000 */
        /*5500*/                   IADD3 R11, PT, PT, R17, -0x1, RZ ;                     /* 0xffffffff110b7810 */
                                                                                          /* 0x000fe40007ffe0ff */
        /*5510*/                   ISETP.LT.U32.AND P1, PT, R10, 0x7f000000, P1 ;         /* 0x7f0000000a00780c */
                                                                                          /* 0x000fc60000f21070 */
        /*5520*/                   IMAD.MOV.U32 R10, RZ, RZ, R11 ;                        /* 0x000000ffff0a7224 */
                                                                                          /* 0x000fe200078e000b */
        /*5530*/                   ISETP.LT.U32.OR P1, PT, R11, 0x7fffff, P1 ;            /* 0x007fffff0b00780c */
                                                                                          /* 0x000fca0000f21470 */
        /*5540*/               @P2 IMAD.MOV R10, RZ, RZ, R17 ;                            /* 0x000000ffff0a2224 */
                                                                                          /* 0x000fca00078e0211 */
        /*5550*/                   IADD3 R14, PT, PT, R10, 0x1, RZ ;                      /* 0x000000010a0e7810 */
                                                                                          /* 0x000fc60007ffe0ff */
        /*5560*/              @!P1 IMAD.MOV R14, RZ, RZ, R10 ;                            /* 0x000000ffff0e9224 */
                                                                                          /* 0x000fce00078e020a */
        /*5570*/                   BSYNC.RECONVERGENT B1 ;                                /* 0x0000000000017941 */
                                                                                          /* 0x000fea0003800200 */
        /*5580*/                   F2F.BF16.F32 R16, R16 ;                                /* 0x0000001000107304 */
                                                                                          /* 0x000fe20000202000 */
        /*5590*/                   F2F.BF16.F32 R11, R14 ;                                /* 0x0000000e000b7304 */
                                                                                          /* 0x000e240000202000 */
        /*55a0*/                   ISETP.NE.U32.AND P1, PT, R16, R11, PT ;                /* 0x0000000b1000720c */
                                                                                          /* 0x001fc80003f25070 */
        /*55b0*/                   SEL R30, RZ, 0x1, P1 ;                                 /* 0x00000001ff1e7807 */
                                                                                          /* 0x000fd20000800000 */
        /*55c0*/                   BSYNC.RECONVERGENT B0 ;                                /* 0x0000000000007941 */
                                                                                          /* 0x000fea0003800200 */
        /*55d0*/                   MATCH.ANY R10, R5 ;                                    /* 0x00000000050a73a1 */
                                                                                          /* 0x000e3000000e8000 */
        /*55e0*/                   REDUX.OR UR6, R5 ;                                     /* 0x00000000050673c4 */
                                                                                          /* 0x000ea20000004000 */
        /*55f0*/                   VOTEU.ANY UR7, UPT, PT ;                               /* 0x0000000000077886 */
                                                                                          /* 0x000fe200038e0100 */
        /*5600*/                   ISETP.EQ.U32.AND P0, PT, R2, RZ, P0 ;                  /* 0x000000ff0200720c */
                                                                                          /* 0x000fc40000702070 */
        /*5610*/                   LOP3.LUT P1, RZ, R5, UR7, R10, 0x40, !PT ;             /* 0x0000000705ff7c12 */
                                                                                          /* 0x001fe4000f82400a */
        /*5620*/                   SEL R10, RZ, 0x1, !P0 ;                                /* 0x00000001ff0a7807 */
                                                                                          /* 0x000fd60004000000 */
        /*5630*/              @!P1 BRA.DIV UR6, 0x65c0 ;                                  /* 0x0000000e06e09947 */
                                                                                          /* 0x004fea000b800000 */
        /*5640*/                   SHFL.IDX PT, R10, R10, RZ, 0x101f ;                    /* 0x00101fff0a0a7589 */
                                                                                          /* 0x000e2800000e0000 */
        /*5650*/                   SHFL.IDX PT, R30, R30, RZ, 0x101f ;                    /* 0x00101fff1e1e7589 */
                                                                                          /* 0x000ea400000e0000 */
        /*5660*/                   ISETP.NE.U32.AND P0, PT, R10, RZ, PT ;                 /* 0x000000ff0a00720c */
                                                                                          /* 0x001fda0003f05070 */
        /*5670*/               @P0 BRA 0x5750 ;                                           /* 0x0000000000340947 */
                                                                                          /* 0x000fea0003800000 */
        /*5680*/                   ISETP.NE.U32.AND P0, PT, R2, RZ, PT ;                  /* 0x000000ff0200720c */
                                                                                          /* 0x000fda0003f05070 */
        /*5690*/               @P0 EXIT ;                                                 /* 0x000000000000094d */
                                                                                          /* 0x000fea0003800000 */
        /*56a0*/                   LDCU.64 UR6, c[0x0][0x3b8] ;                           /* 0x00007700ff0677ac */
                                                                                          /* 0x000e220008000a00 */
        /*56b0*/                   IMAD.MOV.U32 R7, RZ, RZ, 0x7fffffff ;                  /* 0x7fffffffff077424 */
                                                                                          /* 0x000fe400078e00ff */
        /*56c0*/                   IMAD.MOV.U32 R0, RZ, RZ, 0x2 ;                         /* 0x00000002ff007424 */
                                                                                          /* 0x000fe200078e00ff */
        /*56d0*/                   LDCU.64 UR8, c[0x0][0x3c0] ;                           /* 0x00007800ff0877ac */
                                                                                          /* 0x000ee20008000a00 */
        /*56e0*/                   LEA R2, P0, R8.reuse, UR6, 0x2 ;                       /* 0x0000000608027c11 */
                                                                                          /* 0x041fe4000f8010ff */
        /*56f0*/                   IADD3 R4, P1, PT, R8.reuse, UR8, RZ ;                  /* 0x0000000808047c10 */
                                                                                          /* 0x048fe4000ff3e0ff */
        /*5700*/                   LEA.HI.X R3, R8, UR7, R9, 0x2, P0 ;                    /* 0x0000000708037c11 */
                                                                                          /* 0x000fe400080f1409 */
        /*5710*/                   IADD3.X R5, PT, PT, R9, UR9, RZ, P1, !PT ;             /* 0x0000000909057c10 */
                                                                                          /* 0x000fc60008ffe4ff */
        /*5720*/                   STG.E desc[UR4][R2.64], R7 ;                           /* 0x0000000702007986 */
                                                                                          /* 0x000fe8000c101904 */
        /*5730*/                   STG.E.U8 desc[UR4][R4.64], R0 ;                        /* 0x0000000004007986 */
                                                                                          /* 0x000fe2000c101104 */
        /*5740*/                   EXIT ;                                                 /* 0x000000000000794d */
                                                                                          /* 0x000fea0003800000 */
        /*5750*/                   ISETP.NE.U32.AND P0, PT, R30, RZ, PT ;                 /* 0x000000ff1e00720c */
                                                                                          /* 0x004fda0003f05070 */
        /*5760*/               @P0 BRA 0x6510 ;                                           /* 0x0000000c00680947 */
                                                                                          /* 0x000fea0003800000 */
        /*5770*/                   LDCU UR6, c[0x0][0x3cc] ;                              /* 0x00007980ff0677ac */
                                                                                          /* 0x000e220008000800 */
        /*5780*/                   SHF.R.S32.HI R10, RZ, 0x1f, R7 ;                       /* 0x0000001fff0a7819 */
                                                                                          /* 0x000fe20000011407 */
        /*5790*/                   IMAD.MOV.U32 R11, RZ, RZ, R3 ;                         /* 0x000000ffff0b7224 */
                                                                                          /* 0x000fe200078e0003 */
        /*57a0*/                   SHF.R.S64 R13, RZ, 0x16, R4 ;                          /* 0x00000016ff0d7819 */
                                                                                          /* 0x000fe20000001004 */
        /*57b0*/                   LDCU.128 UR8, c[0x0][0x380] ;                          /* 0x00007000ff0877ac */
                                                                                          /* 0x000ea20008000c00 */
        /*57c0*/                   BSSY B0, 0x6450 ;                                      /* 0x00000c8000007945 */
                                                                                          /* 0x000fe20003800000 */
        /*57d0*/                   IMAD R12, R10, UR6, RZ ;                               /* 0x000000060a0c7c24 */
                                                                                          /* 0x001fe4000f8e02ff */
        /*57e0*/                   IMAD.MOV.U32 R10, RZ, RZ, R6 ;                         /* 0x000000ffff0a7224 */
                                                                                          /* 0x000fe400078e0006 */
        /*57f0*/                   IMAD R15, R7.reuse, R0, R12 ;                          /* 0x00000000070f7224 */
                                                                                          /* 0x040fe200078e020c */
        /*5800*/                   IADD3 R12, P0, PT, R2, R13, RZ ;                       /* 0x0000000d020c7210 */
                                                                                          /* 0x000fe20007f1e0ff */
        /*5810*/                   IMAD.WIDE.U32 R10, R7, UR6, R10 ;                      /* 0x00000006070a7c25 */
                                                                                          /* 0x000fc6000f8e000a */
        /*5820*/                   LEA.HI.X.SX32 R13, R4, RZ, 0xa, P0 ;                   /* 0x000000ff040d7211 */
                                                                                          /* 0x000fe200000f56ff */
        /*5830*/                   IMAD.WIDE.U32 R6, R2, 0x2, RZ ;                        /* 0x0000000202067825 */
                                                                                          /* 0x000fe200078e00ff */
        /*5840*/                   LEA R0, P1, R12, UR8, 0x1 ;                            /* 0x000000080c007c11 */
                                                                                          /* 0x004fc6000f8208ff */
        /*5850*/                   IMAD.SHL.U32 R3, R10, 0x800, RZ ;                      /* 0x000008000a037824 */
                                                                                          /* 0x000fe400078e00ff */
        /*5860*/                   IMAD.IADD R11, R11, 0x1, R15 ;                         /* 0x000000010b0b7824 */
                                                                                          /* 0x000fc600078e020f */
        /*5870*/                   LOP3.LUT R3, R3, R6, RZ, 0xfc, !PT ;                   /* 0x0000000603037212 */
                                                                                          /* 0x000fe200078efcff */
        /*5880*/                   IMAD.MOV.U32 R6, RZ, RZ, RZ ;                          /* 0x000000ffff067224 */
                                                                                          /* 0x000fe200078e00ff */
        /*5890*/                   SHF.L.U64.HI R11, R10, 0xb, R11 ;                      /* 0x0000000b0a0b7819 */
                                                                                          /* 0x000fe4000001020b */
        /*58a0*/                   IADD3 R4, P0, PT, R3, UR10, RZ ;                       /* 0x0000000a03047c10 */
                                                                                          /* 0x000fe2000ff1e0ff */
        /*58b0*/                   IMAD.MOV.U32 R3, RZ, RZ, RZ ;                          /* 0x000000ffff037224 */
                                                                                          /* 0x000fe200078e00ff */
        /*58c0*/                   LOP3.LUT R11, R11, R7, RZ, 0xfc, !PT ;                 /* 0x000000070b0b7212 */
                                                                                          /* 0x000fe400078efcff */
        /*58d0*/                   LEA.HI.X R7, R12, UR9, R13, 0x1, P1 ;                  /* 0x000000090c077c11 */
                                                                                          /* 0x000fe400088f0c0d */
        /*58e0*/                   IADD3.X R11, PT, PT, R11, UR11, RZ, P0, !PT ;          /* 0x0000000b0b0b7c10 */
                                                                                          /* 0x002fce00087fe4ff */
        /*58f0*/                   IMAD.MOV.U32 R12, RZ, RZ, R0 ;                         /* 0x000000ffff0c7224 */
                                                                                          /* 0x000fe400078e0000 */
        /*5900*/                   IMAD.MOV.U32 R13, RZ, RZ, R7 ;                         /* 0x000000ffff0d7224 */
                                                                                          /* 0x000fe400078e0007 */
        /*5910*/                   IMAD.MOV.U32 R10, RZ, RZ, R4 ;                         /* 0x000000ffff0a7224 */
                                                                                          /* 0x000fc600078e0004 */
        /*5920*/                   LDG.E.U16 R12, desc[UR4][R12.64] ;                     /* 0x000000040c0c7981 */
                                                                                          /* 0x000ea8000c1e1500 */
        /*5930*/                   LDG.E.U16 R15, desc[UR4][R10.64] ;                     /* 0x000000040a0f7981 */
                                                                                          /* 0x000ee2000c1e1500 */
        /*5940*/                   MATCH.ANY R20, R5 ;                                    /* 0x00000000051473a1 */
                                                                                          /* 0x000e3000000e8000 */
        /*5950*/                   REDUX.OR UR6, R5 ;                                     /* 0x00000000050673c4 */
                                                                                          /* 0x000e620000004000 */
        /*5960*/                   VOTEU.ANY UR7, UPT, PT ;                               /* 0x0000000000077886 */
                                                                                          /* 0x000fe200038e0100 */
        /*5970*/                   SHF.R.U32.HI R14, RZ, 0x7, R12 ;                       /* 0x00000007ff0e7819 */
                                                                                          /* 0x004fc4000001160c */
        /*5980*/                   PRMT R17, R12, 0x9910, RZ ;                            /* 0x000099100c117816 */
                                                                                          /* 0x000fe400000000ff */
        /*5990*/                   SHF.R.U32.HI R16, RZ, 0x7, R15 ;                       /* 0x00000007ff107819 */
                                                                                          /* 0x008fe4000001160f */
        /*59a0*/                   LOP3.LUT P0, RZ, R14, 0xff, RZ, 0xc0, !PT ;            /* 0x000000ff0eff7812 */
                                                                                          /* 0x000fe4000780c0ff */
        /*59b0*/                   PRMT R18, R15, 0x9910, RZ ;                            /* 0x000099100f127816 */
                                                                                          /* 0x000fe400000000ff */
        /*59c0*/                   LOP3.LUT P2, RZ, R16, 0xff, RZ, 0xc0, !PT ;            /* 0x000000ff10ff7812 */
                                                                                          /* 0x000fe4000784c0ff */
        /*59d0*/                   SEL R13, RZ, 0x80, !P0 ;                               /* 0x00000080ff0d7807 */
                                                                                          /* 0x000fc40004000000 */
        /*59e0*/                   ISETP.GE.AND P0, PT, R18, RZ, PT ;                     /* 0x000000ff1200720c */
                                                                                          /* 0x000fe40003f06270 */
        /*59f0*/                   SEL R18, RZ, 0x80, !P2 ;                               /* 0x00000080ff127807 */
                                                                                          /* 0x000fe40005000000 */
        /*5a00*/                   ISETP.GE.AND P1, PT, R17, RZ, PT ;                     /* 0x000000ff1100720c */
                                                                                          /* 0x000fe40003f26270 */
        /*5a10*/                   LOP3.LUT R15, R18, 0x7f, R15, 0xf8, !PT ;              /* 0x0000007f120f7812 */
                                                                                          /* 0x000fe400078ef80f */
        /*5a20*/                   LOP3.LUT R10, R13, 0x7f, R12, 0xf8, !PT ;              /* 0x0000007f0d0a7812 */
                                                                                          /* 0x000fe400078ef80c */
        /*5a30*/                   LOP3.LUT R14, R14, 0xff, RZ, 0xc0, !PT ;               /* 0x000000ff0e0e7812 */
                                                                                          /* 0x000fe200078ec0ff */
        /*5a40*/                   IMAD.MOV R13, RZ, RZ, -R15 ;                           /* 0x000000ffff0d7224 */
                                                                                          /* 0x000fe200078e0a0f */
        /*5a50*/                   LOP3.LUT R16, R16, 0xff, RZ, 0xc0, !PT ;               /* 0x000000ff10107812 */
                                                                                          /* 0x000fe200078ec0ff */
        /*5a60*/                   IMAD.MOV R12, RZ, RZ, -R10 ;                           /* 0x000000ffff0c7224 */
                                                                                          /* 0x000fe200078e0a0a */
        /*5a70*/                   IMNMX.U32 R14, R14, 0x1, !PT ;                         /* 0x000000010e0e7817 */
                                                                                          /* 0x000fe20007ffe000 */
        /*5a80*/              @!P0 IMAD.MOV.U32 R15, RZ, RZ, R13 ;                        /* 0x000000ffff0f8224 */
                                                                                          /* 0x000fe200078e000d */
        /*5a90*/                   IMNMX.U32 R13, R16, 0x1, !PT ;                         /* 0x00000001100d7817 */
                                                                                          /* 0x000fe20007ffe000 */
        /*5aa0*/              @!P1 IMAD.MOV.U32 R10, RZ, RZ, R12 ;                        /* 0x000000ffff0a9224 */
                                                                                          /* 0x000fe200078e000c */
        /*5ab0*/                   LOP3.LUT P1, RZ, R5, UR7, R20, 0x40, !PT ;             /* 0x0000000705ff7c12 */
                                                                                          /* 0x001fc6000f824014 */
        /*5ac0*/                   IMAD.IADD R13, R14, 0x1, R13 ;                         /* 0x000000010e0d7824 */
                                                                                          /* 0x000fe400078e020d */
        /*5ad0*/                   IMAD R10, R10, R15, RZ ;                               /* 0x0000000f0a0a7224 */
                                                                                          /* 0x000fc600078e02ff */
        /*5ae0*/                   LOP3.LUT R17, R13, 0xffff, RZ, 0xc0, !PT ;             /* 0x0000ffff0d117812 */
                                                                                          /* 0x000fe400078ec0ff */
        /*5af0*/                   ISETP.NE.U32.AND P0, PT, R10, RZ, PT ;                 /* 0x000000ff0a00720c */
                                                                                          /* 0x000fe40003f05070 */
        /*5b00*/                   IADD3 R12, PT, PT, R17, -0xfe, RZ ;                    /* 0xffffff02110c7810 */
                                                                                          /* 0x000fc80007ffe0ff */
        /*5b10*/                   SEL R12, R12, 0xffffd8f0, P0 ;                         /* 0xffffd8f00c0c7807 */
                                                                                          /* 0x000fe20000000000 */
        /*5b20*/              @!P1 BRA.DIV UR6, 0x66f0 ;                                  /* 0x0000000a06f09947 */
                                                                                          /* 0x002fec000b800000 */
        /*5b30*/                   SHFL.BFLY PT, R13, R12, 0x1, 0x101f ;                  /* 0x0c301f000c0d7f89 */
                                                                                          /* 0x000e2400000e0000 */
        /*5b40*/                   IMNMX R18, R12, R13, !PT ;                             /* 0x0000000d0c127217 */
                                                                                          /* 0x001fca0007ffe200 */
        /*5b50*/                   SHFL.BFLY PT, R13, R18, 0x2, 0x101f ;                  /* 0x0c501f00120d7f89 */
                                                                                          /* 0x000e2400000e0000 */
        /*5b60*/                   IMNMX R20, R18, R13, !PT ;                             /* 0x0000000d12147217 */
                                                                                          /* 0x001fca0007ffe200 */
        /*5b70*/                   SHFL.BFLY PT, R13, R20, 0x4, 0x101f ;                  /* 0x0c901f00140d7f89 */
                                                                                          /* 0x000e2400000e0000 */
        /*5b80*/                   IMNMX R22, R20, R13, !PT ;                             /* 0x0000000d14167217 */
                                                                                          /* 0x001fca0007ffe200 */
        /*5b90*/                   SHFL.BFLY PT, R19, R22, 0x8, 0x101f ;                  /* 0x0d101f0016137f89 */
                                                                                          /* 0x00006400000e0000 */
        /*5ba0*/                   SHF.R.U32.HI R12, RZ, 0x17, R3 ;                       /* 0x00000017ff0c7819 */
                                                                                          /* 0x000fe20000011603 */
        /*5bb0*/                   BSSY.RECONVERGENT B1, 0x5dc0 ;                         /* 0x0000020000017945 */
                                                                                          /* 0x000fe20003800200 */
        /*5bc0*/                   LOP3.LUT R13, R3, 0x7fffff, RZ, 0xc0, !PT ;            /* 0x007fffff030d7812 */
                                                                                          /* 0x000fe200078ec0ff */
        /*5bd0*/                   IMAD.MOV.U32 R25, RZ, RZ, RZ ;                         /* 0x000000ffff197224 */
                                                                                          /* 0x000fe200078e00ff */
        /*5be0*/                   LOP3.LUT P1, RZ, R12.reuse, 0xff, RZ, 0xc0, !PT ;      /* 0x000000ff0cff7812 */
                                                                                          /* 0x040fe2000782c0ff */
        /*5bf0*/                   IMAD.MOV.U32 R27, RZ, RZ, RZ ;                         /* 0x000000ffff1b7224 */
                                                                                          /* 0x000fe200078e00ff */
        /*5c00*/                   LOP3.LUT R15, R12, 0xff, RZ, 0xc0, !PT ;               /* 0x000000ff0c0f7812 */
                                                                                          /* 0x000fe400078ec0ff */
        /*5c10*/                   SEL R12, RZ, 0x800000, !P1 ;                           /* 0x00800000ff0c7807 */
                                                                                          /* 0x000fe40004800000 */
        /*5c20*/                   IMNMX.U32 R15, R15, 0x1, !PT ;                         /* 0x000000010f0f7817 */
                                                                                          /* 0x000fc40007ffe000 */
        /*5c30*/                   LOP3.LUT P1, R13, R12, RZ, R13, 0xfa, !PT ;            /* 0x000000ff0c0d7212 */
                                                                                          /* 0x000fe4000782fa0d */
        /*5c40*/                   IADD3 R12, PT, PT, R15, -0x7f, RZ ;                    /* 0xffffff810f0c7810 */
                                                                                          /* 0x000fe40007ffe0ff */
        /*5c50*/                   IMNMX R19, R22, R19, !PT ;                             /* 0x0000001316137217 */
                                                                                          /* 0x002fe40007ffe200 */
        /*5c60*/                   SEL R12, R12, 0xffffd8f0, P1 ;                         /* 0xffffd8f00c0c7807 */
                                                                                          /* 0x000fc80000800000 */
        /*5c70*/                   IMNMX R12, R19, R12, !PT ;                             /* 0x0000000c130c7217 */
                                                                                          /* 0x000fc80007ffe200 */
        /*5c80*/                   ISETP.NE.U32.AND P1, PT, R12.reuse, -0x2710, PT ;      /* 0xffffd8f00c00780c */
                                                                                          /* 0x040fe40003f25070 */
        /*5c90*/                   IADD3 R12, PT, PT, R12, -0x19, RZ ;                    /* 0xffffffe70c0c7810 */
                                                                                          /* 0x000fc80007ffe0ff */
        /*5ca0*/                   SEL R12, R12, RZ, P1 ;                                 /* 0x000000ff0c0c7207 */
                                                                                          /* 0x000fe20000800000 */
        /*5cb0*/              @!P0 BRA 0x5db0 ;                                           /* 0x00000000003c8947 */
                                                                                          /* 0x000fec0003800000 */
        /*5cc0*/                   IADD3 R18, PT, PT, R17, -0x10c, -R12 ;                 /* 0xfffffef411127810 */
                                                                                          /* 0x000fe40007ffe80c */
        /*5cd0*/                   IABS R17, R10 ;                                        /* 0x0000000a00117213 */
                                                                                          /* 0x000fe40000000000 */
        /*5ce0*/                   ISETP.GE.AND P0, PT, R18, RZ, PT ;                     /* 0x000000ff1200720c */
                                                                                          /* 0x000fda0003f06270 */
        /*5cf0*/              @!P0 IMAD.MOV R14, RZ, RZ, -R18 ;                           /* 0x000000ffff0e8224 */
                                                                                          /* 0x000fe200078e0a12 */
        /*5d00*/              @!P0 ISETP.GE.U32.AND P1, PT, R18, -0x3f, PT ;              /* 0xffffffc11200880c */
                                                                                          /* 0x000fe40003f26070 */
        /*5d10*/               @P0 SHF.L.U32 R16, R17.reuse, R18, RZ ;                    /* 0x0000001211100219 */
                                                                                          /* 0x040fe400000006ff */
        /*5d20*/              @!P0 SHF.R.U64 R14, R17.reuse, R14, RZ ;                    /* 0x0000000e110e8219 */
                                                                                          /* 0x040fe400000012ff */
        /*5d30*/               @P0 SHF.L.U64.HI R17, R17, R18, RZ ;                       /* 0x0000001211110219 */
                                                                                          /* 0x000fe200000102ff */
        /*5d40*/              @!P0 IMAD.MOV.U32 R17, RZ, RZ, RZ ;                         /* 0x000000ffff118224 */
                                                                                          /* 0x000fe200078e00ff */
        /*5d50*/              @!P0 SEL R16, R14, RZ, P1 ;                                 /* 0x000000ff0e108207 */
                                                                                          /* 0x000fe40000800000 */
        /*5d60*/                   ISETP.GE.AND P0, PT, R10, RZ, PT ;                     /* 0x000000ff0a00720c */
                                                                                          /* 0x000fc40003f06270 */
        /*5d70*/                   IADD3 R25, P1, PT, RZ, -R16, RZ ;                      /* 0x80000010ff197210 */
                                                                                          /* 0x000fc80007f3e0ff */
        /*5d80*/                   SEL R25, R25, R16, !P0 ;                               /* 0x0000001019197207 */
                                                                                          /* 0x000fe20004000000 */
        /*5d90*/                   IMAD.X R10, RZ, RZ, ~R17, P1 ;                         /* 0x000000ffff0a7224 */
                                                                                          /* 0x000fca00008e0e11 */
        /*5da0*/                   SEL R27, R10, R17, !P0 ;                               /* 0x000000110a1b7207 */
                                                                                          /* 0x000fce0004000000 */
        /*5db0*/                   BSYNC.RECONVERGENT B1 ;                                /* 0x0000000000017941 */
                                                                                          /* 0x000fea0003800200 */
        /*5dc0*/                   MATCH.ANY R14, R5 ;                                    /* 0x00000000050e73a1 */
                                                                                          /* 0x000e7000000e8000 */
        /*5dd0*/                   REDUX.OR UR6, R5 ;                                     /* 0x00000000050673c4 */
                                                                                          /* 0x000ea20000004000 */
        /*5de0*/                   VOTEU.ANY UR7, UPT, PT ;                               /* 0x0000000000077886 */
                                                                                          /* 0x000fe200038e0100 */
        /*5df0*/                   IADD3 R10, P2, PT, RZ, -R13, RZ ;                      /* 0x8000000dff0a7210 */
                                                                                          /* 0x000fc40007f5e0ff */
        /*5e00*/                   ISETP.GE.AND P0, PT, R3, RZ, PT ;                      /* 0x000000ff0300720c */
                                                                                          /* 0x000fe40003f06270 */
        /*5e10*/                   ISETP.GE.U32.AND P1, PT, R6.reuse, 0x3f0, PT ;         /* 0x000003f00600780c */
                                                                                          /* 0x040fe20003f26070 */
        /*5e20*/                   IMAD.X R3, RZ, RZ, -0x1, P2 ;                          /* 0xffffffffff037424 */
                                                                                          /* 0x000fe200010e06ff */
        /*5e30*/                   IADD3 R6, PT, PT, R6, 0x10, RZ ;                       /* 0x0000001006067810 */
                                                                                          /* 0x000fe40007ffe0ff */
        /*5e40*/                   SEL R18, R10, R13, !P0 ;                               /* 0x0000000d0a127207 */
                                                                                          /* 0x000fe40004000000 */
        /*5e50*/                   SEL R3, R3, RZ, !P0 ;                                  /* 0x000000ff03037207 */
                                                                                          /* 0x000fe40004000000 */
        /*5e60*/                   LOP3.LUT P3, RZ, R5, UR7, R14, 0x40, !PT ;             /* 0x0000000705ff7c12 */
                                                                                          /* 0x002fda000f86400e */
        /*5e70*/              @!P3 BRA.DIV UR6, 0x6970 ;                                  /* 0x0000000a06bcb947 */
                                                                                          /* 0x004fea000b800000 */
        /*5e80*/                   SHFL.BFLY PT, R14, R25, 0x1, 0x101f ;                  /* 0x0c301f00190e7f89 */
                                                                                          /* 0x000e6800000e0000 */
        /*5e90*/                   SHFL.BFLY PT, R10, R27, 0x1, 0x101f ;                  /* 0x0c301f001b0a7f89 */
                                                                                          /* 0x000ea200000e0000 */
        /*5ea0*/                   IADD3 R21, P0, PT, R14, R25, RZ ;                      /* 0x000000190e157210 */
                                                                                          /* 0x002fca0007f1e0ff */
        /*5eb0*/                   IMAD.X R23, R10, 0x1, R27, P0 ;                        /* 0x000000010a177824 */
                                                                                          /* 0x004fe200000e061b */
        /*5ec0*/                   SHFL.BFLY PT, R14, R21, 0x2, 0x101f ;                  /* 0x0c501f00150e7f89 */
                                                                                          /* 0x000e6800000e0000 */
        /*5ed0*/                   SHFL.BFLY PT, R10, R23, 0x2, 0x101f ;                  /* 0x0c501f00170a7f89 */
                                                                                          /* 0x000ea200000e0000 */
        /*5ee0*/                   IADD3 R17, P0, PT, R14, R21, RZ ;                      /* 0x000000150e117210 */
                                                                                          /* 0x002fca0007f1e0ff */
        /*5ef0*/                   IMAD.X R19, R10, 0x1, R23, P0 ;                        /* 0x000000010a137824 */
                                                                                          /* 0x004fe200000e0617 */
        /*5f00*/                   SHFL.BFLY PT, R14, R17, 0x4, 0x101f ;                  /* 0x0c901f00110e7f89 */
                                                                                          /* 0x000e6800000e0000 */
        /*5f10*/                   SHFL.BFLY PT, R10, R19, 0x4, 0x101f ;                  /* 0x0c901f00130a7f89 */
                                                                                          /* 0x000e2200000e0000 */
        /*5f20*/                   IADD3 R20, P0, PT, R14, R17, RZ ;                      /* 0x000000110e147210 */
                                                                                          /* 0x002fca0007f1e0ff */
        /*5f30*/                   IMAD.X R22, R10, 0x1, R19, P0 ;                        /* 0x000000010a167824 */
                                                                                          /* 0x001fe200000e0613 */
        /*5f40*/                   SHFL.BFLY PT, R14, R20, 0x8, 0x101f ;                  /* 0x0d101f00140e7f89 */
                                                                                          /* 0x00006800000e0000 */
        /*5f50*/                   SHFL.BFLY PT, R10, R22, 0x8, 0x101f ;                  /* 0x0d101f00160a7f89 */
                                                                                          /* 0x0000a600000e0000 */
        /*5f60*/                   ISETP.NE.U32.AND P0, PT, R18, RZ, PT ;                 /* 0x000000ff1200720c */
                                                                                          /* 0x000fe20003f05070 */
        /*5f70*/                   BSSY.RECONVERGENT B1, 0x60b0 ;                         /* 0x0000013000017945 */
                                                                                          /* 0x000fe20003800200 */
        /*5f80*/                   IMAD.MOV.U32 R17, RZ, RZ, RZ ;                         /* 0x000000ffff117224 */
                                                                                          /* 0x000fe400078e00ff */
        /*5f90*/                   ISETP.NE.U32.AND.EX P0, PT, R3, RZ, PT, P0 ;           /* 0x000000ff0300720c */
                                                                                          /* 0x000fe20003f05100 */
        /*5fa0*/                   IMAD.MOV.U32 R19, RZ, RZ, RZ ;                         /* 0x000000ffff137224 */
                                                                                          /* 0x000fd800078e00ff */
        /*5fb0*/              @!P0 BRA 0x60a0 ;                                           /* 0x0000000000388947 */
                                                                                          /* 0x000fea0003800000 */
        /*5fc0*/                   IADD3 R24, PT, PT, R15, -0x96, -R12 ;                  /* 0xffffff6a0f187810 */
                                                                                          /* 0x000fc80007ffe80c */
        /*5fd0*/                   ISETP.GE.AND P0, PT, R24, RZ, PT ;                     /* 0x000000ff1800720c */
                                                                                          /* 0x000fda0003f06270 */
        /*5fe0*/              @!P0 IMAD.MOV R18, RZ, RZ, -R24 ;                           /* 0x000000ffff128224 */
                                                                                          /* 0x000fe200078e0a18 */
        /*5ff0*/              @!P0 ISETP.GE.U32.AND P2, PT, R24, -0x3f, PT ;              /* 0xffffffc11800880c */
                                                                                          /* 0x000fe40003f46070 */
        /*6000*/               @P0 SHF.L.U32 R16, R13.reuse, R24, RZ ;                    /* 0x000000180d100219 */
                                                                                          /* 0x040fe400000006ff */
        /*6010*/              @!P0 SHF.R.U64 R15, R13.reuse, R18, RZ ;                    /* 0x000000120d0f8219 */
                                                                                          /* 0x040fe400000012ff */
        /*6020*/               @P0 SHF.L.U64.HI R13, R13, R24, RZ ;                       /* 0x000000180d0d0219 */
                                                                                          /* 0x000fe200000102ff */
        /*6030*/              @!P0 IMAD.MOV.U32 R13, RZ, RZ, RZ ;                         /* 0x000000ffff0d8224 */
                                                                                          /* 0x000fe200078e00ff */
        /*6040*/              @!P0 SEL R16, R15, RZ, P2 ;                                 /* 0x000000ff0f108207 */
                                                                                          /* 0x000fe40001000000 */
        /*6050*/                   ISETP.GE.AND P0, PT, R3, RZ, PT ;                      /* 0x000000ff0300720c */
                                                                                          /* 0x000fc40003f06270 */
        /*6060*/                   IADD3 R17, P2, PT, RZ, -R16, RZ ;                      /* 0x80000010ff117210 */
                                                                                          /* 0x000fc80007f5e0ff */
        /*6070*/                   SEL R17, R17, R16, !P0 ;                               /* 0x0000001011117207 */
                                                                                          /* 0x000fe20004000000 */
        /*6080*/                   IMAD.X R18, RZ, RZ, ~R13, P2 ;                         /* 0x000000ffff127224 */
                                                                                          /* 0x000fca00010e0e0d */
        /*6090*/                   SEL R19, R18, R13, !P0 ;                               /* 0x0000000d12137207 */
                                                                                          /* 0x000fce0004000000 */
        /*60a0*/                   BSYNC.RECONVERGENT B1 ;                                /* 0x0000000000017941 */
                                                                                          /* 0x000fea0003800200 */
        /*60b0*/                   IADD3 R17, P0, P2, R17, R14, R20 ;                     /* 0x0000000e11117210 */
                                                                                          /* 0x002fe20007a1e014 */
        /*60c0*/                   BSSY.RECONVERGENT B1, 0x63f0 ;                         /* 0x0000032000017945 */
                                                                                          /* 0x000fe20003800200 */
        /*60d0*/                   IMAD.MOV.U32 R3, RZ, RZ, RZ ;                          /* 0x000000ffff037224 */
                                                                                          /* 0x000fe400078e00ff */
        /*60e0*/                   IADD3.X R22, PT, PT, R19, R10, R22, P0, P2 ;           /* 0x0000000a13167210 */
                                                                                          /* 0x005fe400007e4416 */
        /*60f0*/                   ISETP.NE.U32.AND P0, PT, R17, RZ, PT ;                 /* 0x000000ff1100720c */
                                                                                          /* 0x000fc80003f05070 */
        /*6100*/                   ISETP.NE.U32.AND.EX P0, PT, R22, RZ, PT, P0 ;          /* 0x000000ff1600720c */
                                                                                          /* 0x000fda0003f05100 */
        /*6110*/              @!P0 BRA 0x63e0 ;                                           /* 0x0000000000b08947 */
                                                                                          /* 0x000fea0003800000 */
        /*6120*/                   IADD3 R14, P2, PT, RZ, -R17, RZ ;                      /* 0x80000011ff0e7210 */
                                                                                          /* 0x000fe40007f5e0ff */
        /*6130*/                   ISETP.LT.AND P0, PT, R22, RZ, PT ;                     /* 0x000000ff1600720c */
                                                                                          /* 0x000fc60003f01270 */
        /*6140*/                   IMAD.X R15, RZ, RZ, ~R22, P2 ;                         /* 0x000000ffff0f7224 */
                                                                                          /* 0x000fe200010e0e16 */
        /*6150*/                   SEL R14, R14, R17, P0 ;                                /* 0x000000110e0e7207 */
                                                                                          /* 0x000fc80000000000 */
        /*6160*/                   SEL R15, R15, R22, P0 ;                                /* 0x000000160f0f7207 */
                                                                                          /* 0x000fe40000000000 */
        /*6170*/                   LOP3.LUT R22, R22, 0x80000000, RZ, 0xc0, !PT ;         /* 0x8000000016167812 */
                                                                                          /* 0x000fe400078ec0ff */
        /*6180*/                   ISETP.NE.U32.AND P0, PT, R15, RZ, PT ;                 /* 0x000000ff0f00720c */
                                                                                          /* 0x000fc80003f05070 */
        /*6190*/                   SEL R10, R14, R15, !P0 ;                               /* 0x0000000f0e0a7207 */
                                                                                          /* 0x000fcc0004000000 */
        /*61a0*/                   FLO.U32 R10, R10 ;                                     /* 0x0000000a000a7300 */
                                                                                          /* 0x000e2400000e0000 */
        /*61b0*/                   IADD3 R3, PT, PT, -R10.reuse, 0x1f, RZ ;               /* 0x0000001f0a037810 */
                                                                                          /* 0x041fe40007ffe1ff */
        /*61c0*/                   IADD3 R13, PT, PT, -R10, 0x3f, RZ ;                    /* 0x0000003f0a0d7810 */
                                                                                          /* 0x000fc60007ffe1ff */
        /*61d0*/               @P0 IMAD.MOV R13, RZ, RZ, R3 ;                             /* 0x000000ffff0d0224 */
                                                                                          /* 0x000fc800078e0203 */
        /*61e0*/                   IMAD.IADD R16, R12, 0x1, -R13 ;                        /* 0x000000010c107824 */
                                                                                          /* 0x000fca00078e0a0d */
        /*61f0*/                   IADD3 R17, PT, PT, R16, 0x40, RZ ;                     /* 0x0000004010117810 */
                                                                                          /* 0x000fc80007ffe0ff */
        /*6200*/                   ISETP.GE.AND P0, PT, R17, 0x81, PT ;                   /* 0x000000811100780c */
                                                                                          /* 0x000fda0003f06270 */
        /*6210*/               @P0 LOP3.LUT R3, R22, 0x7f800000, RZ, 0xfc, !PT ;          /* 0x7f80000016030812 */
                                                                                          /* 0x000fe200078efcff */
        /*6220*/               @P0 BRA 0x63e0 ;                                           /* 0x00000000006c0947 */
                                                                                          /* 0x000fec0003800000 */
        /*6230*/                   ISETP.GT.AND P0, PT, R17, -0x7e, PT ;                  /* 0xffffff821100780c */
                                                                                          /* 0x000fda0003f04270 */
        /*6240*/               @P0 BRA 0x6340 ;                                           /* 0x00000000003c0947 */
                                                                                          /* 0x000fea0003800000 */
        /*6250*/                   ISETP.GE.AND P0, PT, R12, -0x95, PT ;                  /* 0xffffff6b0c00780c */
                                                                                          /* 0x000fda0003f06270 */
        /*6260*/              @!P0 IADD3 R10, PT, PT, -R12.reuse, -0x95, RZ ;             /* 0xffffff6b0c0a8810 */
                                                                                          /* 0x040fe40007ffe1ff */
        /*6270*/               @P0 IADD3 R3, PT, PT, R12.reuse, 0x95, RZ ;                /* 0x000000950c030810 */
                                                                                          /* 0x040fe40007ffe0ff */
        /*6280*/              @!P0 ISETP.GE.U32.AND P2, PT, R12, -0xd4, PT ;              /* 0xffffff2c0c00880c */
                                                                                          /* 0x000fe40003f46070 */
        /*6290*/              @!P0 SHF.R.U64 R13, R14.reuse, R10.reuse, R15.reuse ;       /* 0x0000000a0e0d8219 */
                                                                                          /* 0x1c0fe4000000120f */
        /*62a0*/               @P0 SHF.L.U32 R12, R14, R3, RZ ;                           /* 0x000000030e0c0219 */
                                                                                          /* 0x000fe400000006ff */
        /*62b0*/              @!P0 SHF.R.U32.HI R10, RZ, R10, R15 ;                       /* 0x0000000aff0a8219 */
                                                                                          /* 0x000fc4000001160f */
        /*62c0*/              @!P0 SEL R12, R13, RZ, P2 ;                                 /* 0x000000ff0d0c8207 */
                                                                                          /* 0x000fe40001000000 */
        /*62d0*/               @P0 SHF.L.U64.HI R3, R14, R3, R15 ;                        /* 0x000000030e030219 */
                                                                                          /* 0x000fe4000001020f */
        /*62e0*/              @!P0 SEL R3, R10, RZ, P2 ;                                  /* 0x000000ff0a038207 */
                                                                                          /* 0x000fe40001000000 */
        /*62f0*/                   ISETP.NE.U32.AND P0, PT, R12, RZ, PT ;                 /* 0x000000ff0c00720c */
                                                                                          /* 0x000fc80003f05070 */
        /*6300*/                   ISETP.NE.U32.AND.EX P0, PT, R3, RZ, PT, P0 ;           /* 0x000000ff0300720c */
                                                                                          /* 0x000fe40003f05100 */
        /*6310*/                   LOP3.LUT R3, R22, R12, RZ, 0xfc, !PT ;                 /* 0x0000000c16037212 */
                                                                                          /* 0x000fc800078efcff */
        /*6320*/                   SEL R3, R3, RZ, P0 ;                                   /* 0x000000ff03037207 */
                                                                                          /* 0x000fe20000000000 */
        /*6330*/                   BRA 0x63e0 ;                                           /* 0x0000000000287947 */
                                                                                          /* 0x000fec0003800000 */
        /*6340*/                   ISETP.GE.U32.AND P0, PT, R14, 0x800000, PT ;           /* 0x008000000e00780c */
                                                                                          /* 0x000fc80003f06070 */
        /*6350*/                   ISETP.GE.U32.AND.EX P0, PT, R15, RZ, PT, P0 ;          /* 0x000000ff0f00720c */
                                                                                          /* 0x000fda0003f06100 */
        /*6360*/               @P0 IADD3 R3, PT, PT, -R13.reuse, 0x28, RZ ;               /* 0x000000280d030810 */
                                                                                          /* 0x040fe40007ffe1ff */
        /*6370*/              @!P0 IADD3 R13, PT, PT, R13, -0x28, RZ ;                    /* 0xffffffd80d0d8810 */
                                                                                          /* 0x000fe40007ffe0ff */
        /*6380*/               @P0 SHF.R.U64 R3, R14.reuse, R3, R15 ;                     /* 0x000000030e030219 */
                                                                                          /* 0x040fe4000000120f */
        /*6390*/              @!P0 SHF.L.U32 R3, R14, R13, RZ ;                           /* 0x0000000d0e038219 */
                                                                                          /* 0x000fc800000006ff */
        /*63a0*/                   LOP3.LUT R3, R3, 0x7fffff, RZ, 0xc0, !PT ;             /* 0x007fffff03037812 */
                                                                                          /* 0x000fca00078ec0ff */
        /*63b0*/                   IMAD R3, R16, 0x800000, R3 ;                           /* 0x0080000010037824 */
                                                                                          /* 0x000fca00078e0203 */
        /*63c0*/                   IADD3 R3, PT, PT, R3, 0x5f000000, RZ ;                 /* 0x5f00000003037810 */
                                                                                          /* 0x000fc80007ffe0ff */
        /*63d0*/                   LOP3.LUT R3, R3, R22, RZ, 0xfc, !PT ;                  /* 0x0000001603037212 */
                                                                                          /* 0x000fce00078efcff */
        /*63e0*/                   BSYNC.RECONVERGENT B1 ;                                /* 0x0000000000017941 */
                                                                                          /* 0x000fea0003800200 */
        /*63f0*/                   IADD3 R4, P0, PT, R4, 0x20, RZ ;                       /* 0x0000002004047810 */
                                                                                          /* 0x000fe40007f1e0ff */
        /*6400*/                   IADD3 R0, P2, PT, R0, 0x20, RZ ;                       /* 0x0000002000007810 */
                                                                                          /* 0x000fc60007f5e0ff */
        /*6410*/                   IMAD.X R11, RZ, RZ, R11, P0 ;                          /* 0x000000ffff0b7224 */
                                                                                          /* 0x000fe400000e060b */
        /*6420*/                   IMAD.X R7, RZ, RZ, R7, P2 ;                            /* 0x000000ffff077224 */
                                                                                          /* 0x000fe200010e0607 */
        /*6430*/              @!P1 BRA 0x58f0 ;                                           /* 0xfffffff4002c9947 */
                                                                                          /* 0x000fee000383ffff */
        /*6440*/                   BSYNC B0 ;                                             /* 0x0000000000007941 */
                                                                                          /* 0x000fea0003800000 */
        /*6450*/                   ISETP.NE.U32.AND P0, PT, R2, RZ, PT ;                  /* 0x000000ff0200720c */
                                                                                          /* 0x000fda0003f05070 */
        /*6460*/               @P0 EXIT ;                                                 /* 0x000000000000094d */
                                                                                          /* 0x000fea0003800000 */
        /*6470*/                   LDCU.64 UR6, c[0x0][0x3b8] ;                           /* 0x00007700ff0677ac */
                                                                                          /* 0x000e220008000a00 */
        /*6480*/                   IMAD.MOV.U32 R0, RZ, RZ, 0x1 ;                         /* 0x00000001ff007424 */
                                                                                          /* 0x000fe200078e00ff */
        /*6490*/                   LDCU.64 UR8, c[0x0][0x3c0] ;                           /* 0x00007800ff0877ac */
                                                                                          /* 0x000e620008000a00 */
        /*64a0*/                   LEA R4, P0, R8.reuse, UR6, 0x2 ;                       /* 0x0000000608047c11 */
                                                                                          /* 0x041fe4000f8010ff */
        /*64b0*/                   IADD3 R6, P1, PT, R8.reuse, UR8, RZ ;                  /* 0x0000000808067c10 */
                                                                                          /* 0x042fe4000ff3e0ff */
        /*64c0*/                   LEA.HI.X R5, R8, UR7, R9, 0x2, P0 ;                    /* 0x0000000708057c11 */
                                                                                          /* 0x000fe400080f1409 */
        /*64d0*/                   IADD3.X R7, PT, PT, R9, UR9, RZ, P1, !PT ;             /* 0x0000000909077c10 */
                                                                                          /* 0x000fc60008ffe4ff */
        /*64e0*/                   STG.E desc[UR4][R4.64], R3 ;                           /* 0x0000000304007986 */
                                                                                          /* 0x000fe8000c101904 */
        /*64f0*/                   STG.E.U8 desc[UR4][R6.64], R0 ;                        /* 0x0000000006007986 */
                                                                                          /* 0x000fe2000c101104 */
        /*6500*/                   EXIT ;                                                 /* 0x000000000000794d */
                                                                                          /* 0x000fea0003800000 */
        /*6510*/                   ISETP.NE.U32.AND P0, PT, R2, RZ, PT ;                  /* 0x000000ff0200720c */
                                                                                          /* 0x000fda0003f05070 */
        /*6520*/               @P0 EXIT ;                                                 /* 0x000000000000094d */
                                                                                          /* 0x000fea0003800000 */
        /*6530*/                   LDCU.64 UR6, c[0x0][0x3b8] ;                           /* 0x00007700ff0677ac */
                                                                                          /* 0x000e220008000a00 */
        /*6540*/                   LDCU.64 UR8, c[0x0][0x3c0] ;                           /* 0x00007800ff0877ac */
                                                                                          /* 0x000ea20008000a00 */
        /*6550*/                   LEA R2, P0, R8.reuse, UR6, 0x2 ;                       /* 0x0000000608027c11 */
                                                                                          /* 0x041fe4000f8010ff */
        /*6560*/                   IADD3 R4, P1, PT, R8.reuse, UR8, RZ ;                  /* 0x0000000808047c10 */
                                                                                          /* 0x044fe4000ff3e0ff */
        /*6570*/                   LEA.HI.X R3, R8, UR7, R9, 0x2, P0 ;                    /* 0x0000000708037c11 */
                                                                                          /* 0x000fe400080f1409 */
        /*6580*/                   IADD3.X R5, PT, PT, R9, UR9, RZ, P1, !PT ;             /* 0x0000000909057c10 */
                                                                                          /* 0x000fc60008ffe4ff */
        /*6590*/                   STG.E desc[UR4][R2.64], R31 ;                          /* 0x0000001f02007986 */
                                                                                          /* 0x000fe8000c101904 */
        /*65a0*/                   STG.E.U8 desc[UR4][R4.64], RZ ;                        /* 0x000000ff04007986 */
                                                                                          /* 0x000fe2000c101104 */
        /*65b0*/                   EXIT ;                                                 /* 0x000000000000794d */
                                                                                          /* 0x000fea0003800000 */
        /*65c0*/                   BSSY B0, 0x6640 ;                                      /* 0x0000007000007945 */
                                                                                          /* 0x000fe20003800000 */
        /*65d0*/                   IMAD.MOV.U32 R12, RZ, RZ, R10 ;                        /* 0x000000ffff0c7224 */
                                                                                          /* 0x000fe400078e000a */
        /*65e0*/                   IMAD.MOV.U32 R11, RZ, RZ, RZ ;                         /* 0x000000ffff0b7224 */
                                                                                          /* 0x000fe400078e00ff */
        /*65f0*/                   IMAD.MOV.U32 R14, RZ, RZ, 0x101f ;                     /* 0x0000101fff0e7424 */
                                                                                          /* 0x000fce00078e00ff */
        /*6600*/                   WARPSYNC.COLLECTIVE R5, 0x6630 ;                       /* 0x0000000005087348 */
                                                                                          /* 0x002fea0003c00000 */
        /*6610*/                   SHFL.IDX P0, R11, R12, R11, R14 ;                      /* 0x0000000b0c0b7389 */
                                                                                          /* 0x0000a4000000000e */
        /*6620*/                   ENDCOLLECTIVE ;                                        /* 0x000000000000791b */
                                                                                          /* 0x007fea0003800000 */
        /*6630*/                   BSYNC B0 ;                                             /* 0x0000000000007941 */
                                                                                          /* 0x000fea0003800000 */
        /*6640*/                   BSSY B0, 0x66d0 ;                                      /* 0x0000008000007945 */
                                                                                          /* 0x000fe20003800000 */
        /*6650*/                   IMAD.MOV.U32 R10, RZ, RZ, R11 ;                        /* 0x000000ffff0a7224 */
                                                                                          /* 0x000fe400078e000b */
        /*6660*/                   IMAD.MOV.U32 R12, RZ, RZ, R30 ;                        /* 0x000000ffff0c7224 */
                                                                                          /* 0x000fe400078e001e */
        /*6670*/                   IMAD.MOV.U32 R11, RZ, RZ, RZ ;                         /* 0x000000ffff0b7224 */
                                                                                          /* 0x000fe400078e00ff */
        /*6680*/                   IMAD.MOV.U32 R14, RZ, RZ, 0x101f ;                     /* 0x0000101fff0e7424 */
                                                                                          /* 0x000fce00078e00ff */
        /*6690*/                   WARPSYNC.COLLECTIVE R5, 0x66c0 ;                       /* 0x0000000005087348 */
                                                                                          /* 0x000fea0003c00000 */
        /*66a0*/                   SHFL.IDX P0, R11, R12, R11, R14 ;                      /* 0x0000000b0c0b7389 */
                                                                                          /* 0x000064000000000e */
        /*66b0*/                   ENDCOLLECTIVE ;                                        /* 0x000000000000791b */
                                                                                          /* 0x003fea0003800000 */
        /*66c0*/                   BSYNC B0 ;                                             /* 0x0000000000007941 */
                                                                                          /* 0x000fea0003800000 */
        /*66d0*/                   IMAD.MOV.U32 R30, RZ, RZ, R11 ;                        /* 0x000000ffff1e7224 */
                                                                                          /* 0x000fe200078e000b */
        /*66e0*/                   BRA 0x5660 ;                                           /* 0xffffffec00dc7947 */
                                                                                          /* 0x000fec000383ffff */
        /*66f0*/                   BSSY B1, 0x6770 ;                                      /* 0x0000007000017945 */
                                                                                          /* 0x000fe20003800000 */
        /*6700*/                   IMAD.MOV.U32 R29, RZ, RZ, R12 ;                        /* 0x000000ffff1d7224 */
                                                                                          /* 0x000fe400078e000c */
        /*6710*/                   IMAD.MOV.U32 R14, RZ, RZ, 0x1 ;                        /* 0x00000001ff0e7424 */
                                                                                          /* 0x000fe400078e00ff */
        /*6720*/                   IMAD.MOV.U32 R16, RZ, RZ, 0x101f ;                     /* 0x0000101fff107424 */
                                                                                          /* 0x000fce00078e00ff */
        /*6730*/                   WARPSYNC.COLLECTIVE R5, 0x6760 ;                       /* 0x0000000005087348 */
                                                                                          /* 0x000fea0003c00000 */
        /*6740*/                   SHFL.BFLY P2, R14, R29, R14, R16 ;                     /* 0x0c00000e1d0e7389 */
                                                                                          /* 0x0000640000040010 */
        /*6750*/                   ENDCOLLECTIVE ;                                        /* 0x000000000000791b */
                                                                                          /* 0x003fea0003800000 */
        /*6760*/                   BSYNC B1 ;                                             /* 0x0000000000017941 */
                                                                                          /* 0x000fea0003800000 */
        /*6770*/                   IMAD.MOV.U32 R13, RZ, RZ, R14 ;                        /* 0x000000ffff0d7224 */
                                                                                          /* 0x000fe200078e000e */
        /*6780*/                   BSSY B1, 0x6810 ;                                      /* 0x0000008000017945 */
                                                                                          /* 0x000fe20003800000 */
        /*6790*/                   IMAD.MOV.U32 R14, RZ, RZ, 0x2 ;                        /* 0x00000002ff0e7424 */
                                                                                          /* 0x000fe400078e00ff */
        /*67a0*/                   IMAD.MOV.U32 R16, RZ, RZ, 0x101f ;                     /* 0x0000101fff107424 */
                                                                                          /* 0x000fe200078e00ff */
        /*67b0*/                   IMNMX R18, R12, R13, !PT ;                             /* 0x0000000d0c127217 */
                                                                                          /* 0x000fca0007ffe200 */
        /*67c0*/                   IMAD.MOV.U32 R29, RZ, RZ, R18 ;                        /* 0x000000ffff1d7224 */
                                                                                          /* 0x000fce00078e0012 */
        /*67d0*/                   WARPSYNC.COLLECTIVE R5, 0x6800 ;                       /* 0x0000000005087348 */
                                                                                          /* 0x000fea0003c00000 */
        /*67e0*/                   SHFL.BFLY P2, R14, R29, R14, R16 ;                     /* 0x0c00000e1d0e7389 */
                                                                                          /* 0x0000640000040010 */
        /*67f0*/                   ENDCOLLECTIVE ;                                        /* 0x000000000000791b */
                                                                                          /* 0x003fea0003800000 */
        /*6800*/                   BSYNC B1 ;                                             /* 0x0000000000017941 */
                                                                                          /* 0x000fea0003800000 */
        /*6810*/                   IMAD.MOV.U32 R13, RZ, RZ, R14 ;                        /* 0x000000ffff0d7224 */
                                                                                          /* 0x000fe200078e000e */
        /*6820*/                   BSSY B1, 0x68b0 ;                                      /* 0x0000008000017945 */
                                                                                          /* 0x000fe20003800000 */
        /*6830*/                   IMAD.MOV.U32 R14, RZ, RZ, 0x4 ;                        /* 0x00000004ff0e7424 */
                                                                                          /* 0x000fe400078e00ff */
        /*6840*/                   IMAD.MOV.U32 R16, RZ, RZ, 0x101f ;                     /* 0x0000101fff107424 */
                                                                                          /* 0x000fe200078e00ff */
        /*6850*/                   IMNMX R20, R18, R13, !PT ;                             /* 0x0000000d12147217 */
                                                                                          /* 0x000fca0007ffe200 */
        /*6860*/                   IMAD.MOV.U32 R29, RZ, RZ, R20 ;                        /* 0x000000ffff1d7224 */
                                                                                          /* 0x000fce00078e0014 */
        /*6870*/                   WARPSYNC.COLLECTIVE R5, 0x68a0 ;                       /* 0x0000000005087348 */
                                                                                          /* 0x000fea0003c00000 */
        /*6880*/                   SHFL.BFLY P2, R14, R29, R14, R16 ;                     /* 0x0c00000e1d0e7389 */
                                                                                          /* 0x0000640000040010 */
        /*6890*/                   ENDCOLLECTIVE ;                                        /* 0x000000000000791b */
                                                                                          /* 0x003fea0003800000 */
        /*68a0*/                   BSYNC B1 ;                                             /* 0x0000000000017941 */
                                                                                          /* 0x000fea0003800000 */
        /*68b0*/                   IMAD.MOV.U32 R13, RZ, RZ, R14 ;                        /* 0x000000ffff0d7224 */
                                                                                          /* 0x000fe200078e000e */
        /*68c0*/                   BSSY B1, 0x6950 ;                                      /* 0x0000008000017945 */
                                                                                          /* 0x000fe20003800000 */
        /*68d0*/                   IMAD.MOV.U32 R14, RZ, RZ, 0x8 ;                        /* 0x00000008ff0e7424 */
                                                                                          /* 0x000fe400078e00ff */
        /*68e0*/                   IMAD.MOV.U32 R16, RZ, RZ, 0x101f ;                     /* 0x0000101fff107424 */
                                                                                          /* 0x000fe200078e00ff */
        /*68f0*/                   IMNMX R22, R20, R13, !PT ;                             /* 0x0000000d14167217 */
                                                                                          /* 0x000fca0007ffe200 */
        /*6900*/                   IMAD.MOV.U32 R29, RZ, RZ, R22 ;                        /* 0x000000ffff1d7224 */
                                                                                          /* 0x000fce00078e0016 */
        /*6910*/                   WARPSYNC.COLLECTIVE R5, 0x6940 ;                       /* 0x0000000005087348 */
                                                                                          /* 0x000fea0003c00000 */
        /*6920*/                   SHFL.BFLY P2, R14, R29, R14, R16 ;                     /* 0x0c00000e1d0e7389 */
                                                                                          /* 0x0000640000040010 */
        /*6930*/                   ENDCOLLECTIVE ;                                        /* 0x000000000000791b */
                                                                                          /* 0x003fea0003800000 */
        /*6940*/                   BSYNC B1 ;                                             /* 0x0000000000017941 */
                                                                                          /* 0x000fea0003800000 */
        /*6950*/                   IMAD.MOV.U32 R19, RZ, RZ, R14 ;                        /* 0x000000ffff137224 */
                                                                                          /* 0x000fe200078e000e */
        /*6960*/                   BRA 0x5ba0 ;                                           /* 0xfffffff0008c7947 */
                                                                                          /* 0x000fec000383ffff */
        /*6970*/                   BSSY B1, 0x69f0 ;                                      /* 0x0000007000017945 */
                                                                                          /* 0x000fe20003800000 */
        /*6980*/                   IMAD.MOV.U32 R29, RZ, RZ, R27 ;                        /* 0x000000ffff1d7224 */
                                                                                          /* 0x000fe400078e001b */
        /*6990*/                   IMAD.MOV.U32 R14, RZ, RZ, 0x1 ;                        /* 0x00000001ff0e7424 */
                                                                                          /* 0x000fe400078e00ff */
        /*69a0*/                   IMAD.MOV.U32 R16, RZ, RZ, 0x101f ;                     /* 0x0000101fff107424 */
                                                                                          /* 0x000fce00078e00ff */
        /*69b0*/                   WARPSYNC.COLLECTIVE R5, 0x69e0 ;                       /* 0x0000000005087348 */
                                                                                          /* 0x001fea0003c00000 */
        /*69c0*/                   SHFL.BFLY P2, R14, R29, R14, R16 ;                     /* 0x0c00000e1d0e7389 */
                                                                                          /* 0x0002a40000040010 */
        /*69d0*/                   ENDCOLLECTIVE ;                                        /* 0x000000000000791b */
                                                                                          /* 0x007fea0003800000 */
        /*69e0*/                   BSYNC B1 ;                                             /* 0x0000000000017941 */
                                                                                          /* 0x000fea0003800000 */
        /*69f0*/                   BSSY B1, 0x6a80 ;                                      /* 0x0000008000017945 */
                                                                                          /* 0x000fe20003800000 */
        /*6a00*/                   IMAD.MOV.U32 R10, RZ, RZ, R14 ;                        /* 0x000000ffff0a7224 */
                                                                                          /* 0x000fe400078e000e */
        /*6a10*/                   IMAD.MOV.U32 R29, RZ, RZ, R25 ;                        /* 0x000000ffff1d7224 */
                                                                                          /* 0x000fe400078e0019 */
        /*6a20*/                   IMAD.MOV.U32 R14, RZ, RZ, 0x1 ;                        /* 0x00000001ff0e7424 */
                                                                                          /* 0x000fe400078e00ff */
        /*6a30*/                   IMAD.MOV.U32 R16, RZ, RZ, 0x101f ;                     /* 0x0000101fff107424 */
                                                                                          /* 0x000fce00078e00ff */
        /*6a40*/                   WARPSYNC.COLLECTIVE R5, 0x6a70 ;                       /* 0x0000000005087348 */
                                                                                          /* 0x000fea0003c00000 */
        /*6a50*/                   SHFL.BFLY P2, R14, R29, R14, R16 ;                     /* 0x0c00000e1d0e7389 */
                                                                                          /* 0x0000640000040010 */
        /*6a60*/                   ENDCOLLECTIVE ;                                        /* 0x000000000000791b */
                                                                                          /* 0x003fea0003800000 */
        /*6a70*/                   BSYNC B1 ;                                             /* 0x0000000000017941 */
                                                                                          /* 0x000fea0003800000 */
        /*6a80*/                   IADD3 R21, P0, PT, R14, R25, RZ ;                      /* 0x000000190e157210 */
                                                                                          /* 0x000fe20007f1e0ff */
        /*6a90*/                   BSSY B1, 0x6b20 ;                                      /* 0x0000008000017945 */
                                                                                          /* 0x000fe20003800000 */
        /*6aa0*/                   IMAD.MOV.U32 R14, RZ, RZ, 0x2 ;                        /* 0x00000002ff0e7424 */
                                                                                          /* 0x000fe400078e00ff */
        /*6ab0*/                   IMAD.MOV.U32 R16, RZ, RZ, 0x101f ;                     /* 0x0000101fff107424 */
                                                                                          /* 0x000fe400078e00ff */
        /*6ac0*/                   IMAD.X R23, R10, 0x1, R27, P0 ;                        /* 0x000000010a177824 */
                                                                                          /* 0x000fc800000e061b */
        /*6ad0*/                   IMAD.MOV.U32 R29, RZ, RZ, R23 ;                        /* 0x000000ffff1d7224 */
                                                                                          /* 0x000fce00078e0017 */
        /*6ae0*/                   WARPSYNC.COLLECTIVE R5, 0x6b10 ;                       /* 0x0000000005087348 */
                                                                                          /* 0x000fea0003c00000 */
        /*6af0*/                   SHFL.BFLY P2, R14, R29, R14, R16 ;                     /* 0x0c00000e1d0e7389 */
                                                                                          /* 0x0000640000040010 */
        /*6b00*/                   ENDCOLLECTIVE ;                                        /* 0x000000000000791b */
                                                                                          /* 0x003fea0003800000 */
        /*6b10*/                   BSYNC B1 ;                                             /* 0x0000000000017941 */
                                                                                          /* 0x000fea0003800000 */
        /*6b20*/                   BSSY B1, 0x6bb0 ;                                      /* 0x0000008000017945 */
                                                                                          /* 0x000fe20003800000 */
        /*6b30*/                   IMAD.MOV.U32 R10, RZ, RZ, R14 ;                        /* 0x000000ffff0a7224 */
                                                                                          /* 0x000fe400078e000e */
        /*6b40*/                   IMAD.MOV.U32 R29, RZ, RZ, R21 ;                        /* 0x000000ffff1d7224 */
                                                                                          /* 0x000fe400078e0015 */
        /*6b50*/                   IMAD.MOV.U32 R14, RZ, RZ, 0x2 ;                        /* 0x00000002ff0e7424 */
                                                                                          /* 0x000fe400078e00ff */
        /*6b60*/                   IMAD.MOV.U32 R16, RZ, RZ, 0x101f ;                     /* 0x0000101fff107424 */
                                                                                          /* 0x000fce00078e00ff */
        /*6b70*/                   WARPSYNC.COLLECTIVE R5, 0x6ba0 ;                       /* 0x0000000005087348 */
                                                                                          /* 0x000fea0003c00000 */
        /*6b80*/                   SHFL.BFLY P2, R14, R29, R14, R16 ;                     /* 0x0c00000e1d0e7389 */
                                                                                          /* 0x0000640000040010 */
        /*6b90*/                   ENDCOLLECTIVE ;                                        /* 0x000000000000791b */
                                                                                          /* 0x003fea0003800000 */
        /*6ba0*/                   BSYNC B1 ;                                             /* 0x0000000000017941 */
                                                                                          /* 0x000fea0003800000 */
        /*6bb0*/                   IADD3 R17, P0, PT, R14, R21, RZ ;                      /* 0x000000150e117210 */
                                                                                          /* 0x000fe20007f1e0ff */
        /*6bc0*/                   BSSY B1, 0x6c50 ;                                      /* 0x0000008000017945 */
                                                                                          /* 0x000fe20003800000 */
        /*6bd0*/                   IMAD.MOV.U32 R14, RZ, RZ, 0x4 ;                        /* 0x00000004ff0e7424 */
                                                                                          /* 0x000fe400078e00ff */
        /*6be0*/                   IMAD.MOV.U32 R16, RZ, RZ, 0x101f ;                     /* 0x0000101fff107424 */
                                                                                          /* 0x000fe400078e00ff */
        /*6bf0*/                   IMAD.X R19, R10, 0x1, R23, P0 ;                        /* 0x000000010a137824 */
                                                                                          /* 0x000fc800000e0617 */
        /*6c00*/                   IMAD.MOV.U32 R29, RZ, RZ, R19 ;                        /* 0x000000ffff1d7224 */
                                                                                          /* 0x000fce00078e0013 */
        /*6c10*/                   WARPSYNC.COLLECTIVE R5, 0x6c40 ;                       /* 0x0000000005087348 */
                                                                                          /* 0x000fea0003c00000 */
        /*6c20*/                   SHFL.BFLY P2, R14, R29, R14, R16 ;                     /* 0x0c00000e1d0e7389 */
                                                                                          /* 0x0000640000040010 */
        /*6c30*/                   ENDCOLLECTIVE ;                                        /* 0x000000000000791b */
                                                                                          /* 0x003fea0003800000 */
        /*6c40*/                   BSYNC B1 ;                                             /* 0x0000000000017941 */
                                                                                          /* 0x000fea0003800000 */
        /*6c50*/                   BSSY B1, 0x6ce0 ;                                      /* 0x0000008000017945 */
                                                                                          /* 0x000fe20003800000 */
        /*6c60*/                   IMAD.MOV.U32 R10, RZ, RZ, R14 ;                        /* 0x000000ffff0a7224 */
                                                                                          /* 0x000fe400078e000e */
        /*6c70*/                   IMAD.MOV.U32 R29, RZ, RZ, R17 ;                        /* 0x000000ffff1d7224 */
                                                                                          /* 0x000fe400078e0011 */
        /*6c80*/                   IMAD.MOV.U32 R14, RZ, RZ, 0x4 ;                        /* 0x00000004ff0e7424 */
                                                                                          /* 0x000fe400078e00ff */
        /*6c90*/                   IMAD.MOV.U32 R16, RZ, RZ, 0x101f ;                     /* 0x0000101fff107424 */
                                                                                          /* 0x000fce00078e00ff */
        /*6ca0*/                   WARPSYNC.COLLECTIVE R5, 0x6cd0 ;                       /* 0x0000000005087348 */
                                                                                          /* 0x000fea0003c00000 */
        /*6cb0*/                   SHFL.BFLY P2, R14, R29, R14, R16 ;                     /* 0x0c00000e1d0e7389 */
                                                                                          /* 0x0000640000040010 */
        /*6cc0*/                   ENDCOLLECTIVE ;                                        /* 0x000000000000791b */
                                                                                          /* 0x003fea0003800000 */
        /*6cd0*/                   BSYNC B1 ;                                             /* 0x0000000000017941 */
                                                                                          /* 0x000fea0003800000 */
        /*6ce0*/                   IADD3 R20, P0, PT, R14, R17, RZ ;                      /* 0x000000110e147210 */
                                                                                          /* 0x000fe20007f1e0ff */
        /*6cf0*/                   BSSY B1, 0x6d80 ;                                      /* 0x0000008000017945 */
                                                                                          /* 0x000fe20003800000 */
        /*6d00*/                   IMAD.MOV.U32 R14, RZ, RZ, 0x8 ;                        /* 0x00000008ff0e7424 */
                                                                                          /* 0x000fe400078e00ff */
        /*6d10*/                   IMAD.MOV.U32 R16, RZ, RZ, 0x101f ;                     /* 0x0000101fff107424 */
                                                                                          /* 0x000fe400078e00ff */
        /*6d20*/                   IMAD.X R22, R10, 0x1, R19, P0 ;                        /* 0x000000010a167824 */
                                                                                          /* 0x000fc800000e0613 */
        /*6d30*/                   IMAD.MOV.U32 R29, RZ, RZ, R22 ;                        /* 0x000000ffff1d7224 */
                                                                                          /* 0x000fce00078e0016 */
        /*6d40*/                   WARPSYNC.COLLECTIVE R5, 0x6d70 ;                       /* 0x0000000005087348 */
                                                                                          /* 0x000fea0003c00000 */
        /*6d50*/                   SHFL.BFLY P2, R14, R29, R14, R16 ;                     /* 0x0c00000e1d0e7389 */
                                                                                          /* 0x0000640000040010 */
        /*6d60*/                   ENDCOLLECTIVE ;                                        /* 0x000000000000791b */
                                                                                          /* 0x003fea0003800000 */
        /*6d70*/                   BSYNC B1 ;                                             /* 0x0000000000017941 */
                                                                                          /* 0x000fea0003800000 */
        /*6d80*/                   BSSY B1, 0x6e10 ;                                      /* 0x0000008000017945 */
                                                                                          /* 0x000fe20003800000 */
        /*6d90*/                   IMAD.MOV.U32 R10, RZ, RZ, R14 ;                        /* 0x000000ffff0a7224 */
                                                                                          /* 0x000fe400078e000e */
        /*6da0*/                   IMAD.MOV.U32 R29, RZ, RZ, R20 ;                        /* 0x000000ffff1d7224 */
                                                                                          /* 0x000fe400078e0014 */
        /*6db0*/                   IMAD.MOV.U32 R14, RZ, RZ, 0x8 ;                        /* 0x00000008ff0e7424 */
                                                                                          /* 0x000fe400078e00ff */
        /*6dc0*/                   IMAD.MOV.U32 R16, RZ, RZ, 0x101f ;                     /* 0x0000101fff107424 */
                                                                                          /* 0x000fce00078e00ff */
        /*6dd0*/                   WARPSYNC.COLLECTIVE R5, 0x6e00 ;                       /* 0x0000000005087348 */
                                                                                          /* 0x000fea0003c00000 */
        /*6de0*/                   SHFL.BFLY P2, R14, R29, R14, R16 ;                     /* 0x0c00000e1d0e7389 */
                                                                                          /* 0x0000640000040010 */
        /*6df0*/                   ENDCOLLECTIVE ;                                        /* 0x000000000000791b */
                                                                                          /* 0x003fea0003800000 */
        /*6e00*/                   BSYNC B1 ;                                             /* 0x0000000000017941 */
                                                                                          /* 0x000fea0003800000 */
        /*6e10*/                   BRA 0x5f60 ;                                           /* 0xfffffff000507947 */
                                                                                          /* 0x000fea000383ffff */
        /*6e20*/                   LDC R3, c[0x0][0x3cc] ;                                /* 0x0000f300ff037b82 */
                                                                                          /* 0x000e220000000800 */
        /*6e30*/                   ISETP.GE.AND P0, PT, R0, RZ, PT ;                      /* 0x000000ff0000720c */
                                                                                          /* 0x000fe40003f06270 */
        /*6e40*/                   ISETP.GE.AND P3, PT, R9, RZ, PT ;                      /* 0x000000ff0900720c */
                                                                                          /* 0x000fe40003f66270 */
        /*6e50*/                   IADD3 R6, P1, PT, RZ, -R3, RZ ;                        /* 0x80000003ff067210 */
                                                                                          /* 0x001fc80007f3e0ff */
        /*6e60*/                   SEL R6, R6, R3, !P0 ;                                  /* 0x0000000306067207 */
                                                                                          /* 0x000fe20004000000 */
        /*6e70*/                   IMAD.X R7, RZ, RZ, ~R0, P1 ;                           /* 0x000000ffff077224 */
                                                                                          /* 0x000fca00008e0e00 */
        /*6e80*/                   SEL R7, R7, R0, !P0 ;                                  /* 0x0000000007077207 */
                                                                                          /* 0x000fc80004000000 */
        /*6e90*/                   I2F.U64.RP R14, R6 ;                                   /* 0x00000006000e7312 */
                                                                                          /* 0x000e240000309000 */
        /*6ea0*/                   MUFU.RCP R14, R14 ;                                    /* 0x0000000e000e7308 */
                                                                                          /* 0x001e240000001000 */
        /*6eb0*/                   IADD3 R10, PT, PT, R14, 0x1ffffffe, RZ ;               /* 0x1ffffffe0e0a7810 */
                                                                                          /* 0x001fde0007ffe0ff */
        /*6ec0*/                   NOP ;                                                  /* 0x0000000000007918 */
                                                                                          /* 0x000fde0000000000 */
        /*6ed0*/                   NOP ;                                                  /* 0x0000000000007918 */
                                                                                          /* 0x000fde0000000000 */
        /*6ee0*/                   NOP ;                                                  /* 0x0000000000007918 */
                                                                                          /* 0x000fde0000000000 */
        /*6ef0*/                   F2I.U64.TRUNC R10, R10 ;                               /* 0x0000000a000a7311 */
                                                                                          /* 0x000e24000020d800 */
        /*6f00*/                   IMAD.WIDE.U32 R12, R10, R6, RZ ;                       /* 0x000000060a0c7225 */
                                                                                          /* 0x001fc800078e00ff */
        /*6f10*/                   IMAD R13, R10, R7, R13 ;                               /* 0x000000070a0d7224 */
                                                                                          /* 0x000fe200078e020d */
        /*6f20*/                   IADD3 R15, P0, PT, RZ, -R12, RZ ;                      /* 0x8000000cff0f7210 */
                                                                                          /* 0x000fc60007f1e0ff */
        /*6f30*/                   IMAD R13, R11, R6, R13 ;                               /* 0x000000060b0d7224 */
                                                                                          /* 0x000fe400078e020d */
        /*6f40*/                   IMAD.HI.U32 R12, R10, R15, RZ ;                        /* 0x0000000f0a0c7227 */
                                                                                          /* 0x000fc800078e00ff */
        /*6f50*/                   IMAD.X R17, RZ, RZ, ~R13, P0 ;                         /* 0x000000ffff117224 */
                                                                                          /* 0x000fe400000e0e0d */
        /*6f60*/                   IMAD.MOV.U32 R13, RZ, RZ, R10 ;                        /* 0x000000ffff0d7224 */
                                                                                          /* 0x000fe400078e000a */
        /*6f70*/                   IMAD R19, R11, R17.reuse, RZ ;                         /* 0x000000110b137224 */
                                                                                          /* 0x080fe400078e02ff */
        /*6f80*/                   IMAD.WIDE.U32 R12, P0, R10, R17, R12 ;                 /* 0x000000110a0c7225 */
                                                                                          /* 0x000fc8000780000c */
        /*6f90*/                   IMAD.HI.U32 R17, R11, R17, RZ ;                        /* 0x000000110b117227 */
                                                                                          /* 0x000fc800078e00ff */
        /*6fa0*/                   IMAD.HI.U32 R12, P1, R11, R15, R12 ;                   /* 0x0000000f0b0c7227 */
                                                                                          /* 0x000fca000782000c */
        /*6fb0*/                   IADD3 R13, P2, PT, R19, R12, RZ ;                      /* 0x0000000c130d7210 */
                                                                                          /* 0x000fe20007f5e0ff */
        /*6fc0*/                   IMAD.X R12, R17, 0x1, R11, P0 ;                        /* 0x00000001110c7824 */
                                                                                          /* 0x000fe200000e060b */
        /*6fd0*/                   IADD3 R19, P4, PT, RZ, -R8, RZ ;                       /* 0x80000008ff137210 */
                                                                                          /* 0x000fc60007f9e0ff */
        /*6fe0*/                   IMAD.WIDE.U32 R10, R13, R6, RZ ;                       /* 0x000000060d0a7225 */
                                                                                          /* 0x000fe200078e00ff */
        /*6ff0*/                   IADD3.X R15, PT, PT, RZ, RZ, R12, P2, P1 ;             /* 0x000000ffff0f7210 */
                                                                                          /* 0x000fe400017e240c */
        /*7000*/                   SEL R19, R19, R8, !P3 ;                                /* 0x0000000813137207 */
                                                                                          /* 0x000fe20005800000 */
        /*7010*/                   IMAD R11, R13, R7, R11 ;                               /* 0x000000070d0b7224 */
                                                                                          /* 0x000fe200078e020b */
        /*7020*/                   IADD3 R17, P0, PT, RZ, -R10, RZ ;                      /* 0x8000000aff117210 */
                                                                                          /* 0x000fc60007f1e0ff */
        /*7030*/                   IMAD R11, R15, R6, R11 ;                               /* 0x000000060f0b7224 */
                                                                                          /* 0x000fe400078e020b */
        /*7040*/                   IMAD.HI.U32 R12, R13, R17, RZ ;                        /* 0x000000110d0c7227 */
                                                                                          /* 0x000fc800078e00ff */
        /*7050*/                   IMAD.X R10, RZ, RZ, ~R11, P0 ;                         /* 0x000000ffff0a7224 */
                                                                                          /* 0x000fe400000e0e0b */
        /*7060*/                   IMAD.X R11, RZ, RZ, ~R9, P4 ;                          /* 0x000000ffff0b7224 */
                                                                                          /* 0x000fe400020e0e09 */
        /*7070*/                   IMAD.WIDE.U32 R12, P0, R13, R10, R12 ;                 /* 0x0000000a0d0c7225 */
                                                                                          /* 0x000fc6000780000c */
        /*7080*/                   SEL R14, R11, R9, !P3 ;                                /* 0x000000090b0e7207 */
                                                                                          /* 0x000fe20005800000 */
        /*7090*/                   IMAD.MOV.U32 R11, RZ, RZ, RZ ;                         /* 0x000000ffff0b7224 */
                                                                                          /* 0x000fe400078e00ff */
        /*70a0*/                   IMAD.HI.U32 R13, P1, R15, R17, R12 ;                   /* 0x000000110f0d7227 */
                                                                                          /* 0x000fc8000782000c */
        /*70b0*/                   IMAD R12, R15.reuse, R10.reuse, RZ ;                   /* 0x0000000a0f0c7224 */
                                                                                          /* 0x0c0fe400078e02ff */
        /*70c0*/                   IMAD.HI.U32 R10, R15, R10, RZ ;                        /* 0x0000000a0f0a7227 */
                                                                                          /* 0x000fc600078e00ff */
        /*70d0*/                   IADD3 R13, P2, PT, R12, R13, RZ ;                      /* 0x0000000d0c0d7210 */
                                                                                          /* 0x000fe20007f5e0ff */
        /*70e0*/                   IMAD.X R15, R10, 0x1, R15, P0 ;                        /* 0x000000010a0f7824 */
                                                                                          /* 0x000fc800000e060f */
        /*70f0*/                   IMAD.HI.U32 R10, R13, R19, RZ ;                        /* 0x000000130d0a7227 */
                                                                                          /* 0x000fe200078e00ff */
        /*7100*/                   IADD3.X R15, PT, PT, RZ, RZ, R15, P2, P1 ;             /* 0x000000ffff0f7210 */
                                                                                          /* 0x000fc600017e240f */
        /*7110*/                   IMAD.WIDE.U32 R10, R13, R14, R10 ;                     /* 0x0000000e0d0a7225 */
                                                                                          /* 0x000fc800078e000a */
        /*7120*/                   IMAD R13, R15.reuse, R14, RZ ;                         /* 0x0000000e0f0d7224 */
                                                                                          /* 0x040fe400078e02ff */
        /*7130*/                   IMAD.HI.U32 R10, P0, R15, R19, R10 ;                   /* 0x000000130f0a7227 */
                                                                                          /* 0x000fc8000780000a */
        /*7140*/                   IMAD.HI.U32 R12, R15, R14, RZ ;                        /* 0x0000000e0f0c7227 */
                                                                                          /* 0x000fe200078e00ff */
        /*7150*/                   IADD3 R13, P1, PT, R13, R10, RZ ;                      /* 0x0000000a0d0d7210 */
                                                                                          /* 0x000fc60007f3e0ff */
        /*7160*/                   IMAD.X R12, RZ, RZ, R12, P0 ;                          /* 0x000000ffff0c7224 */
                                                                                          /* 0x000fe400000e060c */
        /*7170*/                   IMAD.WIDE.U32 R10, R13, R6, RZ ;                       /* 0x000000060d0a7225 */
                                                                                          /* 0x000fc800078e00ff */
        /*7180*/                   IMAD.X R15, RZ, RZ, R12, P1 ;                          /* 0x000000ffff0f7224 */
                                                                                          /* 0x000fe200008e060c */
        /*7190*/                   IADD3 R19, P1, PT, -R10, R19, RZ ;                     /* 0x000000130a137210 */
                                                                                          /* 0x000fe20007f3e1ff */
        /*71a0*/                   IMAD R11, R13.reuse, R7, R11 ;                         /* 0x000000070d0b7224 */
                                                                                          /* 0x040fe200078e020b */
        /*71b0*/                   IADD3 R10, P2, PT, R13, 0x1, RZ ;                      /* 0x000000010d0a7810 */
                                                                                          /* 0x000fe40007f5e0ff */
        /*71c0*/                   ISETP.GE.U32.AND P0, PT, R19, R6.reuse, PT ;           /* 0x000000061300720c */
                                                                                          /* 0x080fe20003f06070 */
        /*71d0*/                   IMAD R11, R15, R6.reuse, R11 ;                         /* 0x000000060f0b7224 */
                                                                                          /* 0x080fe400078e020b */
        /*71e0*/                   IMAD.X R12, RZ, RZ, R15, P2 ;                          /* 0x000000ffff0c7224 */
                                                                                          /* 0x000fe400010e060f */
        /*71f0*/                   IMAD.X R21, R14, 0x1, ~R11, P1 ;                       /* 0x000000010e157824 */
                                                                                          /* 0x000fe200008e0e0b */
        /*7200*/                   IADD3 R11, P1, PT, R19, -R6, RZ ;                      /* 0x80000006130b7210 */
                                                                                          /* 0x000fc80007f3e0ff */
        /*7210*/                   ISETP.GE.U32.AND.EX P0, PT, R21.reuse, R7, PT, P0 ;    /* 0x000000071500720c */
                                                                                          /* 0x040fe20003f06100 */
        /*7220*/                   IMAD.X R17, R21, 0x1, ~R7, P1 ;                        /* 0x0000000115117824 */
                                                                                          /* 0x000fc600008e0e07 */
        /*7230*/                   SEL R11, R11, R19, P0 ;                                /* 0x000000130b0b7207 */
                                                                                          /* 0x000fe40000000000 */
        /*7240*/                   SEL R13, R10, R13, P0 ;                                /* 0x0000000d0a0d7207 */
                                                                                          /* 0x000fe40000000000 */
        /*7250*/                   SEL R17, R17, R21, P0 ;                                /* 0x0000001511117207 */
                                                                                          /* 0x000fe40000000000 */
        /*7260*/                   ISETP.GE.U32.AND P1, PT, R11, R6, PT ;                 /* 0x000000060b00720c */
                                                                                          /* 0x000fe40003f26070 */
        /*7270*/                   SEL R15, R12, R15, P0 ;                                /* 0x0000000f0c0f7207 */
                                                                                          /* 0x000fe40000000000 */
        /*7280*/                   IADD3 R6, P2, PT, R13, 0x1, RZ ;                       /* 0x000000010d067810 */
                                                                                          /* 0x000fc40007f5e0ff */
        /*7290*/                   ISETP.GE.U32.AND.EX P0, PT, R17, R7, PT, P1 ;          /* 0x000000071100720c */
                                                                                          /* 0x000fe40003f06110 */
        /*72a0*/                   LOP3.LUT R11, R0, R9, RZ, 0x3c, !PT ;                  /* 0x00000009000b7212 */
                                                                                          /* 0x000fe200078e3cff */
        /*72b0*/                   IMAD.X R10, RZ, RZ, R15, P2 ;                          /* 0x000000ffff0a7224 */
                                                                                          /* 0x000fe200010e060f */
        /*72c0*/                   SEL R6, R6, R13, P0 ;                                  /* 0x0000000d06067207 */
                                                                                          /* 0x000fe40000000000 */
        /*72d0*/                   ISETP.GE.AND P1, PT, R11, RZ, PT ;                     /* 0x000000ff0b00720c */
                                                                                          /* 0x000fe40003f26270 */
        /*72e0*/                   SEL R10, R10, R15, P0 ;                                /* 0x0000000f0a0a7207 */
                                                                                          /* 0x000fe40000000000 */
        /*72f0*/                   IADD3 R7, P2, PT, RZ, -R6, RZ ;                        /* 0x80000006ff077210 */
                                                                                          /* 0x000fc40007f5e0ff */
        /*7300*/                   ISETP.NE.U32.AND P0, PT, R3, RZ, PT ;                  /* 0x000000ff0300720c */
                                                                                          /* 0x000fe40003f05070 */
        /*7310*/                   SEL R3, R7, R6, !P1 ;                                  /* 0x0000000607037207 */
                                                                                          /* 0x000fe20004800000 */
        /*7320*/                   IMAD.X R11, RZ, RZ, ~R10, P2 ;                         /* 0x000000ffff0b7224 */
                                                                                          /* 0x000fe200010e0e0a */
        /*7330*/                   ISETP.NE.AND.EX P0, PT, R0, RZ, PT, P0 ;               /* 0x000000ff0000720c */
                                                                                          /* 0x000fe20003f05300 */
        /*7340*/                   IMAD.MOV.U32 R6, RZ, RZ, R4 ;                          /* 0x000000ffff067224 */
                                                                                          /* 0x000fe400078e0004 */
        /*7350*/                   IMAD.MOV.U32 R7, RZ, RZ, 0x0 ;                         /* 0x00000000ff077424 */
                                                                                          /* 0x000fe200078e00ff */
        /*7360*/                   SEL R10, R11, R10, !P1 ;                               /* 0x0000000a0b0a7207 */
                                                                                          /* 0x000fe40004800000 */
        /*7370*/                   SEL R3, R3, 0xffffffff, P0 ;                           /* 0xffffffff03037807 */
                                                                                          /* 0x000fc40000000000 */
        /*7380*/                   SEL R10, R10, 0xffffffff, P0 ;                         /* 0xffffffff0a0a7807 */
                                                                                          /* 0x000fe20000000000 */
        /*7390*/                   RET.REL.NODEC R6 0x0 ;                                 /* 0xffffff8c06187950 */
                                                                                          /* 0x000fec0003c3ffff */
        /*73a0*/                   BRA 0x73a0;                                            /* 0xfffffffc00fc7947 */
                                                                                          /* 0x000fc0000383ffff */
        /*73b0*/                   NOP;                                                   /* 0x0000000000007918 */
                                                                                          /* 0x000fc00000000000 */
        /*73c0*/                   NOP;                                                   /* 0x0000000000007918 */
                                                                                          /* 0x000fc00000000000 */
        /*73d0*/                   NOP;                                                   /* 0x0000000000007918 */
                                                                                          /* 0x000fc00000000000 */
        /*73e0*/                   NOP;                                                   /* 0x0000000000007918 */
                                                                                          /* 0x000fc00000000000 */
        /*73f0*/                   NOP;                                                   /* 0x0000000000007918 */
                                                                                          /* 0x000fc00000000000 */
        /*7400*/                   NOP;                                                   /* 0x0000000000007918 */
                                                                                          /* 0x000fc00000000000 */
        /*7410*/                   NOP;                                                   /* 0x0000000000007918 */
                                                                                          /* 0x000fc00000000000 */
        /*7420*/                   NOP;                                                   /* 0x0000000000007918 */
                                                                                          /* 0x000fc00000000000 */
        /*7430*/                   NOP;                                                   /* 0x0000000000007918 */
                                                                                          /* 0x000fc00000000000 */
        /*7440*/                   NOP;                                                   /* 0x0000000000007918 */
                                                                                          /* 0x000fc00000000000 */
        /*7450*/                   NOP;                                                   /* 0x0000000000007918 */
                                                                                          /* 0x000fc00000000000 */
        /*7460*/                   NOP;                                                   /* 0x0000000000007918 */
                                                                                          /* 0x000fc00000000000 */
        /*7470*/                   NOP;                                                   /* 0x0000000000007918 */
                                                                                          /* 0x000fc00000000000 */
		..........


		Function : _ZN87_GLOBAL__N__1cc4304e_54_a3_guarded_rounding_native_20261002_r9_route_decode_cu_e867920f22predecode_route_kernelEPKhS1_PKlPtii
	.headerflags	@"EF_CUDA_SM110 EF_CUDA_VIRTUAL_SM(EF_CUDA_SM110)"
        /*0000*/                   LDC R1, c[0x0][0x37c] ;                                /* 0x0000df00ff017b82 */
                                                                                          /* 0x000fe20000000800 */
        /*0010*/                   S2R R2, SR_TID.X ;                                     /* 0x0000000000027919 */
                                                                                          /* 0x000e2e0000002100 */
        /*0020*/                   S2UR UR6, SR_CTAID.X ;                                 /* 0x00000000000679c3 */
                                                                                          /* 0x000e220000002500 */
        /*0030*/                   LDCU UR4, c[0x0][0x3a4] ;                              /* 0x00007480ff0477ac */
                                                                                          /* 0x000e620008000800 */
        /*0040*/                   IMAD.MOV.U32 R3, RZ, RZ, RZ ;                          /* 0x000000ffff037224 */
                                                                                          /* 0x000fcc00078e00ff */
        /*0050*/                   LDC R5, c[0x0][0x360] ;                                /* 0x0000d800ff057b82 */
                                                                                          /* 0x000e220000000800 */
        /*0060*/                   UIMAD.WIDE UR4, UR4, 0x400, URZ ;                      /* 0x00000400040478a5 */
                                                                                          /* 0x002fe2000f8e02ff */
        /*0070*/                   IMAD.WIDE.U32 R2, R5, UR6, R2 ;                        /* 0x0000000605027c25 */
                                                                                          /* 0x001fca000f8e0002 */
        /*0080*/                   ISETP.GE.U32.AND P0, PT, R2, UR4, PT ;                 /* 0x0000000402007c0c */
                                                                                          /* 0x000fc8000bf06070 */
        /*0090*/                   ISETP.GE.AND.EX P0, PT, R3, UR5, PT, P0 ;              /* 0x0000000503007c0c */
                                                                                          /* 0x000fda000bf06300 */
        /*00a0*/               @P0 EXIT ;                                                 /* 0x000000000000094d */
                                                                                          /* 0x000fea0003800000 */
        /*00b0*/                   LDCU.64 UR6, c[0x0][0x390] ;                           /* 0x00007200ff0677ac */
                                                                                          /* 0x000e220008000a00 */
        /*00c0*/                   SHF.R.U64 R6, R2, 0x7, R3.reuse ;                      /* 0x0000000702067819 */
                                                                                          /* 0x100fe40000001203 */
        /*00d0*/                   SHF.R.U32.HI R0, RZ, 0x7, R3 ;                         /* 0x00000007ff007819 */
                                                                                          /* 0x000fe20000011603 */
        /*00e0*/                   LDCU.64 UR4, c[0x0][0x358] ;                           /* 0x00006b00ff0477ac */
                                                                                          /* 0x000e620008000a00 */
        /*00f0*/                   LOP3.LUT R6, R6, 0xfffffff8, RZ, 0xc0, !PT ;           /* 0xfffffff806067812 */
                                                                                          /* 0x000fe400078ec0ff */
        /*0100*/                   LOP3.LUT R0, R0, 0x1ffffff, RZ, 0xc0, !PT ;            /* 0x01ffffff00007812 */
                                                                                          /* 0x000fe400078ec0ff */
        /*0110*/                   IADD3 R6, P0, PT, R6, UR6, RZ ;                        /* 0x0000000606067c10 */
                                                                                          /* 0x001fc8000ff1e0ff */
        /*0120*/                   IADD3.X R7, PT, PT, R0, UR7, RZ, P0, !PT ;             /* 0x0000000700077c10 */
                                                                                          /* 0x000fe200087fe4ff */
        /*0130*/                   LDCU UR7, c[0x0][0x3a0] ;                              /* 0x00007400ff0777ac */
                                                                                          /* 0x000e2a0008000800 */
        /*0140*/                   LDG.E.64 R6, desc[UR4][R6.64] ;                        /* 0x0000000406067981 */
                                                                                          /* 0x002ea2000c1e1b00 */
        /*0150*/                   BSSY.RECONVERGENT B0, 0x6f0 ;                          /* 0x0000059000007945 */
                                                                                          /* 0x000fe20003800200 */
        /*0160*/                   PRMT R0, RZ, 0x7610, R0 ;                              /* 0x00007610ff007816 */
                                                                                          /* 0x000fe20000000000 */
        /*0170*/                   USHF.R.S32.HI UR6, URZ, 0x1f, UR7 ;                    /* 0x0000001fff067899 */
                                                                                          /* 0x001fe40008011407 */
        /*0180*/                   ISETP.GE.U32.AND P0, PT, R6, UR7, PT ;                 /* 0x0000000706007c0c */
                                                                                          /* 0x004fc8000bf06070 */
        /*0190*/                   ISETP.GE.AND.EX P0, PT, R7, UR6, PT, P0 ;              /* 0x0000000607007c0c */
                                                                                          /* 0x000fc8000bf06300 */
        /*01a0*/                   ISETP.LT.OR P0, PT, R7, RZ, P0 ;                       /* 0x000000ff0700720c */
                                                                                          /* 0x000fda0000701670 */
        /*01b0*/               @P0 BRA 0x6e0 ;                                            /* 0x0000000400480947 */
                                                                                          /* 0x000fea0003800000 */
        /*01c0*/                   SHF.R.U32.HI R0, RZ, 0x5, R2 ;                         /* 0x00000005ff007819 */
                                                                                          /* 0x000fe20000011602 */
        /*01d0*/                   LDCU.128 UR8, c[0x0][0x380] ;                          /* 0x00007000ff0877ac */
                                                                                          /* 0x000e220008000c00 */
        /*01e0*/                   IMAD.SHL.U32 R9, R6, 0x1000, RZ ;                      /* 0x0000100006097824 */
                                                                                          /* 0x000fe400078e00ff */
        /*01f0*/                   LOP3.LUT R0, R0, 0x1f, RZ, 0xc0, !PT ;                 /* 0x0000001f00007812 */
                                                                                          /* 0x000fca00078ec0ff */
        /*0200*/                   IMAD.WIDE.U32 R4, R0, 0x80, RZ ;                       /* 0x0000008000047825 */
                                                                                          /* 0x000fc800078e00ff */
        /*0210*/                   IMAD.WIDE.U32 R10, R0, 0x20, RZ ;                      /* 0x00000020000a7825 */
                                                                                          /* 0x000fe200078e00ff */
        /*0220*/                   LOP3.LUT R9, R9, R4, RZ, 0xfc, !PT ;                   /* 0x0000000409097212 */
                                                                                          /* 0x000fe400078efcff */
        /*0230*/                   SHF.L.U64.HI R4, R6.reuse, 0xc, R7 ;                   /* 0x0000000c06047819 */
                                                                                          /* 0x040fe20000010207 */
        /*0240*/                   IMAD.SHL.U32 R0, R6, 0x80, RZ ;                        /* 0x0000008006007824 */
                                                                                          /* 0x000fe200078e00ff */
        /*0250*/                   LOP3.LUT R8, R9, 0x1f, R2, 0xf8, !PT ;                 /* 0x0000001f09087812 */
                                                                                          /* 0x000fe400078ef802 */
        /*0260*/                   LOP3.LUT R4, R4, R5, RZ, 0xfc, !PT ;                   /* 0x0000000504047212 */
                                                                                          /* 0x000fe400078efcff */
        /*0270*/                   IADD3 R8, P0, PT, R8, UR8, RZ ;                        /* 0x0000000808087c10 */
                                                                                          /* 0x001fe4000ff1e0ff */
        /*0280*/                   LOP3.LUT R10, R10, 0x1f, R6, 0xf8, !PT ;               /* 0x0000001f0a0a7812 */
                                                                                          /* 0x000fc400078ef806 */
        /*0290*/                   IADD3.X R9, PT, PT, R4, UR9, RZ, P0, !PT ;             /* 0x0000000904097c10 */
                                                                                          /* 0x000fc600087fe4ff */
        /*02a0*/                   IMAD.SHL.U32 R5, R10, 0x10, RZ ;                       /* 0x000000100a057824 */
                                                                                          /* 0x000fe400078e00ff */
        /*02b0*/                   LDG.E.S8 R4, desc[UR4][R8.64] ;                        /* 0x0000000408047981 */
                                                                                          /* 0x000ea2000c1e1300 */
        /*02c0*/                   SHF.R.U64 R12, R6.reuse, 0x3, R7.reuse ;               /* 0x00000003060c7819 */
                                                                                          /* 0x140fe40000001207 */
        /*02d0*/                   LOP3.LUT R5, R5, 0xffffc000, R0, 0xf8, !PT ;           /* 0xffffc00005057812 */
                                                                                          /* 0x000fe400078ef800 */
        /*02e0*/                   LDG.E.S8 R0, desc[UR4][R8.64+0x40] ;                   /* 0x0000400408007981 */
                                                                                          /* 0x0000e2000c1e1300 */
        /*02f0*/                   SHF.L.U64.HI R7, R6, 0x7, R7 ;                         /* 0x0000000706077819 */
                                                                                          /* 0x000fe40000010207 */
        /*0300*/                   SHF.L.U64.HI R10, R10, 0x4, R11 ;                      /* 0x000000040a0a7819 */
                                                                                          /* 0x000fc4000001020b */
        /*0310*/                   LOP3.LUT R6, R5, 0xc, R12, 0xf8, !PT ;                 /* 0x0000000c05067812 */
                                                                                          /* 0x000fe400078ef80c */
        /*0320*/                   LOP3.LUT R5, R10, 0x7fffffff, R7, 0xf8, !PT ;          /* 0x7fffffff0a057812 */
                                                                                          /* 0x000fe400078ef807 */
        /*0330*/                   IADD3 R6, P0, PT, R6, UR10, RZ ;                       /* 0x0000000a06067c10 */
                                                                                          /* 0x000fc8000ff1e0ff */
        /*0340*/                   IADD3.X R7, PT, PT, R5, UR11, RZ, P0, !PT ;            /* 0x0000000b05077c10 */
                                                                                          /* 0x000fca00087fe4ff */
        /*0350*/                   LDG.E.U8 R5, desc[UR4][R6.64] ;                        /* 0x0000000406057981 */
                                                                                          /* 0x000f28000c1e1100 */
        /*0360*/                   LDG.E.U8 R11, desc[UR4][R6.64+0x2] ;                   /* 0x00000204060b7981 */
                                                                                          /* 0x000f62000c1e1100 */
        /*0370*/                   LOP3.LUT R10, R4.reuse, 0xffff, RZ, 0xc0, !PT ;        /* 0x0000ffff040a7812 */
                                                                                          /* 0x044fe400078ec0ff */
        /*0380*/                   ISETP.GE.AND P3, PT, R4, RZ, PT ;                      /* 0x000000ff0400720c */
                                                                                          /* 0x000fe40003f66270 */
        /*0390*/                   SHF.R.U32.HI R8, RZ, 0x3, R10 ;                        /* 0x00000003ff087819 */
                                                                                          /* 0x001fe4000001160a */
        /*03a0*/                   LOP3.LUT R12, R0, 0xffff, RZ, 0xc0, !PT ;              /* 0x0000ffff000c7812 */
                                                                                          /* 0x008fc400078ec0ff */
        /*03b0*/                   LOP3.LUT R9, R8, 0xf, RZ, 0xc0, !PT ;                  /* 0x0000000f08097812 */
                                                                                          /* 0x000fe400078ec0ff */
        /*03c0*/                   SHF.R.U32.HI R12, RZ, 0x3, R12 ;                       /* 0x00000003ff0c7819 */
                                                                                          /* 0x000fe4000001160c */
        /*03d0*/                   IMNMX.U32 R9, R9, 0x1, !PT ;                           /* 0x0000000109097817 */
                                                                                          /* 0x000fe40007ffe000 */
        /*03e0*/                   LOP3.LUT R10, R12, 0xf, RZ, 0xc0, !PT ;                /* 0x0000000f0c0a7812 */
                                                                                          /* 0x000fe400078ec0ff */
        /*03f0*/                   LOP3.LUT P1, RZ, R8, 0xf, RZ, 0xc0, !PT ;              /* 0x0000000f08ff7812 */
                                                                                          /* 0x000fe4000782c0ff */
        /*0400*/                   IMNMX.U32 R13, R10, 0x1, !PT ;                         /* 0x000000010a0d7817 */
                                                                                          /* 0x000fc40007ffe000 */
        /*0410*/                   LOP3.LUT R10, R9, 0xffff, RZ, 0xc0, !PT ;              /* 0x0000ffff090a7812 */
                                                                                          /* 0x000fe400078ec0ff */
        /*0420*/                   LOP3.LUT R14, R13, 0xffff, RZ, 0xc0, !PT ;             /* 0x0000ffff0d0e7812 */
                                                                                          /* 0x000fe400078ec0ff */
        /*0430*/                   LOP3.LUT P0, RZ, R12, 0xf, RZ, 0xc0, !PT ;             /* 0x0000000f0cff7812 */
                                                                                          /* 0x000fe2000780c0ff */
        /*0440*/                   IMAD.IADD R10, R5, 0x1, R10 ;                          /* 0x00000001050a7824 */
                                                                                          /* 0x010fe400078e020a */
        /*0450*/                   IMAD.IADD R11, R11, 0x1, R14 ;                         /* 0x000000010b0b7824 */
                                                                                          /* 0x020fe200078e020e */
        /*0460*/                   SEL R9, RZ, 0x8, !P0 ;                                 /* 0x00000008ff097807 */
                                                                                          /* 0x000fe40004000000 */
        /*0470*/                   IADD3 R5, PT, PT, R10, -0x89, RZ ;                     /* 0xffffff770a057810 */
                                                                                          /* 0x000fc40007ffe0ff */
        /*0480*/                   IADD3 R6, PT, PT, R11, -0x89, RZ ;                     /* 0xffffff770b067810 */
                                                                                          /* 0x000fe40007ffe0ff */
        /*0490*/                   IABS R5, R5 ;                                          /* 0x0000000500057213 */
                                                                                          /* 0x000fe40000000000 */
        /*04a0*/                   IABS R7, R6 ;                                          /* 0x0000000600077213 */
                                                                                          /* 0x000fe40000000000 */
        /*04b0*/                   ISETP.GE.AND P0, PT, R0, RZ, PT ;                      /* 0x000000ff0000720c */
                                                                                          /* 0x000fe20003f06270 */
        /*04c0*/                   IMAD.MOV.U32 R6, RZ, RZ, R5 ;                          /* 0x000000ffff067224 */
                                                                                          /* 0x000fe200078e0005 */
        /*04d0*/                   SEL R5, RZ, 0x8, !P1 ;                                 /* 0x00000008ff057807 */
                                                                                          /* 0x000fe40004800000 */
        /*04e0*/                   ISETP.GE.U32.AND P1, PT, R7, 0x65, PT ;                /* 0x000000650700780c */
                                                                                          /* 0x000fc40003f26070 */
        /*04f0*/                   ISETP.GE.U32.AND P2, PT, R6, 0x65, PT ;                /* 0x000000650600780c */
                                                                                          /* 0x000fe40003f46070 */
        /*0500*/                   LOP3.LUT R5, R5, 0x7, R4, 0xf8, !PT ;                  /* 0x0000000705057812 */
                                                                                          /* 0x000fe400078ef804 */
        /*0510*/                   IADD3 R4, PT, PT, R10, 0x173, RZ ;                     /* 0x000001730a047810 */
                                                                                          /* 0x000fe40007ffe0ff */
        /*0520*/                   IADD3 R6, PT, PT, R11, 0x173, RZ ;                     /* 0x000001730b067810 */
                                                                                          /* 0x000fe40007ffe0ff */
        /*0530*/                   LOP3.LUT R9, R9, 0x7, R0, 0xf8, !PT ;                  /* 0x0000000709097812 */
                                                                                          /* 0x000fe400078ef800 */
        /*0540*/                   IADD3 R0, PT, PT, R11, -0xa, RZ ;                      /* 0xfffffff60b007810 */
                                                                                          /* 0x000fc40007ffe0ff */
        /*0550*/                   SHF.R.U32.HI R7, RZ, 0x2, R4 ;                         /* 0x00000002ff077819 */
                                                                                          /* 0x000fe40000011604 */
        /*0560*/                   SHF.R.U32.HI R11, RZ, 0x2, R6 ;                        /* 0x00000002ff0b7819 */
                                                                                          /* 0x000fe40000011606 */
        /*0570*/                   IADD3 R10, PT, PT, R10, -0xa, RZ ;                     /* 0xfffffff60a0a7810 */
                                                                                          /* 0x000fe20007ffe0ff */
        /*0580*/               @P2 IMAD R10, R7, 0x1fd, R4 ;                              /* 0x000001fd070a2824 */
                                                                                          /* 0x000fe200078e0204 */
        /*0590*/                   I2FP.F32.U32 R5, R5 ;                                  /* 0x0000000500057245 */
                                                                                          /* 0x000fe20000201000 */
        /*05a0*/               @P1 IMAD R0, R11, 0x1fd, R6 ;                              /* 0x000001fd0b001824 */
                                                                                          /* 0x000fe200078e0206 */
        /*05b0*/                   I2FP.F32.U32 R9, R9 ;                                  /* 0x0000000900097245 */
                                                                                          /* 0x000fe20000201000 */
        /*05c0*/                   IMAD.SHL.U32 R7, R7, 0x800000, RZ ;                    /* 0x0080000007077824 */
                                                                                          /* 0x000fe200078e00ff */
        /*05d0*/                   FSEL R5, -R5, R5, !P3 ;                                /* 0x0000000505057208 */
                                                                                          /* 0x000fe20005800100 */
        /*05e0*/                   IMAD.SHL.U32 R11, R11, 0x800000, RZ ;                  /* 0x008000000b0b7824 */
                                                                                          /* 0x000fe200078e00ff */
        /*05f0*/                   FSEL R9, -R9, R9, !P0 ;                                /* 0x0000000909097208 */
                                                                                          /* 0x000fe20004000100 */
        /*0600*/                   IMAD.SHL.U32 R10, R10, 0x800000, RZ ;                  /* 0x008000000a0a7824 */
                                                                                          /* 0x000fe200078e00ff */
        /*0610*/                   SEL R7, R7, 0x3f800000, P2 ;                           /* 0x3f80000007077807 */
                                                                                          /* 0x000fe20001000000 */
        /*0620*/                   IMAD.SHL.U32 R0, R0, 0x800000, RZ ;                    /* 0x0080000000007824 */
                                                                                          /* 0x000fe200078e00ff */
        /*0630*/                   SEL R11, R11, 0x3f800000, P1 ;                         /* 0x3f8000000b0b7807 */
                                                                                          /* 0x000fe20000800000 */
        /*0640*/                   FMUL R10, R5, R10 ;                                    /* 0x0000000a050a7220 */
                                                                                          /* 0x000fc40000400000 */
        /*0650*/                   FMUL R0, R9, R0 ;                                      /* 0x0000000009007220 */
                                                                                          /* 0x000fe40000400000 */
        /*0660*/                   FMUL R10, R7, R10 ;                                    /* 0x0000000a070a7220 */
                                                                                          /* 0x000fe40000400000 */
        /*0670*/                   FMUL R0, R11, R0 ;                                     /* 0x000000000b007220 */
                                                                                          /* 0x000fe40000400000 */
        /*0680*/                   FMUL R10, R7, R10 ;                                    /* 0x0000000a070a7220 */
                                                                                          /* 0x000fe40000400000 */
        /*0690*/                   FMUL R0, R11, R0 ;                                     /* 0x000000000b007220 */
                                                                                          /* 0x000fe40000400000 */
        /*06a0*/                   FMUL R10, R7, R10 ;                                    /* 0x0000000a070a7220 */
                                                                                          /* 0x000fc40000400000 */
        /*06b0*/                   FMUL R11, R11, R0 ;                                    /* 0x000000000b0b7220 */
                                                                                          /* 0x000fc80000400000 */
        /*06c0*/                   FADD R0, R10, R11 ;                                    /* 0x0000000b0a007221 */
                                                                                          /* 0x000fca0000000000 */
        /*06d0*/                   F2FP.BF16.F32.PACK_AB R0, RZ, R0 ;                     /* 0x00000000ff00723e */
                                                                                          /* 0x000fce00000010ff */
        /*06e0*/                   BSYNC.RECONVERGENT B0 ;                                /* 0x0000000000007941 */
                                                                                          /* 0x000fea0003800200 */
        /*06f0*/                   LDCU.64 UR6, c[0x0][0x398] ;                           /* 0x00007300ff0677ac */
                                                                                          /* 0x000e240008000a00 */
        /*0700*/                   LEA R4, P0, R2, UR6, 0x1 ;                             /* 0x0000000602047c11 */
                                                                                          /* 0x001fc8000f8008ff */
        /*0710*/                   LEA.HI.X R5, R2, UR7, R3, 0x1, P0 ;                    /* 0x0000000702057c11 */
                                                                                          /* 0x000fca00080f0c03 */
        /*0720*/                   STG.E.U16 desc[UR4][R4.64], R0 ;                       /* 0x0000000004007986 */
                                                                                          /* 0x000fe2000c101504 */
        /*0730*/                   EXIT ;                                                 /* 0x000000000000794d */
                                                                                          /* 0x000fea0003800000 */
        /*0740*/                   BRA 0x740;                                             /* 0xfffffffc00fc7947 */
                                                                                          /* 0x000fc0000383ffff */
        /*0750*/                   NOP;                                                   /* 0x0000000000007918 */
                                                                                          /* 0x000fc00000000000 */
        /*0760*/                   NOP;                                                   /* 0x0000000000007918 */
                                                                                          /* 0x000fc00000000000 */
        /*0770*/                   NOP;                                                   /* 0x0000000000007918 */
                                                                                          /* 0x000fc00000000000 */
        /*0780*/                   NOP;                                                   /* 0x0000000000007918 */
                                                                                          /* 0x000fc00000000000 */
        /*0790*/                   NOP;                                                   /* 0x0000000000007918 */
                                                                                          /* 0x000fc00000000000 */
        /*07a0*/                   NOP;                                                   /* 0x0000000000007918 */
                                                                                          /* 0x000fc00000000000 */
        /*07b0*/                   NOP;                                                   /* 0x0000000000007918 */
                                                                                          /* 0x000fc00000000000 */
        /*07c0*/                   NOP;                                                   /* 0x0000000000007918 */
                                                                                          /* 0x000fc00000000000 */
        /*07d0*/                   NOP;                                                   /* 0x0000000000007918 */
                                                                                          /* 0x000fc00000000000 */
        /*07e0*/                   NOP;                                                   /* 0x0000000000007918 */
                                                                                          /* 0x000fc00000000000 */
        /*07f0*/                   NOP;                                                   /* 0x0000000000007918 */
                                                                                          /* 0x000fc00000000000 */
		..........


		Function : _ZN87_GLOBAL__N__1cc4304e_54_a3_guarded_rounding_native_20261002_r9_route_decode_cu_e867920f16predecode_kernelEPKhS1_Ptiib
	.headerflags	@"EF_CUDA_SM110 EF_CUDA_VIRTUAL_SM(EF_CUDA_SM110)"
        /*0000*/                   LDC R1, c[0x0][0x37c] ;                                /* 0x0000df00ff017b82 */
                                                                                          /* 0x000fe20000000800 */
        /*0010*/                   S2R R2, SR_TID.X ;                                     /* 0x0000000000027919 */
                                                                                          /* 0x000e220000002100 */
        /*0020*/                   LDCU.64 UR6, c[0x0][0x398] ;                           /* 0x00007300ff0677ac */
                                                                                          /* 0x000e6c0008000a00 */
        /*0030*/                   S2UR UR10, SR_CTAID.X ;                                /* 0x00000000000a79c3 */
                                                                                          /* 0x000e220000002500 */
        /*0040*/                   IMAD.MOV.U32 R3, RZ, RZ, RZ ;                          /* 0x000000ffff037224 */
                                                                                          /* 0x000fce00078e00ff */
        /*0050*/                   LDC R5, c[0x0][0x360] ;                                /* 0x0000d800ff057b82 */
                                                                                          /* 0x000e220000000800 */
        /*0060*/                   UIMAD.WIDE UR4, UR6, 0x400, URZ ;                      /* 0x00000400060478a5 */
                                                                                          /* 0x002fe4000f8e02ff */
        /*0070*/                   USHF.R.S32.HI UR8, URZ, 0x1f, UR7 ;                    /* 0x0000001fff087899 */
                                                                                          /* 0x000fe40008011407 */
        /*0080*/                   UIMAD UR9, UR5, UR7, URZ ;                             /* 0x00000007050972a4 */
                                                                                          /* 0x000fe4000f8e02ff */
        /*0090*/                   UIMAD.WIDE.U32 UR6, UR4, UR7, URZ ;                    /* 0x00000007040672a5 */
                                                                                          /* 0x000fe4000f8e00ff */
        /*00a0*/                   UIMAD UR8, UR4, UR8, UR9 ;                             /* 0x00000008040872a4 */
                                                                                          /* 0x000fc8000f8e0209 */
        /*00b0*/                   UIADD3 UR7, UPT, UPT, UR7, UR8, URZ ;                  /* 0x0000000807077290 */
                                                                                          /* 0x000fe2000fffe0ff */
        /*00c0*/                   IMAD.WIDE.U32 R2, R5, UR10, R2 ;                       /* 0x0000000a05027c25 */
                                                                                          /* 0x001fc6000f8e0002 */
        /*00d0*/                   ISETP.GE.U32.AND P0, PT, R2, UR6, PT ;                 /* 0x0000000602007c0c */
                                                                                          /* 0x000fc8000bf06070 */
        /*00e0*/                   ISETP.GE.AND.EX P0, PT, R3, UR7, PT, P0 ;              /* 0x0000000703007c0c */
                                                                                          /* 0x000fda000bf06300 */
        /*00f0*/               @P0 EXIT ;                                                 /* 0x000000000000094d */
                                                                                          /* 0x000fea0003800000 */
        /*0100*/                   LOP3.LUT R0, R3, UR5, RZ, 0xfc, !PT ;                  /* 0x0000000503007c12 */
                                                                                          /* 0x000fe2000f8efcff */
        /*0110*/                   BSSY.RECONVERGENT B0, 0x2b0 ;                          /* 0x0000019000007945 */
                                                                                          /* 0x000fe60003800200 */
        /*0120*/                   ISETP.NE.U32.AND P0, PT, R0, RZ, PT ;                  /* 0x000000ff0000720c */
                                                                                          /* 0x000fda0003f05070 */
        /*0130*/               @P0 BRA 0x270 ;                                            /* 0x00000000004c0947 */
                                                                                          /* 0x000fea0003800000 */
        /*0140*/                   I2F.U32.RP R0, UR4 ;                                   /* 0x0000000400007d06 */
                                                                                          /* 0x000e220008209000 */
        /*0150*/                   IMAD R7, RZ, RZ, -UR4 ;                                /* 0x80000004ff077e24 */
                                                                                          /* 0x000fe2000f8e02ff */
        /*0160*/                   ISETP.NE.U32.AND P2, PT, RZ, UR4, PT ;                 /* 0x00000004ff007c0c */
                                                                                          /* 0x000fe2000bf45070 */
        /*0170*/                   MUFU.RCP R0, R0 ;                                      /* 0x0000000000007308 */
                                                                                          /* 0x001e240000001000 */
        /*0180*/                   IADD3 R4, PT, PT, R0, 0xffffffe, RZ ;                  /* 0x0ffffffe00047810 */
                                                                                          /* 0x001fc80007ffe0ff */
        /*0190*/                   F2I.FTZ.U32.TRUNC.NTZ R5, R4 ;                         /* 0x0000000400057305 */
                                                                                          /* 0x000064000021f000 */
        /*01a0*/                   IMAD.MOV.U32 R4, RZ, RZ, RZ ;                          /* 0x000000ffff047224 */
                                                                                          /* 0x001fe400078e00ff */
        /*01b0*/                   IMAD R7, R7, R5, RZ ;                                  /* 0x0000000507077224 */
                                                                                          /* 0x002fc800078e02ff */
        /*01c0*/                   IMAD.HI.U32 R5, R5, R7, R4 ;                           /* 0x0000000705057227 */
                                                                                          /* 0x000fcc00078e0004 */
        /*01d0*/                   IMAD.HI.U32 R0, R5, R2, RZ ;                           /* 0x0000000205007227 */
                                                                                          /* 0x000fc800078e00ff */
        /*01e0*/                   IMAD.MOV R5, RZ, RZ, -R0 ;                             /* 0x000000ffff057224 */
                                                                                          /* 0x000fc800078e0a00 */
        /*01f0*/                   IMAD R5, R5, UR4, R2 ;                                 /* 0x0000000405057c24 */
                                                                                          /* 0x000fca000f8e0202 */
        /*0200*/                   ISETP.GE.U32.AND P0, PT, R5, UR4, PT ;                 /* 0x0000000405007c0c */
                                                                                          /* 0x000fda000bf06070 */
        /*0210*/               @P0 IADD3 R5, PT, PT, R5, -UR4, RZ ;                       /* 0x8000000405050c10 */
                                                                                          /* 0x000fe4000fffe0ff */
        /*0220*/               @P0 IADD3 R0, PT, PT, R0, 0x1, RZ ;                        /* 0x0000000100000810 */
                                                                                          /* 0x000fe40007ffe0ff */
        /*0230*/                   ISETP.GE.U32.AND P1, PT, R5, UR4, PT ;                 /* 0x0000000405007c0c */
                                                                                          /* 0x000fda000bf26070 */
        /*0240*/               @P1 IADD3 R0, PT, PT, R0, 0x1, RZ ;                        /* 0x0000000100001810 */
                                                                                          /* 0x000fe40007ffe0ff */
        /*0250*/              @!P2 LOP3.LUT R0, RZ, UR4, RZ, 0x33, !PT ;                  /* 0x00000004ff00ac12 */
                                                                                          /* 0x000fe2000f8e33ff */
        /*0260*/                   BRA 0x2a0 ;                                            /* 0x00000000000c7947 */
                                                                                          /* 0x000fec0003800000 */
        /*0270*/                   MOV R0, 0x290 ;                                        /* 0x0000029000007802 */
                                                                                          /* 0x000fce0000000f00 */
        /*0280*/                   CALL.REL.NOINC 0xb70 ;                                 /* 0x0000000800387944 */
                                                                                          /* 0x000fea0003c00000 */
        /*0290*/                   IMAD.MOV.U32 R0, RZ, RZ, R6 ;                          /* 0x000000ffff007224 */
                                                                                          /* 0x000fce00078e0006 */
        /*02a0*/                   BSYNC.RECONVERGENT B0 ;                                /* 0x0000000000007941 */
                                                                                          /* 0x000fea0003800200 */
        /*02b0*/                   LDC R13, c[0x0][0x398] ;                               /* 0x0000e600ff0d7b82 */
                                                                                          /* 0x000e220000000800 */
        /*02c0*/                   SHF.R.U64 R7, R2, 0xa, R3 ;                            /* 0x0000000a02077819 */
                                                                                          /* 0x000fe20000001203 */
        /*02d0*/                   LDCU.U8 UR8, c[0x0][0x3a0] ;                           /* 0x00007400ff0877ac */
                                                                                          /* 0x000e620008000000 */
        /*02e0*/                   SHF.R.S32.HI R10, RZ, 0x1f, R0 ;                       /* 0x0000001fff0a7819 */
                                                                                          /* 0x000fe40000011400 */
        /*02f0*/                   ISETP.GE.AND P2, PT, R7, RZ, PT ;                      /* 0x000000ff0700720c */
                                                                                          /* 0x000fe20003f46270 */
        /*0300*/                   LDCU.128 UR12, c[0x0][0x380] ;                         /* 0x00007000ff0c77ac */
                                                                                          /* 0x000ea20008000c00 */
        /*0310*/                   LDCU.64 UR6, c[0x0][0x358] ;                           /* 0x00006b00ff0677ac */
                                                                                          /* 0x000ee20008000a00 */
        /*0320*/                   IABS R9, R13 ;                                         /* 0x0000000d00097213 */
                                                                                          /* 0x001fc80000000000 */
        /*0330*/                   I2F.RP R6, R9 ;                                        /* 0x0000000900067306 */
                                                                                          /* 0x000e240000209400 */
        /*0340*/                   MUFU.RCP R6, R6 ;                                      /* 0x0000000600067308 */
                                                                                          /* 0x001e240000001000 */
        /*0350*/                   IADD3 R4, PT, PT, R6, 0xffffffe, RZ ;                  /* 0x0ffffffe06047810 */
                                                                                          /* 0x001fe20007ffe0ff */
        /*0360*/                   IMAD R6, R10, R13, RZ ;                                /* 0x0000000d0a067224 */
                                                                                          /* 0x000fc600078e02ff */
        /*0370*/                   F2I.FTZ.U32.TRUNC.NTZ R5, R4 ;                         /* 0x0000000400057305 */
                                                                                          /* 0x000124000021f000 */
        /*0380*/                   IMAD.MOV.U32 R4, RZ, RZ, RZ ;                          /* 0x000000ffff047224 */
                                                                                          /* 0x001fe400078e00ff */
        /*0390*/                   IMAD.MOV R8, RZ, RZ, -R5 ;                             /* 0x000000ffff087224 */
                                                                                          /* 0x010fc800078e0a05 */
        /*03a0*/                   IMAD R11, R8, R9, RZ ;                                 /* 0x00000009080b7224 */
                                                                                          /* 0x000fe200078e02ff */
        /*03b0*/                   IABS R8, R7 ;                                          /* 0x0000000700087213 */
                                                                                          /* 0x000fe40000000000 */
        /*03c0*/                   SHF.R.S32.HI R7, RZ, 0x1f, R13 ;                       /* 0x0000001fff077819 */
                                                                                          /* 0x000fe2000001140d */
        /*03d0*/                   IMAD.HI.U32 R5, R5, R11, R4 ;                          /* 0x0000000b05057227 */
                                                                                          /* 0x000fc800078e0004 */
        /*03e0*/                   IMAD R7, R7, R0, R6 ;                                  /* 0x0000000007077224 */
                                                                                          /* 0x000fe400078e0206 */
        /*03f0*/                   IMAD.HI.U32 R5, R5, R8, RZ ;                           /* 0x0000000805057227 */
                                                                                          /* 0x000fc800078e00ff */
        /*0400*/                   IMAD.MOV R5, RZ, RZ, -R5 ;                             /* 0x000000ffff057224 */
                                                                                          /* 0x000fc800078e0a05 */
        /*0410*/                   IMAD R4, R9, R5, R8 ;                                  /* 0x0000000509047224 */
                                                                                          /* 0x000fe200078e0208 */
        /*0420*/                   SHF.R.S32.HI R5, RZ, 0x1f, R13 ;                       /* 0x0000001fff057819 */
                                                                                          /* 0x000fc8000001140d */
        /*0430*/                   ISETP.GT.U32.AND P0, PT, R9, R4, PT ;                  /* 0x000000040900720c */
                                                                                          /* 0x000fe40003f04070 */
        /*0440*/                   LEA.HI R6, R5, R13, RZ, 0x7 ;                          /* 0x0000000d05067211 */
                                                                                          /* 0x000fe200078f38ff */
        /*0450*/                   IMAD.MOV.U32 R5, RZ, RZ, RZ ;                          /* 0x000000ffff057224 */
                                                                                          /* 0x000fc600078e00ff */
        /*0460*/                   SHF.R.S32.HI R11, RZ, 0x7, R6 ;                        /* 0x00000007ff0b7819 */
                                                                                          /* 0x000fca0000011406 */
        /*0470*/                   IMAD R10, R10, R11, RZ ;                               /* 0x0000000b0a0a7224 */
                                                                                          /* 0x000fe400078e02ff */
        /*0480*/              @!P0 IMAD.IADD R4, R4, 0x1, -R9 ;                           /* 0x0000000104048824 */
                                                                                          /* 0x000fe200078e0a09 */
        /*0490*/                   ISETP.NE.AND P0, PT, R13, RZ, PT ;                     /* 0x000000ff0d00720c */
                                                                                          /* 0x000fc80003f05270 */
        /*04a0*/                   ISETP.GT.U32.AND P1, PT, R9, R4, PT ;                  /* 0x000000040900720c */
                                                                                          /* 0x000fda0003f24070 */
        /*04b0*/              @!P1 IMAD.IADD R4, R4, 0x1, -R9 ;                           /* 0x0000000104049824 */
                                                                                          /* 0x000fc800078e0a09 */
        /*04c0*/              @!P2 IMAD.MOV R4, RZ, RZ, -R4 ;                             /* 0x000000ffff04a224 */
                                                                                          /* 0x000fe200078e0a04 */
        /*04d0*/              @!P0 LOP3.LUT R4, RZ, R13.reuse, RZ, 0x33, !PT ;            /* 0x0000000dff048212 */
                                                                                          /* 0x080fe400078e33ff */
        /*04e0*/                   ISETP.NE.U32.AND P0, PT, RZ, UR8, PT ;                 /* 0x00000008ff007c0c */
                                                                                          /* 0x002fe2000bf05070 */
        /*04f0*/                   LDCU.64 UR8, c[0x0][0x390] ;                           /* 0x00007200ff0877ac */
                                                                                          /* 0x000e220008000a00 */
        /*0500*/                   SHF.R.U32.HI R14, RZ, 0x3, R4.reuse ;                  /* 0x00000003ff0e7819 */
                                                                                          /* 0x100fe20000011604 */
        /*0510*/                   IMAD.WIDE.U32 R8, R0, R13, R4 ;                        /* 0x0000000d00087225 */
                                                                                          /* 0x000fe200078e0004 */
        /*0520*/                   SHF.R.U32.HI R5, RZ, 0x5, R2 ;                         /* 0x00000005ff057819 */
                                                                                          /* 0x000fe40000011602 */
        /*0530*/                   SHF.R.S32.HI R13, RZ, 0x1f, R11 ;                      /* 0x0000001fff0d7819 */
                                                                                          /* 0x000fe2000001140b */
        /*0540*/                   IMAD.IADD R15, R9, 0x1, R7 ;                           /* 0x00000001090f7824 */
                                                                                          /* 0x000fe200078e0207 */
        /*0550*/                   LOP3.LUT R5, R5, 0x1f, RZ, 0xc0, !PT ;                 /* 0x0000001f05057812 */
                                                                                          /* 0x000fe200078ec0ff */
        /*0560*/                   IMAD.SHL.U32 R9, R8, 0x1000, RZ ;                      /* 0x0000100008097824 */
                                                                                          /* 0x000fc400078e00ff */
        /*0570*/                   IMAD R17, R13, R0, R10 ;                               /* 0x000000000d117224 */
                                                                                          /* 0x000fe200078e020a */
        /*0580*/                   SHF.L.U64.HI R15, R8, 0xc, R15 ;                       /* 0x0000000c080f7819 */
                                                                                          /* 0x000fe2000001020f */
        /*0590*/                   IMAD.WIDE.U32 R6, R5, 0x80, RZ ;                       /* 0x0000008005067825 */
                                                                                          /* 0x000fc800078e00ff */
        /*05a0*/                   IMAD.SHL.U32 R5, R2, 0x10, RZ ;                        /* 0x0000001002057824 */
                                                                                          /* 0x000fe200078e00ff */
        /*05b0*/                   LOP3.LUT R9, R9, R6, RZ, 0xfc, !PT ;                   /* 0x0000000609097212 */
                                                                                          /* 0x000fe200078efcff */
        /*05c0*/                   IMAD.SHL.U32 R10, R4, 0x10, RZ ;                       /* 0x00000010040a7824 */
                                                                                          /* 0x000fe200078e00ff */
        /*05d0*/                   LOP3.LUT R7, R15, R7, RZ, 0xfc, !PT ;                  /* 0x000000070f077212 */
                                                                                          /* 0x000fe200078efcff */
        /*05e0*/                   IMAD.MOV.U32 R13, RZ, RZ, 0x1 ;                        /* 0x00000001ff0d7424 */
                                                                                          /* 0x000fe200078e00ff */
        /*05f0*/                   LOP3.LUT R8, R9, 0x1f, R2, 0xf8, !PT ;                 /* 0x0000001f09087812 */
                                                                                          /* 0x000fe400078ef802 */
        /*0600*/                   LOP3.LUT R5, R5, 0x3e00, RZ, 0xc0, !PT ;               /* 0x00003e0005057812 */
                                                                                          /* 0x000fe400078ec0ff */
        /*0610*/                   IADD3 R8, P1, PT, R8, UR12, RZ ;                       /* 0x0000000c08087c10 */
                                                                                          /* 0x004fe4000ff3e0ff */
        /*0620*/                   LOP3.LUT R12, R5, 0x1f0, R10, 0xf8, !PT ;              /* 0x000001f0050c7812 */
                                                                                          /* 0x000fc400078ef80a */
        /*0630*/                   SHF.R.U32.HI R6, RZ, 0x7, R4 ;                         /* 0x00000007ff067819 */
                                                                                          /* 0x000fe40000011604 */
        /*0640*/                   SEL R13, R13, 0x2, !P0 ;                               /* 0x000000020d0d7807 */
                                                                                          /* 0x000fe40004000000 */
        /*0650*/                   LOP3.LUT R5, R4, 0x1f, RZ, 0xc0, !PT ;                 /* 0x0000001f04057812 */
                                                                                          /* 0x000fe400078ec0ff */
        /*0660*/                   IADD3.X R9, PT, PT, R7, UR13, RZ, P1, !PT ;            /* 0x0000000d07097c10 */
                                                                                          /* 0x000fe20008ffe4ff */
        /*0670*/                   IMAD.MOV.U32 R7, RZ, RZ, RZ ;                          /* 0x000000ffff077224 */
                                                                                          /* 0x000fe200078e00ff */
        /*0680*/                   LOP3.LUT R10, R5, 0x3e0, R2, 0xf8, !PT ;               /* 0x000003e0050a7812 */
                                                                                          /* 0x000fe200078ef802 */
        /*0690*/                   IMAD.WIDE.U32 R6, R11, R0, R6 ;                        /* 0x000000000b067225 */
                                                                                          /* 0x000fe400078e0006 */
        /*06a0*/                   LDG.E.S8 R0, desc[UR6][R8.64] ;                        /* 0x0000000608007981 */
                                                                                          /* 0x0082a4000c1e1300 */
        /*06b0*/                   IMAD.WIDE.U32 R4, R13, 0x20, R8 ;                      /* 0x000000200d047825 */
                                                                                          /* 0x000fe200078e0008 */
        /*06c0*/                   LOP3.LUT R14, R14, 0xc, RZ, 0xc0, !PT ;                /* 0x0000000c0e0e7812 */
                                                                                          /* 0x000fc600078ec0ff */
        /*06d0*/                   IMAD.SHL.U32 R15, R6, 0x4000, RZ ;                     /* 0x00004000060f7824 */
                                                                                          /* 0x000fe400078e00ff */
        /*06e0*/                   IMAD.WIDE.U32 R10, R10, 0x10, RZ ;                     /* 0x000000100a0a7825 */
                                                                                          /* 0x000fe200078e00ff */
        /*06f0*/                   LDG.E.S8 R4, desc[UR6][R4.64] ;                        /* 0x0000000604047981 */
                                                                                          /* 0x0004e6000c1e1300 */
        /*0700*/                   IMAD.IADD R17, R7, 0x1, R17 ;                          /* 0x0000000107117824 */
                                                                                          /* 0x000fe200078e0211 */
        /*0710*/                   LOP3.LUT R12, R14, R15, R12, 0xfe, !PT ;               /* 0x0000000f0e0c7212 */
                                                                                          /* 0x000fe400078efe0c */
        /*0720*/                   LOP3.LUT R7, R15, R10, RZ, 0xfc, !PT ;                 /* 0x0000000a0f077212 */
                                                                                          /* 0x000fe400078efcff */
        /*0730*/                   SHF.L.U64.HI R15, R6, 0xe, R17 ;                       /* 0x0000000e060f7819 */
                                                                                          /* 0x000fc40000010211 */
        /*0740*/                   IADD3 R6, P0, PT, R12, UR14, RZ ;                      /* 0x0000000e0c067c10 */
                                                                                          /* 0x000fe4000ff1e0ff */
        /*0750*/                   LOP3.LUT R13, R7, R14, R13, 0xfe, !PT ;                /* 0x0000000e070d7212 */
                                                                                          /* 0x000fe400078efe0d */
        /*0760*/                   IADD3.X R7, PT, PT, R15.reuse, UR15, RZ, P0, !PT ;     /* 0x0000000f0f077c10 */
                                                                                          /* 0x040fe400087fe4ff */
        /*0770*/                   LOP3.LUT R10, R15, R11, RZ, 0xfc, !PT ;                /* 0x0000000b0f0a7212 */
                                                                                          /* 0x000fe400078efcff */
        /*0780*/                   IADD3 R8, P1, PT, R13, UR14, RZ ;                      /* 0x0000000e0d087c10 */
                                                                                          /* 0x002fe2000ff3e0ff */
        /*0790*/                   LDG.E.U8 R6, desc[UR6][R6.64] ;                        /* 0x0000000606067981 */
                                                                                          /* 0x000f26000c1e1100 */
        /*07a0*/                   IADD3.X R9, PT, PT, R10, UR15, RZ, P1, !PT ;           /* 0x0000000f0a097c10 */
                                                                                          /* 0x000fca0008ffe4ff */
        /*07b0*/                   LDG.E.U8 R8, desc[UR6][R8.64] ;                        /* 0x0000000608087981 */
                                                                                          /* 0x000f62000c1e1100 */
        /*07c0*/                   LOP3.LUT R5, R0, 0xffff, RZ, 0xc0, !PT ;               /* 0x0000ffff00057812 */
                                                                                          /* 0x004fc800078ec0ff */
        /*07d0*/                   SHF.R.U32.HI R5, RZ, 0x3, R5 ;                         /* 0x00000003ff057819 */
                                                                                          /* 0x000fe40000011605 */
        /*07e0*/                   LOP3.LUT R12, R4, 0xffff, RZ, 0xc0, !PT ;              /* 0x0000ffff040c7812 */
                                                                                          /* 0x008fe400078ec0ff */
        /*07f0*/                   LOP3.LUT R10, R5, 0xf, RZ, 0xc0, !PT ;                 /* 0x0000000f050a7812 */
                                                                                          /* 0x000fe400078ec0ff */
        /*0800*/                   SHF.R.U32.HI R12, RZ, 0x3, R12 ;                       /* 0x00000003ff0c7819 */
                                                                                          /* 0x000fe4000001160c */
        /*0810*/                   IMNMX.U32 R10, R10, 0x1, !PT ;                         /* 0x000000010a0a7817 */
                                                                                          /* 0x000fe40007ffe000 */
        /*0820*/                   LOP3.LUT R13, R12, 0xf, RZ, 0xc0, !PT ;                /* 0x0000000f0c0d7812 */
                                                                                          /* 0x000fc400078ec0ff */
        /*0830*/                   LOP3.LUT R11, R10, 0xffff, RZ, 0xc0, !PT ;             /* 0x0000ffff0a0b7812 */
                                                                                          /* 0x000fe400078ec0ff */
        /*0840*/                   IMNMX.U32 R13, R13, 0x1, !PT ;                         /* 0x000000010d0d7817 */
                                                                                          /* 0x000fc80007ffe000 */
        /*0850*/                   LOP3.LUT R13, R13, 0xffff, RZ, 0xc0, !PT ;             /* 0x0000ffff0d0d7812 */
                                                                                          /* 0x000fe200078ec0ff */
        /*0860*/                   IMAD.IADD R6, R6, 0x1, R11 ;                           /* 0x0000000106067824 */
                                                                                          /* 0x010fca00078e020b */
        /*0870*/                   IADD3 R7, PT, PT, R6, -0x89, RZ ;                      /* 0xffffff7706077810 */
                                                                                          /* 0x000fe20007ffe0ff */
        /*0880*/                   IMAD.IADD R13, R8, 0x1, R13 ;                          /* 0x00000001080d7824 */
                                                                                          /* 0x020fc600078e020d */
        /*0890*/                   IABS R8, R7 ;                                          /* 0x0000000700087213 */
                                                                                          /* 0x000fe40000000000 */
        /*08a0*/                   IADD3 R7, PT, PT, R13, -0x89, RZ ;                     /* 0xffffff770d077810 */
                                                                                          /* 0x000fc80007ffe0ff */
        /*08b0*/                   IABS R7, R7 ;                                          /* 0x0000000700077213 */
                                                                                          /* 0x000fe40000000000 */
        /*08c0*/                   ISETP.GE.U32.AND P1, PT, R8, 0x65, PT ;                /* 0x000000650800780c */
                                                                                          /* 0x000fe40003f26070 */
        /*08d0*/                   LOP3.LUT P2, RZ, R5, 0xf, RZ, 0xc0, !PT ;              /* 0x0000000f05ff7812 */
                                                                                          /* 0x000fe2000784c0ff */
        /*08e0*/                   IMAD.MOV.U32 R8, RZ, RZ, R7 ;                          /* 0x000000ffff087224 */
                                                                                          /* 0x000fe200078e0007 */
        /*08f0*/                   IADD3 R7, PT, PT, R6, 0x173, RZ ;                      /* 0x0000017306077810 */
                                                                                          /* 0x000fe40007ffe0ff */
        /*0900*/                   SEL R5, RZ, 0x8, !P2 ;                                 /* 0x00000008ff057807 */
                                                                                          /* 0x000fe40005000000 */
        /*0910*/                   LOP3.LUT P3, RZ, R12, 0xf, RZ, 0xc0, !PT ;             /* 0x0000000f0cff7812 */
                                                                                          /* 0x000fc4000786c0ff */
        /*0920*/                   ISETP.GE.U32.AND P0, PT, R8, 0x65, PT ;                /* 0x000000650800780c */
                                                                                          /* 0x000fe40003f06070 */
        /*0930*/                   IADD3 R8, PT, PT, R6, -0xa, RZ ;                       /* 0xfffffff606087810 */
                                                                                          /* 0x000fe40007ffe0ff */
        /*0940*/                   SHF.R.U32.HI R6, RZ, 0x2, R7 ;                         /* 0x00000002ff067819 */
                                                                                          /* 0x000fe40000011607 */
        /*0950*/                   ISETP.GE.AND P2, PT, R0, RZ, PT ;                      /* 0x000000ff0000720c */
                                                                                          /* 0x000fe40003f46270 */
        /*0960*/                   LOP3.LUT R5, R5, 0x7, R0, 0xf8, !PT ;                  /* 0x0000000705057812 */
                                                                                          /* 0x000fe400078ef800 */
        /*0970*/                   SEL R9, RZ, 0x8, !P3 ;                                 /* 0x00000008ff097807 */
                                                                                          /* 0x000fc40005800000 */
        /*0980*/                   IADD3 R0, PT, PT, R13, 0x173, RZ ;                     /* 0x000001730d007810 */
                                                                                          /* 0x000fe20007ffe0ff */
        /*0990*/               @P1 IMAD R8, R6, 0x1fd, R7 ;                               /* 0x000001fd06081824 */
                                                                                          /* 0x000fe200078e0207 */
        /*09a0*/                   LOP3.LUT R9, R9, 0x7, R4, 0xf8, !PT ;                  /* 0x0000000709097812 */
                                                                                          /* 0x000fe400078ef804 */
        /*09b0*/                   SHF.R.U32.HI R7, RZ, 0x2, R0.reuse ;                   /* 0x00000002ff077819 */
                                                                                          /* 0x100fe40000011600 */
        /*09c0*/                   IADD3 R13, PT, PT, R13, -0xa, RZ ;                     /* 0xfffffff60d0d7810 */
                                                                                          /* 0x000fe40007ffe0ff */
        /*09d0*/                   ISETP.GE.AND P3, PT, R4, RZ, PT ;                      /* 0x000000ff0400720c */
                                                                                          /* 0x000fe20003f66270 */
        /*09e0*/               @P0 IMAD R13, R7, 0x1fd, R0 ;                              /* 0x000001fd070d0824 */
                                                                                          /* 0x000fe200078e0200 */
        /*09f0*/                   I2FP.F32.U32 R5, R5 ;                                  /* 0x0000000500057245 */
                                                                                          /* 0x000fc40000201000 */
        /*0a00*/                   I2FP.F32.U32 R9, R9 ;                                  /* 0x0000000900097245 */
                                                                                          /* 0x000fe20000201000 */
        /*0a10*/                   IMAD.SHL.U32 R6, R6, 0x800000, RZ ;                    /* 0x0080000006067824 */
                                                                                          /* 0x000fe200078e00ff */
        /*0a20*/                   FSEL R5, -R5, R5, !P2 ;                                /* 0x0000000505057208 */
                                                                                          /* 0x000fe20005000100 */
        /*0a30*/                   IMAD.SHL.U32 R7, R7, 0x800000, RZ ;                    /* 0x0080000007077824 */
                                                                                          /* 0x000fe200078e00ff */
        /*0a40*/                   FSEL R9, -R9, R9, !P3 ;                                /* 0x0000000909097208 */
                                                                                          /* 0x000fe20005800100 */
        /*0a50*/                   IMAD.SHL.U32 R8, R8, 0x800000, RZ ;                    /* 0x0080000008087824 */
                                                                                          /* 0x000fe400078e00ff */
        /*0a60*/                   IMAD.SHL.U32 R0, R13, 0x800000, RZ ;                   /* 0x008000000d007824 */
                                                                                          /* 0x000fe200078e00ff */
        /*0a70*/                   SEL R6, R6, 0x3f800000, P1 ;                           /* 0x3f80000006067807 */
                                                                                          /* 0x000fe20000800000 */
        /*0a80*/                   FMUL R5, R5, R8 ;                                      /* 0x0000000805057220 */
                                                                                          /* 0x000fe20000400000 */
        /*0a90*/                   SEL R7, R7, 0x3f800000, P0 ;                           /* 0x3f80000007077807 */
                                                                                          /* 0x000fe20000000000 */
        /*0aa0*/                   FMUL R0, R9, R0 ;                                      /* 0x0000000009007220 */
                                                                                          /* 0x000fc40000400000 */
        /*0ab0*/                   FMUL R5, R6.reuse, R5 ;                                /* 0x0000000506057220 */
                                                                                          /* 0x040fe40000400000 */
        /*0ac0*/                   FMUL R0, R7.reuse, R0 ;                                /* 0x0000000007007220 */
                                                                                          /* 0x040fe40000400000 */
        /*0ad0*/                   FMUL R5, R6.reuse, R5 ;                                /* 0x0000000506057220 */
                                                                                          /* 0x040fe40000400000 */
        /*0ae0*/                   FMUL R0, R7.reuse, R0 ;                                /* 0x0000000007007220 */
                                                                                          /* 0x040fe40000400000 */
        /*0af0*/                   FMUL R5, R6, R5 ;                                      /* 0x0000000506057220 */
                                                                                          /* 0x000fe40000400000 */
        /*0b00*/                   FMUL R0, R7, R0 ;                                      /* 0x0000000007007220 */
                                                                                          /* 0x000fe20000400000 */
        /*0b10*/                   LEA R4, P0, R2, UR8, 0x1 ;                             /* 0x0000000802047c11 */
                                                                                          /* 0x001fc6000f8008ff */
        /*0b20*/                   FADD R0, R5, R0 ;                                      /* 0x0000000005007221 */
                                                                                          /* 0x000fe20000000000 */
        /*0b30*/                   LEA.HI.X R5, R2, UR9, R3, 0x1, P0 ;                    /* 0x0000000902057c11 */
                                                                                          /* 0x000fc800080f0c03 */
        /*0b40*/                   F2FP.BF16.F32.PACK_AB R0, RZ, R0 ;                     /* 0x00000000ff00723e */
                                                                                          /* 0x000fca00000010ff */
        /*0b50*/                   STG.E.U16 desc[UR6][R4.64], R0 ;                       /* 0x0000000004007986 */
                                                                                          /* 0x000fe2000c101506 */
        /*0b60*/                   EXIT ;                                                 /* 0x000000000000794d */
                                                                                          /* 0x000fea0003800000 */
        /*0b70*/                   UIADD3 UR6, UP1, UPT, URZ, -UR4, URZ ;                 /* 0x80000004ff067290 */
                                                                                          /* 0x000fe2000ff3e0ff */
        /*0b80*/                   ISETP.GE.AND P3, PT, R3, RZ, PT ;                      /* 0x000000ff0300720c */
                                                                                          /* 0x000fe20003f66270 */
        /*0b90*/                   UISETP.GE.AND UP0, UPT, UR5, URZ, UPT ;                /* 0x000000ff0500728c */
                                                                                          /* 0x000fe4000bf06270 */
        /*0ba0*/                   UIADD3.X UR7, UPT, UPT, URZ, ~UR5, URZ, UP1, !UPT ;    /* 0x80000005ff077290 */
                                                                                          /* 0x000fe40008ffe4ff */
        /*0bb0*/                   USEL UR6, UR6, UR4, !UP0 ;                             /* 0x0000000406067287 */
                                                                                          /* 0x000fe4000c000000 */
        /*0bc0*/                   USEL UR7, UR7, UR5, !UP0 ;                             /* 0x0000000507077287 */
                                                                                          /* 0x000fd2000c000000 */
        /*0bd0*/                   I2F.U64.RP R8, UR6 ;                                   /* 0x0000000600087d12 */
                                                                                          /* 0x000e240008309000 */
        /*0be0*/                   MUFU.RCP R8, R8 ;                                      /* 0x0000000800087308 */
                                                                                          /* 0x001e240000001000 */
        /*0bf0*/                   IADD3 R4, PT, PT, R8, 0x1ffffffe, RZ ;                 /* 0x1ffffffe08047810 */
                                                                                          /* 0x001fde0007ffe0ff */
        /*0c00*/                   NOP ;                                                  /* 0x0000000000007918 */
                                                                                          /* 0x000fde0000000000 */
        /*0c10*/                   NOP ;                                                  /* 0x0000000000007918 */
                                                                                          /* 0x000fde0000000000 */
        /*0c20*/                   NOP ;                                                  /* 0x0000000000007918 */
                                                                                          /* 0x000fde0000000000 */
        /*0c30*/                   F2I.U64.TRUNC R4, R4 ;                                 /* 0x0000000400047311 */
                                                                                          /* 0x000e24000020d800 */
        /*0c40*/                   IMAD.WIDE.U32 R6, R4, UR6, RZ ;                        /* 0x0000000604067c25 */
                                                                                          /* 0x001fc8000f8e00ff */
        /*0c50*/                   IMAD R7, R4, UR7, R7 ;                                 /* 0x0000000704077c24 */
                                                                                          /* 0x000fe2000f8e0207 */
        /*0c60*/                   IADD3 R9, P0, PT, RZ, -R6, RZ ;                        /* 0x80000006ff097210 */
                                                                                          /* 0x000fc60007f1e0ff */
        /*0c70*/                   IMAD R7, R5, UR6, R7 ;                                 /* 0x0000000605077c24 */
                                                                                          /* 0x000fe4000f8e0207 */
        /*0c80*/                   IMAD.HI.U32 R6, R4, R9, RZ ;                           /* 0x0000000904067227 */
                                                                                          /* 0x000fc800078e00ff */
        /*0c90*/                   IMAD.X R11, RZ, RZ, ~R7, P0 ;                          /* 0x000000ffff0b7224 */
                                                                                          /* 0x000fe400000e0e07 */
        /*0ca0*/                   IMAD.MOV.U32 R7, RZ, RZ, R4 ;                          /* 0x000000ffff077224 */
                                                                                          /* 0x000fe400078e0004 */
        /*0cb0*/                   IMAD R13, R5, R11.reuse, RZ ;                          /* 0x0000000b050d7224 */
                                                                                          /* 0x080fe400078e02ff */
        /*0cc0*/                   IMAD.WIDE.U32 R6, P0, R4, R11, R6 ;                    /* 0x0000000b04067225 */
                                                                                          /* 0x000fc80007800006 */
        /*0cd0*/                   IMAD.HI.U32 R11, R5, R11, RZ ;                         /* 0x0000000b050b7227 */
                                                                                          /* 0x000fc800078e00ff */
        /*0ce0*/                   IMAD.HI.U32 R6, P1, R5, R9, R6 ;                       /* 0x0000000905067227 */
                                                                                          /* 0x000fca0007820006 */
        /*0cf0*/                   IADD3 R7, P2, PT, R13, R6, RZ ;                        /* 0x000000060d077210 */
                                                                                          /* 0x000fe20007f5e0ff */
        /*0d00*/                   IMAD.X R6, R11, 0x1, R5, P0 ;                          /* 0x000000010b067824 */
                                                                                          /* 0x000fc800000e0605 */
        /*0d10*/                   IMAD.WIDE.U32 R4, R7, UR6, RZ ;                        /* 0x0000000607047c25 */
                                                                                          /* 0x000fe2000f8e00ff */
        /*0d20*/                   IADD3.X R9, PT, PT, RZ, RZ, R6, P2, P1 ;               /* 0x000000ffff097210 */
                                                                                          /* 0x000fc600017e2406 */
        /*0d30*/                   IMAD R6, R7, UR7, R5 ;                                 /* 0x0000000707067c24 */
                                                                                          /* 0x000fe2000f8e0205 */
        /*0d40*/                   IADD3 R11, P0, PT, RZ, -R4, RZ ;                       /* 0x80000004ff0b7210 */
                                                                                          /* 0x000fe40007f1e0ff */
        /*0d50*/                   IADD3 R5, P4, PT, RZ, -R2.reuse, RZ ;                  /* 0x80000002ff057210 */
                                                                                          /* 0x080fe20007f9e0ff */
        /*0d60*/                   IMAD R4, R9, UR6, R6 ;                                 /* 0x0000000609047c24 */
                                                                                          /* 0x000fe4000f8e0206 */
        /*0d70*/                   IMAD.HI.U32 R6, R7, R11, RZ ;                          /* 0x0000000b07067227 */
                                                                                          /* 0x000fe200078e00ff */
        /*0d80*/                   SEL R10, R5, R2, !P3 ;                                 /* 0x00000002050a7207 */
                                                                                          /* 0x000fc60005800000 */
        /*0d90*/                   IMAD.X R4, RZ, RZ, ~R4, P0 ;                           /* 0x000000ffff047224 */
                                                                                          /* 0x000fe400000e0e04 */
        /*0da0*/                   IMAD.X R5, RZ, RZ, ~R3, P4 ;                           /* 0x000000ffff057224 */
                                                                                          /* 0x000fe400020e0e03 */
        /*0db0*/                   IMAD.WIDE.U32 R6, P0, R7, R4, R6 ;                     /* 0x0000000407067225 */
                                                                                          /* 0x000fc60007800006 */
        /*0dc0*/                   SEL R8, R5, R3, !P3 ;                                  /* 0x0000000305087207 */
                                                                                          /* 0x000fe20005800000 */
        /*0dd0*/                   IMAD.MOV.U32 R5, RZ, RZ, RZ ;                          /* 0x000000ffff057224 */
                                                                                          /* 0x000fe400078e00ff */
        /*0de0*/                   IMAD.HI.U32 R7, P1, R9, R11, R6 ;                      /* 0x0000000b09077227 */
                                                                                          /* 0x000fc80007820006 */
        /*0df0*/                   IMAD R6, R9.reuse, R4.reuse, RZ ;                      /* 0x0000000409067224 */
                                                                                          /* 0x0c0fe400078e02ff */
        /*0e00*/                   IMAD.HI.U32 R4, R9, R4, RZ ;                           /* 0x0000000409047227 */
                                                                                          /* 0x000fc600078e00ff */
        /*0e10*/                   IADD3 R7, P2, PT, R6, R7, RZ ;                         /* 0x0000000706077210 */
                                                                                          /* 0x000fe20007f5e0ff */
        /*0e20*/                   IMAD.X R9, R4, 0x1, R9, P0 ;                           /* 0x0000000104097824 */
                                                                                          /* 0x000fc800000e0609 */
        /*0e30*/                   IMAD.HI.U32 R4, R7, R10, RZ ;                          /* 0x0000000a07047227 */
                                                                                          /* 0x000fe200078e00ff */
        /*0e40*/                   IADD3.X R9, PT, PT, RZ, RZ, R9, P2, P1 ;               /* 0x000000ffff097210 */
                                                                                          /* 0x000fc600017e2409 */
        /*0e50*/                   IMAD.WIDE.U32 R4, R7, R8, R4 ;                         /* 0x0000000807047225 */
                                                                                          /* 0x000fc800078e0004 */
        /*0e60*/                   IMAD R7, R9.reuse, R8, RZ ;                            /* 0x0000000809077224 */
                                                                                          /* 0x040fe400078e02ff */
        /*0e70*/                   IMAD.HI.U32 R4, P0, R9, R10, R4 ;                      /* 0x0000000a09047227 */
                                                                                          /* 0x000fc80007800004 */
        /*0e80*/                   IMAD.HI.U32 R6, R9, R8, RZ ;                           /* 0x0000000809067227 */
                                                                                          /* 0x000fe200078e00ff */
        /*0e90*/                   IADD3 R7, P1, PT, R7, R4, RZ ;                         /* 0x0000000407077210 */
                                                                                          /* 0x000fc60007f3e0ff */
        /*0ea0*/                   IMAD.X R6, RZ, RZ, R6, P0 ;                            /* 0x000000ffff067224 */
                                                                                          /* 0x000fe400000e0606 */
        /*0eb0*/                   IMAD.WIDE.U32 R4, R7, UR6, RZ ;                        /* 0x0000000607047c25 */
                                                                                          /* 0x000fc8000f8e00ff */
        /*0ec0*/                   IMAD.X R6, RZ, RZ, R6, P1 ;                            /* 0x000000ffff067224 */
                                                                                          /* 0x000fe200008e0606 */
        /*0ed0*/                   IADD3 R10, P1, PT, -R4, R10, RZ ;                      /* 0x0000000a040a7210 */
                                                                                          /* 0x000fe20007f3e1ff */
        /*0ee0*/                   IMAD R5, R7.reuse, UR7, R5 ;                           /* 0x0000000707057c24 */
                                                                                          /* 0x040fe2000f8e0205 */
        /*0ef0*/                   IADD3 R4, PT, PT, R7, 0x1, RZ ;                        /* 0x0000000107047810 */
                                                                                          /* 0x000fe40007ffe0ff */
        /*0f00*/                   ISETP.GE.U32.AND P0, PT, R10, UR6, PT ;                /* 0x000000060a007c0c */
                                                                                          /* 0x000fe2000bf06070 */
        /*0f10*/                   IMAD R5, R6, UR6, R5 ;                                 /* 0x0000000606057c24 */
                                                                                          /* 0x000fc8000f8e0205 */
        /*0f20*/                   IMAD.X R9, R8, 0x1, ~R5, P1 ;                          /* 0x0000000108097824 */
                                                                                          /* 0x000fe200008e0e05 */
        /*0f30*/                   IADD3 R5, P1, PT, R10, -UR6, RZ ;                      /* 0x800000060a057c10 */
                                                                                          /* 0x000fc8000ff3e0ff */
        /*0f40*/                   ISETP.GE.U32.AND.EX P0, PT, R9.reuse, UR7, PT, P0 ;    /* 0x0000000709007c0c */
                                                                                          /* 0x040fe4000bf06100 */
        /*0f50*/                   IADD3.X R8, PT, PT, R9, ~UR7, RZ, P1, !PT ;            /* 0x8000000709087c10 */
                                                                                          /* 0x000fe40008ffe4ff */
        /*0f60*/                   SEL R5, R5, R10, P0 ;                                  /* 0x0000000a05057207 */
                                                                                          /* 0x000fe40000000000 */
        /*0f70*/                   SEL R8, R8, R9, P0 ;                                   /* 0x0000000908087207 */
                                                                                          /* 0x000fe40000000000 */
        /*0f80*/                   SEL R7, R4, R7, P0 ;                                   /* 0x0000000704077207 */
                                                                                          /* 0x000fe40000000000 */
        /*0f90*/                   ISETP.GE.U32.AND P0, PT, R5, UR6, PT ;                 /* 0x0000000605007c0c */
                                                                                          /* 0x000fc4000bf06070 */
        /*0fa0*/                   IADD3 R6, PT, PT, R7, 0x1, RZ ;                        /* 0x0000000107067810 */
                                                                                          /* 0x000fe40007ffe0ff */
        /*0fb0*/                   ISETP.GE.U32.AND.EX P0, PT, R8, UR7, PT, P0 ;          /* 0x0000000708007c0c */
                                                                                          /* 0x000fe4000bf06100 */
        /*0fc0*/                   LOP3.LUT R4, R3, UR5, RZ, 0x3c, !PT ;                  /* 0x0000000503047c12 */
                                                                                          /* 0x000fe4000f8e3cff */
        /*0fd0*/                   SEL R6, R6, R7, P0 ;                                   /* 0x0000000706067207 */
                                                                                          /* 0x000fe40000000000 */
        /*0fe0*/                   ISETP.GE.AND P1, PT, R4, RZ, PT ;                      /* 0x000000ff0400720c */
                                                                                          /* 0x000fe20003f26270 */
        /*0ff0*/                   IMAD.MOV.U32 R4, RZ, RZ, R0 ;                          /* 0x000000ffff047224 */
                                                                                          /* 0x000fe200078e0000 */
        /*1000*/                   ISETP.NE.U32.AND P0, PT, RZ, UR4, PT ;                 /* 0x00000004ff007c0c */
                                                                                          /* 0x000fe2000bf05070 */
        /*1010*/                   IMAD.MOV R5, RZ, RZ, -R6 ;                             /* 0x000000ffff057224 */
                                                                                          /* 0x000fc600078e0a06 */
        /*1020*/                   ISETP.NE.AND.EX P0, PT, RZ, UR5, PT, P0 ;              /* 0x00000005ff007c0c */
                                                                                          /* 0x000fe4000bf05300 */
        /*1030*/                   SEL R6, R5, R6, !P1 ;                                  /* 0x0000000605067207 */
                                                                                          /* 0x000fe20004800000 */
        /*1040*/                   IMAD.MOV.U32 R5, RZ, RZ, 0x0 ;                         /* 0x00000000ff057424 */
                                                                                          /* 0x000fc600078e00ff */
        /*1050*/                   SEL R6, R6, 0xffffffff, P0 ;                           /* 0xffffffff06067807 */
                                                                                          /* 0x000fe20000000000 */
        /*1060*/                   RET.REL.NODEC R4 0x0 ;                                 /* 0xffffffec04e47950 */
                                                                                          /* 0x000fec0003c3ffff */
        /*1070*/                   BRA 0x1070;                                            /* 0xfffffffc00fc7947 */
                                                                                          /* 0x000fc0000383ffff */
        /*1080*/                   NOP;                                                   /* 0x0000000000007918 */
                                                                                          /* 0x000fc00000000000 */
        /*1090*/                   NOP;                                                   /* 0x0000000000007918 */
                                                                                          /* 0x000fc00000000000 */
        /*10a0*/                   NOP;                                                   /* 0x0000000000007918 */
                                                                                          /* 0x000fc00000000000 */
        /*10b0*/                   NOP;                                                   /* 0x0000000000007918 */
                                                                                          /* 0x000fc00000000000 */
        /*10c0*/                   NOP;                                                   /* 0x0000000000007918 */
                                                                                          /* 0x000fc00000000000 */
        /*10d0*/                   NOP;                                                   /* 0x0000000000007918 */
                                                                                          /* 0x000fc00000000000 */
        /*10e0*/                   NOP;                                                   /* 0x0000000000007918 */
                                                                                          /* 0x000fc00000000000 */
        /*10f0*/                   NOP;                                                   /* 0x0000000000007918 */
                                                                                          /* 0x000fc00000000000 */
		..........


		Function : _ZN3cub17_V_300200_SM_11006detail11EmptyKernelIvEEvv
	.headerflags	@"EF_CUDA_SM110 EF_CUDA_VIRTUAL_SM(EF_CUDA_SM110)"
        /*0000*/                   LDC R1, c[0x0][0x37c] ;                                /* 0x0000df00ff017b82 */
                                                                                          /* 0x000fe20000000800 */
        /*0010*/                   EXIT ;                                                 /* 0x000000000000794d */
                                                                                          /* 0x000fea0003800000 */
        /*0020*/                   BRA 0x20;                                              /* 0xfffffffc00fc7947 */
                                                                                          /* 0x000fc0000383ffff */
        /*0030*/                   NOP;                                                   /* 0x0000000000007918 */
                                                                                          /* 0x000fc00000000000 */
        /*0040*/                   NOP;                                                   /* 0x0000000000007918 */
                                                                                          /* 0x000fc00000000000 */
        /*0050*/                   NOP;                                                   /* 0x0000000000007918 */
                                                                                          /* 0x000fc00000000000 */
        /*0060*/                   NOP;                                                   /* 0x0000000000007918 */
                                                                                          /* 0x000fc00000000000 */
        /*0070*/                   NOP;                                                   /* 0x0000000000007918 */
                                                                                          /* 0x000fc00000000000 */
        /*0080*/                   NOP;                                                   /* 0x0000000000007918 */
                                                                                          /* 0x000fc00000000000 */
        /*0090*/                   NOP;                                                   /* 0x0000000000007918 */
                                                                                          /* 0x000fc00000000000 */
        /*00a0*/                   NOP;                                                   /* 0x0000000000007918 */
                                                                                          /* 0x000fc00000000000 */
        /*00b0*/                   NOP;                                                   /* 0x0000000000007918 */
                                                                                          /* 0x000fc00000000000 */
        /*00c0*/                   NOP;                                                   /* 0x0000000000007918 */
                                                                                          /* 0x000fc00000000000 */
        /*00d0*/                   NOP;                                                   /* 0x0000000000007918 */
                                                                                          /* 0x000fc00000000000 */
        /*00e0*/                   NOP;                                                   /* 0x0000000000007918 */
                                                                                          /* 0x000fc00000000000 */
        /*00f0*/                   NOP;                                                   /* 0x0000000000007918 */
                                                                                          /* 0x000fc00000000000 */
		..........


